metric,unix_ts,value
gpu_util_pct,1788782034.0,0.0
gpu_util_pct,1788782035.0,0.0
gpu_util_pct,1788782036.0,0.0
gpu_util_pct,1788782037.0,0.0
gpu_util_pct,1788782038.0,0.0
gpu_util_pct,1788782039.0,0.0
gpu_util_pct,1788782040.0,0.0
gpu_util_pct,1788782041.0,0.0
gpu_util_pct,1788782042.0,0.0
gpu_util_pct,1788782043.0,0.0
gpu_util_pct,1788782044.0,0.0
gpu_util_pct,1788782045.0,0.0
gpu_util_pct,1788782046.0,0.0
gpu_util_pct,1788782047.0,0.0
gpu_util_pct,1788782048.0,0.0
gpu_util_pct,1788782049.0,0.0
gpu_util_pct,1788782050.0,0.0
gpu_util_pct,1788782051.0,0.0
gpu_util_pct,1788782052.0,0.0
gpu_util_pct,1788782053.0,0.0
gpu_util_pct,1788782054.0,0.0
gpu_util_pct,1788782055.0,0.0
gpu_util_pct,1788782056.0,0.0
gpu_util_pct,1788782057.0,0.0
gpu_util_pct,1788782058.0,0.0
gpu_util_pct,1788782059.0,0.0
gpu_util_pct,1788782060.0,0.0
gpu_util_pct,1788782061.0,0.0
gpu_util_pct,1788782062.0,0.0
gpu_util_pct,1788782063.0,0.0
gpu_util_pct,1788782064.0,0.0
gpu_util_pct,1788782065.0,0.0
gpu_util_pct,1788782066.0,0.0
gpu_util_pct,1788782067.0,0.0
gpu_util_pct,1788782068.0,0.0
gpu_util_pct,1788782069.0,0.0
gpu_util_pct,1788782070.0,0.0
gpu_util_pct,1788782071.0,100.0
gpu_util_pct,1788782072.0,95.0
gpu_util_pct,1788782073.0,94.0
gpu_util_pct,1788782074.0,100.0
gpu_util_pct,1788782075.0,100.0
gpu_util_pct,1788782076.0,93.0
gpu_util_pct,1788782077.0,97.0
gpu_util_pct,1788782078.0,100.0
gpu_util_pct,1788782079.0,99.0
gpu_util_pct,1788782080.0,92.0
gpu_util_pct,1788782081.0,94.0
gpu_util_pct,1788782082.0,100.0
gpu_util_pct,1788782083.0,100.0
gpu_util_pct,1788782084.0,94.0
gpu_util_pct,1788782085.0,100.0
gpu_util_pct,1788782086.0,100.0
gpu_util_pct,1788782087.0,100.0
gpu_util_pct,1788782088.0,89.0
gpu_util_pct,1788782089.0,99.0
gpu_util_pct,1788782090.0,99.0
gpu_util_pct,1788782091.0,92.0
gpu_util_pct,1788782092.0,93.0
gpu_util_pct,1788782093.0,100.0
gpu_util_pct,1788782094.0,100.0
gpu_util_pct,1788782095.0,93.0
gpu_util_pct,1788782096.0,93.0
gpu_util_pct,1788782097.0,99.0
gpu_util_pct,1788782098.0,100.0
gpu_util_pct,1788782099.0,93.0
gpu_util_pct,1788782100.0,0.0
gpu_util_pct,1788782101.0,0.0
gpu_util_pct,1788782102.0,0.0
gpu_util_pct,1788782103.0,0.0
gpu_util_pct,1788782104.0,0.0
gpu_util_pct,1788782105.0,0.0
gpu_util_pct,1788782106.0,0.0
gpu_util_pct,1788782107.0,0.0
gpu_util_pct,1788782108.0,0.0
gpu_util_pct,1788782109.0,0.0
gpu_util_pct,1788782110.0,0.0
gpu_util_pct,1788782111.0,0.0
gpu_util_pct,1788782112.0,0.0
gpu_util_pct,1788782113.0,0.0
gpu_util_pct,1788782114.0,0.0
gpu_util_pct,1788782115.0,0.0
gpu_util_pct,1788782116.0,0.0
gpu_util_pct,1788782117.0,0.0
gpu_util_pct,1788782118.0,0.0
gpu_util_pct,1788782119.0,0.0
gpu_util_pct,1788782120.0,0.0
gpu_util_pct,1788782121.0,0.0
gpu_util_pct,1788782122.0,0.0
gpu_util_pct,1788782123.0,0.0
gpu_util_pct,1788782124.0,0.0
gpu_util_pct,1788782125.0,0.0
gpu_util_pct,1788782126.0,100.0
gpu_util_pct,1788782127.0,100.0
gpu_util_pct,1788782128.0,99.0
gpu_util_pct,1788782129.0,99.0
gpu_util_pct,1788782130.0,96.0
gpu_util_pct,1788782131.0,100.0
gpu_util_pct,1788782132.0,97.0
gpu_util_pct,1788782133.0,100.0
gpu_util_pct,1788782134.0,99.0
gpu_util_pct,1788782135.0,99.0
gpu_util_pct,1788782136.0,99.0
gpu_util_pct,1788782137.0,95.0
gpu_util_pct,1788782138.0,100.0
gpu_util_pct,1788782139.0,99.0
gpu_util_pct,1788782140.0,99.0
gpu_util_pct,1788782141.0,99.0
gpu_util_pct,1788782142.0,98.0
gpu_util_pct,1788782143.0,100.0
gpu_util_pct,1788782144.0,100.0
gpu_util_pct,1788782145.0,100.0
gpu_util_pct,1788782146.0,100.0
gpu_util_pct,1788782147.0,96.0
gpu_util_pct,1788782148.0,100.0
gpu_util_pct,1788782149.0,100.0
gpu_util_pct,1788782150.0,99.0
gpu_util_pct,1788782151.0,97.0
gpu_util_pct,1788782152.0,100.0
gpu_util_pct,1788782153.0,100.0
gpu_util_pct,1788782154.0,99.0
gpu_util_pct,1788782155.0,99.0
gpu_util_pct,1788782156.0,82.0
gpu_util_pct,1788782157.0,0.0
gpu_util_pct,1788782158.0,0.0
gpu_util_pct,1788782159.0,0.0
gpu_util_pct,1788782160.0,0.0
gpu_util_pct,1788782161.0,0.0
gpu_util_pct,1788782162.0,0.0
gpu_util_pct,1788782163.0,0.0
gpu_util_pct,1788782164.0,0.0
gpu_util_pct,1788782165.0,0.0
gpu_util_pct,1788782166.0,0.0
gpu_util_pct,1788782167.0,0.0
gpu_util_pct,1788782168.0,0.0
gpu_util_pct,1788782169.0,0.0
gpu_util_pct,1788782170.0,0.0
gpu_util_pct,1788782171.0,0.0
gpu_util_pct,1788782172.0,0.0
gpu_util_pct,1788782173.0,0.0
gpu_util_pct,1788782174.0,0.0
gpu_util_pct,1788782175.0,0.0
gpu_util_pct,1788782176.0,0.0
gpu_util_pct,1788782177.0,0.0
gpu_util_pct,1788782178.0,0.0
gpu_util_pct,1788782179.0,0.0
gpu_util_pct,1788782180.0,0.0
gpu_util_pct,1788782181.0,0.0
gpu_util_pct,1788782182.0,0.0
gpu_util_pct,1788782183.0,0.0
gpu_util_pct,1788782184.0,99.0
gpu_util_pct,1788782185.0,100.0
gpu_util_pct,1788782186.0,100.0
gpu_util_pct,1788782187.0,100.0
gpu_util_pct,1788782188.0,97.0
gpu_util_pct,1788782189.0,100.0
gpu_util_pct,1788782190.0,100.0
gpu_util_pct,1788782191.0,100.0
gpu_util_pct,1788782192.0,100.0
gpu_util_pct,1788782193.0,100.0
gpu_util_pct,1788782194.0,97.0
gpu_util_pct,1788782195.0,99.0
gpu_util_pct,1788782196.0,100.0
gpu_util_pct,1788782197.0,100.0
gpu_util_pct,1788782198.0,100.0
gpu_util_pct,1788782199.0,98.0
gpu_util_pct,1788782200.0,100.0
gpu_util_pct,1788782201.0,99.0
gpu_util_pct,1788782202.0,100.0
gpu_util_pct,1788782203.0,100.0
gpu_util_pct,1788782204.0,100.0
gpu_util_pct,1788782205.0,98.0
gpu_util_pct,1788782206.0,100.0
gpu_util_pct,1788782207.0,100.0
gpu_util_pct,1788782208.0,100.0
gpu_util_pct,1788782209.0,100.0
gpu_util_pct,1788782210.0,100.0
gpu_util_pct,1788782211.0,99.0
gpu_util_pct,1788782212.0,100.0
gpu_util_pct,1788782213.0,100.0
gpu_util_pct,1788782214.0,0.0
gpu_util_pct,1788782215.0,0.0
gpu_util_pct,1788782216.0,0.0
gpu_util_pct,1788782217.0,0.0
gpu_util_pct,1788782218.0,0.0
gpu_util_pct,1788782219.0,0.0
gpu_util_pct,1788782220.0,0.0
gpu_util_pct,1788782221.0,0.0
gpu_util_pct,1788782222.0,0.0
gpu_util_pct,1788782223.0,0.0
gpu_util_pct,1788782224.0,0.0
gpu_util_pct,1788782225.0,0.0
gpu_util_pct,1788782226.0,0.0
gpu_util_pct,1788782227.0,0.0
gpu_util_pct,1788782228.0,0.0
gpu_util_pct,1788782229.0,0.0
gpu_util_pct,1788782230.0,0.0
gpu_util_pct,1788782231.0,0.0
gpu_util_pct,1788782232.0,0.0
gpu_util_pct,1788782233.0,0.0
gpu_util_pct,1788782234.0,0.0
gpu_util_pct,1788782235.0,0.0
gpu_util_pct,1788782236.0,0.0
gpu_util_pct,1788782237.0,0.0
gpu_util_pct,1788782238.0,0.0
gpu_util_pct,1788782239.0,0.0
gpu_util_pct,1788782240.0,17.0
gpu_util_pct,1788782241.0,100.0
gpu_util_pct,1788782242.0,99.0
gpu_util_pct,1788782243.0,100.0
gpu_util_pct,1788782244.0,100.0
gpu_util_pct,1788782245.0,100.0
gpu_util_pct,1788782246.0,100.0
gpu_util_pct,1788782247.0,100.0
gpu_util_pct,1788782248.0,100.0
gpu_util_pct,1788782249.0,100.0
gpu_util_pct,1788782250.0,100.0
gpu_util_pct,1788782251.0,100.0
gpu_util_pct,1788782252.0,100.0
gpu_util_pct,1788782253.0,100.0
gpu_util_pct,1788782254.0,100.0
gpu_util_pct,1788782255.0,100.0
gpu_util_pct,1788782256.0,100.0
gpu_util_pct,1788782257.0,100.0
gpu_util_pct,1788782258.0,100.0
gpu_util_pct,1788782259.0,100.0
gpu_util_pct,1788782260.0,100.0
gpu_util_pct,1788782261.0,100.0
gpu_util_pct,1788782262.0,100.0
gpu_util_pct,1788782263.0,100.0
gpu_util_pct,1788782264.0,100.0
gpu_util_pct,1788782265.0,100.0
gpu_util_pct,1788782266.0,100.0
gpu_util_pct,1788782267.0,100.0
gpu_util_pct,1788782268.0,100.0
gpu_util_pct,1788782269.0,100.0
gpu_util_pct,1788782270.0,100.0
gpu_util_pct,1788782271.0,0.0
gpu_util_pct,1788782272.0,0.0
gpu_util_pct,1788782273.0,0.0
gpu_util_pct,1788782274.0,0.0
gpu_util_pct,1788782275.0,0.0
gpu_util_pct,1788782276.0,0.0
gpu_util_pct,1788782277.0,0.0
gpu_util_pct,1788782278.0,0.0
gpu_util_pct,1788782279.0,0.0
gpu_util_pct,1788782280.0,0.0
gpu_util_pct,1788782281.0,0.0
gpu_util_pct,1788782282.0,0.0
gpu_util_pct,1788782283.0,0.0
gpu_util_pct,1788782284.0,0.0
gpu_util_pct,1788782285.0,0.0
gpu_util_pct,1788782286.0,0.0
gpu_util_pct,1788782287.0,0.0
gpu_util_pct,1788782288.0,0.0
gpu_util_pct,1788782289.0,0.0
gpu_util_pct,1788782290.0,0.0
gpu_util_pct,1788782291.0,0.0
gpu_util_pct,1788782292.0,0.0
gpu_util_pct,1788782293.0,0.0
gpu_util_pct,1788782294.0,0.0
gpu_util_pct,1788782295.0,0.0
gpu_util_pct,1788782296.0,0.0
gpu_util_pct,1788782297.0,0.0
gpu_util_pct,1788782298.0,0.0
gpu_util_pct,1788782299.0,0.0
gpu_util_pct,1788782300.0,0.0
gpu_util_pct,1788782301.0,0.0
gpu_util_pct,1788782302.0,0.0
gpu_util_pct,1788782303.0,0.0
gpu_util_pct,1788782304.0,0.0
gpu_util_pct,1788782305.0,0.0
gpu_util_pct,1788782306.0,0.0
gpu_util_pct,1788782307.0,0.0
gpu_util_pct,1788782308.0,0.0
gpu_util_pct,1788782309.0,0.0
gpu_util_pct,1788782310.0,100.0
gpu_util_pct,1788782311.0,99.0
gpu_util_pct,1788782312.0,100.0
gpu_util_pct,1788782313.0,100.0
gpu_util_pct,1788782314.0,100.0
gpu_util_pct,1788782315.0,100.0
gpu_util_pct,1788782316.0,100.0
gpu_util_pct,1788782317.0,96.0
gpu_util_pct,1788782318.0,98.0
gpu_util_pct,1788782319.0,100.0
gpu_util_pct,1788782320.0,100.0
gpu_util_pct,1788782321.0,95.0
gpu_util_pct,1788782322.0,95.0
gpu_util_pct,1788782323.0,99.0
gpu_util_pct,1788782324.0,100.0
gpu_util_pct,1788782325.0,100.0
gpu_util_pct,1788782326.0,93.0
gpu_util_pct,1788782327.0,99.0
gpu_util_pct,1788782328.0,96.0
gpu_util_pct,1788782329.0,99.0
gpu_util_pct,1788782330.0,0.0
gpu_util_pct,1788782331.0,0.0
gpu_util_pct,1788782332.0,0.0
gpu_util_pct,1788782333.0,0.0
gpu_util_pct,1788782334.0,0.0
gpu_util_pct,1788782335.0,0.0
gpu_util_pct,1788782336.0,0.0
gpu_util_pct,1788782337.0,0.0
gpu_util_pct,1788782338.0,0.0
gpu_util_pct,1788782339.0,0.0
gpu_util_pct,1788782340.0,0.0
gpu_util_pct,1788782341.0,0.0
gpu_util_pct,1788782342.0,0.0
gpu_util_pct,1788782343.0,0.0
gpu_util_pct,1788782344.0,0.0
gpu_util_pct,1788782345.0,0.0
gpu_util_pct,1788782346.0,0.0
gpu_util_pct,1788782347.0,0.0
gpu_util_pct,1788782348.0,0.0
gpu_util_pct,1788782349.0,0.0
gpu_util_pct,1788782350.0,0.0
gpu_util_pct,1788782351.0,0.0
hbm_used_mib,1788782034.0,74382.0
hbm_used_mib,1788782035.0,74382.0
hbm_used_mib,1788782036.0,74382.0
hbm_used_mib,1788782037.0,74382.0
hbm_used_mib,1788782038.0,74382.0
hbm_used_mib,1788782039.0,74382.0
hbm_used_mib,1788782040.0,74382.0
hbm_used_mib,1788782041.0,74382.0
hbm_used_mib,1788782042.0,74382.0
hbm_used_mib,1788782043.0,74382.0
hbm_used_mib,1788782044.0,74382.0
hbm_used_mib,1788782045.0,74382.0
hbm_used_mib,1788782046.0,74382.0
hbm_used_mib,1788782047.0,74382.0
hbm_used_mib,1788782048.0,74382.0
hbm_used_mib,1788782049.0,74382.0
hbm_used_mib,1788782050.0,74382.0
hbm_used_mib,1788782051.0,74382.0
hbm_used_mib,1788782052.0,74382.0
hbm_used_mib,1788782053.0,74382.0
hbm_used_mib,1788782054.0,74382.0
hbm_used_mib,1788782055.0,74382.0
hbm_used_mib,1788782056.0,74382.0
hbm_used_mib,1788782057.0,74382.0
hbm_used_mib,1788782058.0,74382.0
hbm_used_mib,1788782059.0,74382.0
hbm_used_mib,1788782060.0,74382.0
hbm_used_mib,1788782061.0,74382.0
hbm_used_mib,1788782062.0,74382.0
hbm_used_mib,1788782063.0,74382.0
hbm_used_mib,1788782064.0,74382.0
hbm_used_mib,1788782065.0,74382.0
hbm_used_mib,1788782066.0,74382.0
hbm_used_mib,1788782067.0,74382.0
hbm_used_mib,1788782068.0,74382.0
hbm_used_mib,1788782069.0,74382.0
hbm_used_mib,1788782070.0,74382.0
hbm_used_mib,1788782071.0,74382.0
hbm_used_mib,1788782072.0,74382.0
hbm_used_mib,1788782073.0,74382.0
hbm_used_mib,1788782074.0,74382.0
hbm_used_mib,1788782075.0,74382.0
hbm_used_mib,1788782076.0,74382.0
hbm_used_mib,1788782077.0,74382.0
hbm_used_mib,1788782078.0,74382.0
hbm_used_mib,1788782079.0,74382.0
hbm_used_mib,1788782080.0,74382.0
hbm_used_mib,1788782081.0,74382.0
hbm_used_mib,1788782082.0,74382.0
hbm_used_mib,1788782083.0,74382.0
hbm_used_mib,1788782084.0,74382.0
hbm_used_mib,1788782085.0,74382.0
hbm_used_mib,1788782086.0,74382.0
hbm_used_mib,1788782087.0,74382.0
hbm_used_mib,1788782088.0,74382.0
hbm_used_mib,1788782089.0,74382.0
hbm_used_mib,1788782090.0,74382.0
hbm_used_mib,1788782091.0,74382.0
hbm_used_mib,1788782092.0,74382.0
hbm_used_mib,1788782093.0,74382.0
hbm_used_mib,1788782094.0,74382.0
hbm_used_mib,1788782095.0,74382.0
hbm_used_mib,1788782096.0,74382.0
hbm_used_mib,1788782097.0,74382.0
hbm_used_mib,1788782098.0,74382.0
hbm_used_mib,1788782099.0,74382.0
hbm_used_mib,1788782100.0,74382.0
hbm_used_mib,1788782101.0,74382.0
hbm_used_mib,1788782102.0,74382.0
hbm_used_mib,1788782103.0,74382.0
hbm_used_mib,1788782104.0,74382.0
hbm_used_mib,1788782105.0,74382.0
hbm_used_mib,1788782106.0,74382.0
hbm_used_mib,1788782107.0,74382.0
hbm_used_mib,1788782108.0,74382.0
hbm_used_mib,1788782109.0,74382.0
hbm_used_mib,1788782110.0,74382.0
hbm_used_mib,1788782111.0,74382.0
hbm_used_mib,1788782112.0,74382.0
hbm_used_mib,1788782113.0,74382.0
hbm_used_mib,1788782114.0,74382.0
hbm_used_mib,1788782115.0,74382.0
hbm_used_mib,1788782116.0,74382.0
hbm_used_mib,1788782117.0,74382.0
hbm_used_mib,1788782118.0,74382.0
hbm_used_mib,1788782119.0,74382.0
hbm_used_mib,1788782120.0,74382.0
hbm_used_mib,1788782121.0,74382.0
hbm_used_mib,1788782122.0,74382.0
hbm_used_mib,1788782123.0,74382.0
hbm_used_mib,1788782124.0,74382.0
hbm_used_mib,1788782125.0,74382.0
hbm_used_mib,1788782126.0,74382.0
hbm_used_mib,1788782127.0,74382.0
hbm_used_mib,1788782128.0,74382.0
hbm_used_mib,1788782129.0,74382.0
hbm_used_mib,1788782130.0,74382.0
hbm_used_mib,1788782131.0,74382.0
hbm_used_mib,1788782132.0,74382.0
hbm_used_mib,1788782133.0,74382.0
hbm_used_mib,1788782134.0,74382.0
hbm_used_mib,1788782135.0,74382.0
hbm_used_mib,1788782136.0,74382.0
hbm_used_mib,1788782137.0,74382.0
hbm_used_mib,1788782138.0,74382.0
hbm_used_mib,1788782139.0,74382.0
hbm_used_mib,1788782140.0,74382.0
hbm_used_mib,1788782141.0,74382.0
hbm_used_mib,1788782142.0,74382.0
hbm_used_mib,1788782143.0,74382.0
hbm_used_mib,1788782144.0,74382.0
hbm_used_mib,1788782145.0,74382.0
hbm_used_mib,1788782146.0,74382.0
hbm_used_mib,1788782147.0,74382.0
hbm_used_mib,1788782148.0,74382.0
hbm_used_mib,1788782149.0,74382.0
hbm_used_mib,1788782150.0,74382.0
hbm_used_mib,1788782151.0,74382.0
hbm_used_mib,1788782152.0,74382.0
hbm_used_mib,1788782153.0,74382.0
hbm_used_mib,1788782154.0,74382.0
hbm_used_mib,1788782155.0,74382.0
hbm_used_mib,1788782156.0,74382.0
hbm_used_mib,1788782157.0,74382.0
hbm_used_mib,1788782158.0,74382.0
hbm_used_mib,1788782159.0,74382.0
hbm_used_mib,1788782160.0,74382.0
hbm_used_mib,1788782161.0,74382.0
hbm_used_mib,1788782162.0,74382.0
hbm_used_mib,1788782163.0,74382.0
hbm_used_mib,1788782164.0,74382.0
hbm_used_mib,1788782165.0,74382.0
hbm_used_mib,1788782166.0,74382.0
hbm_used_mib,1788782167.0,74382.0
hbm_used_mib,1788782168.0,74382.0
hbm_used_mib,1788782169.0,74382.0
hbm_used_mib,1788782170.0,74382.0
hbm_used_mib,1788782171.0,74382.0
hbm_used_mib,1788782172.0,74382.0
hbm_used_mib,1788782173.0,74382.0
hbm_used_mib,1788782174.0,74382.0
hbm_used_mib,1788782175.0,74382.0
hbm_used_mib,1788782176.0,74382.0
hbm_used_mib,1788782177.0,74382.0
hbm_used_mib,1788782178.0,74382.0
hbm_used_mib,1788782179.0,74382.0
hbm_used_mib,1788782180.0,74382.0
hbm_used_mib,1788782181.0,74382.0
hbm_used_mib,1788782182.0,74382.0
hbm_used_mib,1788782183.0,74382.0
hbm_used_mib,1788782184.0,74382.0
hbm_used_mib,1788782185.0,74382.0
hbm_used_mib,1788782186.0,74382.0
hbm_used_mib,1788782187.0,74382.0
hbm_used_mib,1788782188.0,74382.0
hbm_used_mib,1788782189.0,74382.0
hbm_used_mib,1788782190.0,74382.0
hbm_used_mib,1788782191.0,74382.0
hbm_used_mib,1788782192.0,74382.0
hbm_used_mib,1788782193.0,74382.0
hbm_used_mib,1788782194.0,74382.0
hbm_used_mib,1788782195.0,74382.0
hbm_used_mib,1788782196.0,74382.0
hbm_used_mib,1788782197.0,74382.0
hbm_used_mib,1788782198.0,74382.0
hbm_used_mib,1788782199.0,74382.0
hbm_used_mib,1788782200.0,74382.0
hbm_used_mib,1788782201.0,74382.0
hbm_used_mib,1788782202.0,74382.0
hbm_used_mib,1788782203.0,74382.0
hbm_used_mib,1788782204.0,74382.0
hbm_used_mib,1788782205.0,74382.0
hbm_used_mib,1788782206.0,74382.0
hbm_used_mib,1788782207.0,74382.0
hbm_used_mib,1788782208.0,74382.0
hbm_used_mib,1788782209.0,74382.0
hbm_used_mib,1788782210.0,74382.0
hbm_used_mib,1788782211.0,74382.0
hbm_used_mib,1788782212.0,74382.0
hbm_used_mib,1788782213.0,74382.0
hbm_used_mib,1788782214.0,74382.0
hbm_used_mib,1788782215.0,74382.0
hbm_used_mib,1788782216.0,74382.0
hbm_used_mib,1788782217.0,74382.0
hbm_used_mib,1788782218.0,74382.0
hbm_used_mib,1788782219.0,74382.0
hbm_used_mib,1788782220.0,74382.0
hbm_used_mib,1788782221.0,74382.0
hbm_used_mib,1788782222.0,74382.0
hbm_used_mib,1788782223.0,74382.0
hbm_used_mib,1788782224.0,74382.0
hbm_used_mib,1788782225.0,74382.0
hbm_used_mib,1788782226.0,74382.0
hbm_used_mib,1788782227.0,74382.0
hbm_used_mib,1788782228.0,74382.0
hbm_used_mib,1788782229.0,74382.0
hbm_used_mib,1788782230.0,74382.0
hbm_used_mib,1788782231.0,74382.0
hbm_used_mib,1788782232.0,74382.0
hbm_used_mib,1788782233.0,74382.0
hbm_used_mib,1788782234.0,74382.0
hbm_used_mib,1788782235.0,74382.0
hbm_used_mib,1788782236.0,74382.0
hbm_used_mib,1788782237.0,74382.0
hbm_used_mib,1788782238.0,74382.0
hbm_used_mib,1788782239.0,74382.0
hbm_used_mib,1788782240.0,74382.0
hbm_used_mib,1788782241.0,74382.0
hbm_used_mib,1788782242.0,74382.0
hbm_used_mib,1788782243.0,74382.0
hbm_used_mib,1788782244.0,74382.0
hbm_used_mib,1788782245.0,74382.0
hbm_used_mib,1788782246.0,74382.0
hbm_used_mib,1788782247.0,74382.0
hbm_used_mib,1788782248.0,74382.0
hbm_used_mib,1788782249.0,74382.0
hbm_used_mib,1788782250.0,74382.0
hbm_used_mib,1788782251.0,74382.0
hbm_used_mib,1788782252.0,74382.0
hbm_used_mib,1788782253.0,74382.0
hbm_used_mib,1788782254.0,74382.0
hbm_used_mib,1788782255.0,74382.0
hbm_used_mib,1788782256.0,74382.0
hbm_used_mib,1788782257.0,74382.0
hbm_used_mib,1788782258.0,74382.0
hbm_used_mib,1788782259.0,74382.0
hbm_used_mib,1788782260.0,74382.0
hbm_used_mib,1788782261.0,74382.0
hbm_used_mib,1788782262.0,74382.0
hbm_used_mib,1788782263.0,74382.0
hbm_used_mib,1788782264.0,74382.0
hbm_used_mib,1788782265.0,74382.0
hbm_used_mib,1788782266.0,74382.0
hbm_used_mib,1788782267.0,74382.0
hbm_used_mib,1788782268.0,74382.0
hbm_used_mib,1788782269.0,74382.0
hbm_used_mib,1788782270.0,74382.0
hbm_used_mib,1788782271.0,74382.0
hbm_used_mib,1788782272.0,74382.0
hbm_used_mib,1788782273.0,74382.0
hbm_used_mib,1788782274.0,74382.0
hbm_used_mib,1788782275.0,74382.0
hbm_used_mib,1788782276.0,74382.0
hbm_used_mib,1788782277.0,74382.0
hbm_used_mib,1788782278.0,74382.0
hbm_used_mib,1788782279.0,74382.0
hbm_used_mib,1788782280.0,74382.0
hbm_used_mib,1788782281.0,74382.0
hbm_used_mib,1788782282.0,74382.0
hbm_used_mib,1788782283.0,74382.0
hbm_used_mib,1788782284.0,74382.0
hbm_used_mib,1788782285.0,74382.0
hbm_used_mib,1788782286.0,74382.0
hbm_used_mib,1788782287.0,74382.0
hbm_used_mib,1788782288.0,74382.0
hbm_used_mib,1788782289.0,74382.0
hbm_used_mib,1788782290.0,74382.0
hbm_used_mib,1788782291.0,74382.0
hbm_used_mib,1788782292.0,74382.0
hbm_used_mib,1788782293.0,74382.0
hbm_used_mib,1788782294.0,74382.0
hbm_used_mib,1788782295.0,74382.0
hbm_used_mib,1788782296.0,74382.0
hbm_used_mib,1788782297.0,74382.0
hbm_used_mib,1788782298.0,74382.0
hbm_used_mib,1788782299.0,74382.0
hbm_used_mib,1788782300.0,74382.0
hbm_used_mib,1788782301.0,74382.0
hbm_used_mib,1788782302.0,74382.0
hbm_used_mib,1788782303.0,74382.0
hbm_used_mib,1788782304.0,74382.0
hbm_used_mib,1788782305.0,74382.0
hbm_used_mib,1788782306.0,74382.0
hbm_used_mib,1788782307.0,74382.0
hbm_used_mib,1788782308.0,74382.0
hbm_used_mib,1788782309.0,74382.0
hbm_used_mib,1788782310.0,74382.0
hbm_used_mib,1788782311.0,74382.0
hbm_used_mib,1788782312.0,74382.0
hbm_used_mib,1788782313.0,74382.0
hbm_used_mib,1788782314.0,74382.0
hbm_used_mib,1788782315.0,74382.0
hbm_used_mib,1788782316.0,74382.0
hbm_used_mib,1788782317.0,74382.0
hbm_used_mib,1788782318.0,74382.0
hbm_used_mib,1788782319.0,74382.0
hbm_used_mib,1788782320.0,74382.0
hbm_used_mib,1788782321.0,74382.0
hbm_used_mib,1788782322.0,74382.0
hbm_used_mib,1788782323.0,74382.0
hbm_used_mib,1788782324.0,74382.0
hbm_used_mib,1788782325.0,74382.0
hbm_used_mib,1788782326.0,74382.0
hbm_used_mib,1788782327.0,74382.0
hbm_used_mib,1788782328.0,74382.0
hbm_used_mib,1788782329.0,74382.0
hbm_used_mib,1788782330.0,74382.0
hbm_used_mib,1788782331.0,74382.0
hbm_used_mib,1788782332.0,74382.0
hbm_used_mib,1788782333.0,74382.0
hbm_used_mib,1788782334.0,74382.0
hbm_used_mib,1788782335.0,74382.0
hbm_used_mib,1788782336.0,74382.0
hbm_used_mib,1788782337.0,74382.0
hbm_used_mib,1788782338.0,74382.0
hbm_used_mib,1788782339.0,74382.0
hbm_used_mib,1788782340.0,74382.0
hbm_used_mib,1788782341.0,74382.0
hbm_used_mib,1788782342.0,74382.0
hbm_used_mib,1788782343.0,74382.0
hbm_used_mib,1788782344.0,74382.0
hbm_used_mib,1788782345.0,74382.0
hbm_used_mib,1788782346.0,74382.0
hbm_used_mib,1788782347.0,74382.0
hbm_used_mib,1788782348.0,74382.0
hbm_used_mib,1788782349.0,74382.0
hbm_used_mib,1788782350.0,74382.0
hbm_used_mib,1788782351.0,74382.0
power_w,1788782034.0,102.432
power_w,1788782035.0,102.508
power_w,1788782036.0,102.674
power_w,1788782037.0,103.001
power_w,1788782038.0,102.281
power_w,1788782039.0,102.639
power_w,1788782040.0,102.47
power_w,1788782041.0,102.469
power_w,1788782042.0,102.5
power_w,1788782043.0,102.242
power_w,1788782044.0,102.406
power_w,1788782045.0,102.307
power_w,1788782046.0,102.443
power_w,1788782047.0,102.409
power_w,1788782048.0,102.442
power_w,1788782049.0,102.433
power_w,1788782050.0,102.629
power_w,1788782051.0,102.408
power_w,1788782052.0,102.471
power_w,1788782053.0,102.218
power_w,1788782054.0,102.541
power_w,1788782055.0,102.466
power_w,1788782056.0,102.373
power_w,1788782057.0,102.334
power_w,1788782058.0,102.233
power_w,1788782059.0,102.317
power_w,1788782060.0,102.316
power_w,1788782061.0,102.433
power_w,1788782062.0,102.433
power_w,1788782063.0,102.185
power_w,1788782064.0,102.34
power_w,1788782065.0,102.433
power_w,1788782066.0,102.29
power_w,1788782067.0,102.37
power_w,1788782068.0,102.103
power_w,1788782069.0,102.409
power_w,1788782070.0,101.905
power_w,1788782071.0,254.046
power_w,1788782072.0,255.993
power_w,1788782073.0,250.256
power_w,1788782074.0,235.284
power_w,1788782075.0,217.318
power_w,1788782076.0,253.755
power_w,1788782077.0,247.451
power_w,1788782078.0,397.834
power_w,1788782079.0,257.423
power_w,1788782080.0,257.647
power_w,1788782081.0,240.345
power_w,1788782082.0,264.399
power_w,1788782083.0,258.705
power_w,1788782084.0,258.819
power_w,1788782085.0,224.269
power_w,1788782086.0,259.546
power_w,1788782087.0,261.077
power_w,1788782088.0,253.509
power_w,1788782089.0,262.244
power_w,1788782090.0,262.804
power_w,1788782091.0,252.037
power_w,1788782092.0,223.61
power_w,1788782093.0,261.361
power_w,1788782094.0,263.915
power_w,1788782095.0,251.458
power_w,1788782096.0,333.57
power_w,1788782097.0,261.814
power_w,1788782098.0,266.392
power_w,1788782099.0,263.081
power_w,1788782100.0,110.28
power_w,1788782101.0,109.904
power_w,1788782102.0,109.887
power_w,1788782103.0,108.314
power_w,1788782104.0,108.223
power_w,1788782105.0,107.996
power_w,1788782106.0,107.921
power_w,1788782107.0,107.604
power_w,1788782108.0,107.469
power_w,1788782109.0,107.537
power_w,1788782110.0,107.239
power_w,1788782111.0,107.297
power_w,1788782112.0,107.193
power_w,1788782113.0,106.886
power_w,1788782114.0,106.785
power_w,1788782115.0,106.863
power_w,1788782116.0,106.816
power_w,1788782117.0,106.93
power_w,1788782118.0,106.526
power_w,1788782119.0,106.52
power_w,1788782120.0,106.33
power_w,1788782121.0,106.391
power_w,1788782122.0,106.332
power_w,1788782123.0,106.134
power_w,1788782124.0,106.134
power_w,1788782125.0,105.831
power_w,1788782126.0,224.695
power_w,1788782127.0,261.316
power_w,1788782128.0,287.838
power_w,1788782129.0,291.406
power_w,1788782130.0,374.25
power_w,1788782131.0,302.533
power_w,1788782132.0,264.735
power_w,1788782133.0,294.149
power_w,1788782134.0,297.244
power_w,1788782135.0,285.808
power_w,1788782136.0,293.464
power_w,1788782137.0,295.539
power_w,1788782138.0,278.484
power_w,1788782139.0,296.238
power_w,1788782140.0,300.47
power_w,1788782141.0,369.443
power_w,1788782142.0,294.185
power_w,1788782143.0,253.813
power_w,1788782144.0,306.214
power_w,1788782145.0,303.141
power_w,1788782146.0,297.881
power_w,1788782147.0,293.551
power_w,1788782148.0,284.927
power_w,1788782149.0,287.766
power_w,1788782150.0,303.761
power_w,1788782151.0,305.097
power_w,1788782152.0,290.082
power_w,1788782153.0,291.328
power_w,1788782154.0,230.161
power_w,1788782155.0,300.179
power_w,1788782156.0,301.854
power_w,1788782157.0,114.898
power_w,1788782158.0,114.355
power_w,1788782159.0,114.018
power_w,1788782160.0,113.722
power_w,1788782161.0,113.714
power_w,1788782162.0,113.492
power_w,1788782163.0,113.083
power_w,1788782164.0,113.126
power_w,1788782165.0,112.975
power_w,1788782166.0,112.723
power_w,1788782167.0,112.626
power_w,1788782168.0,112.683
power_w,1788782169.0,112.454
power_w,1788782170.0,112.243
power_w,1788782171.0,111.93
power_w,1788782172.0,111.778
power_w,1788782173.0,111.831
power_w,1788782174.0,111.582
power_w,1788782175.0,111.413
power_w,1788782176.0,111.445
power_w,1788782177.0,111.138
power_w,1788782178.0,111.025
power_w,1788782179.0,110.953
power_w,1788782180.0,110.614
power_w,1788782181.0,111.065
power_w,1788782182.0,110.416
power_w,1788782183.0,110.477
power_w,1788782184.0,296.163
power_w,1788782185.0,242.582
power_w,1788782186.0,292.512
power_w,1788782187.0,296.523
power_w,1788782188.0,301.001
power_w,1788782189.0,305.432
power_w,1788782190.0,296.458
power_w,1788782191.0,296.365
power_w,1788782192.0,291.007
power_w,1788782193.0,296.654
power_w,1788782194.0,305.058
power_w,1788782195.0,299.993
power_w,1788782196.0,289.899
power_w,1788782197.0,289.777
power_w,1788782198.0,298.354
power_w,1788782199.0,335.804
power_w,1788782200.0,298.635
power_w,1788782201.0,303.644
power_w,1788782202.0,280.452
power_w,1788782203.0,284.547
power_w,1788782204.0,298.311
power_w,1788782205.0,280.185
power_w,1788782206.0,297.453
power_w,1788782207.0,297.924
power_w,1788782208.0,302.456
power_w,1788782209.0,286.326
power_w,1788782210.0,331.32
power_w,1788782211.0,299.426
power_w,1788782212.0,300.418
power_w,1788782213.0,273.276
power_w,1788782214.0,117.619
power_w,1788782215.0,116.791
power_w,1788782216.0,116.299
power_w,1788782217.0,116.154
power_w,1788782218.0,115.882
power_w,1788782219.0,115.587
power_w,1788782220.0,115.221
power_w,1788782221.0,114.997
power_w,1788782222.0,114.931
power_w,1788782223.0,114.647
power_w,1788782224.0,114.567
power_w,1788782225.0,114.325
power_w,1788782226.0,114.277
power_w,1788782227.0,113.695
power_w,1788782228.0,114.06
power_w,1788782229.0,113.598
power_w,1788782230.0,113.575
power_w,1788782231.0,113.582
power_w,1788782232.0,113.196
power_w,1788782233.0,112.993
power_w,1788782234.0,113.123
power_w,1788782235.0,112.811
power_w,1788782236.0,112.926
power_w,1788782237.0,112.684
power_w,1788782238.0,112.388
power_w,1788782239.0,112.257
power_w,1788782240.0,112.04
power_w,1788782241.0,288.754
power_w,1788782242.0,289.716
power_w,1788782243.0,296.544
power_w,1788782244.0,306.412
power_w,1788782245.0,300.677
power_w,1788782246.0,304.747
power_w,1788782247.0,302.066
power_w,1788782248.0,300.301
power_w,1788782249.0,299.215
power_w,1788782250.0,305.93
power_w,1788782251.0,301.083
power_w,1788782252.0,302.965
power_w,1788782253.0,305.122
power_w,1788782254.0,297.748
power_w,1788782255.0,295.167
power_w,1788782256.0,266.767
power_w,1788782257.0,286.829
power_w,1788782258.0,303.552
power_w,1788782259.0,280.888
power_w,1788782260.0,291.851
power_w,1788782261.0,288.077
power_w,1788782262.0,295.776
power_w,1788782263.0,292.572
power_w,1788782264.0,294.058
power_w,1788782265.0,320.932
power_w,1788782266.0,299.506
power_w,1788782267.0,307.585
power_w,1788782268.0,296.956
power_w,1788782269.0,308.665
power_w,1788782270.0,303.89
power_w,1788782271.0,118.962
power_w,1788782272.0,118.252
power_w,1788782273.0,117.602
power_w,1788782274.0,117.384
power_w,1788782275.0,116.988
power_w,1788782276.0,116.739
power_w,1788782277.0,116.333
power_w,1788782278.0,116.08
power_w,1788782279.0,115.929
power_w,1788782280.0,115.685
power_w,1788782281.0,115.214
power_w,1788782282.0,114.963
power_w,1788782283.0,114.886
power_w,1788782284.0,114.741
power_w,1788782285.0,114.466
power_w,1788782286.0,114.48
power_w,1788782287.0,113.86
power_w,1788782288.0,114.086
power_w,1788782289.0,113.812
power_w,1788782290.0,113.55
power_w,1788782291.0,113.517
power_w,1788782292.0,112.779
power_w,1788782293.0,113.221
power_w,1788782294.0,112.886
power_w,1788782295.0,112.758
power_w,1788782296.0,112.666
power_w,1788782297.0,112.225
power_w,1788782298.0,112.381
power_w,1788782299.0,112.381
power_w,1788782300.0,112.381
power_w,1788782301.0,112.381
power_w,1788782302.0,112.381
power_w,1788782303.0,112.381
power_w,1788782304.0,112.381
power_w,1788782305.0,112.381
power_w,1788782306.0,112.381
power_w,1788782307.0,112.381
power_w,1788782308.0,112.381
power_w,1788782309.0,112.381
power_w,1788782310.0,299.469
power_w,1788782311.0,267.718
power_w,1788782312.0,295.436
power_w,1788782313.0,295.505
power_w,1788782314.0,295.758
power_w,1788782315.0,278.784
power_w,1788782316.0,291.518
power_w,1788782317.0,308.091
power_w,1788782318.0,295.955
power_w,1788782319.0,289.328
power_w,1788782320.0,281.328
power_w,1788782321.0,299.676
power_w,1788782322.0,301.861
power_w,1788782323.0,282.394
power_w,1788782324.0,270.007
power_w,1788782325.0,294.468
power_w,1788782326.0,289.505
power_w,1788782327.0,323.161
power_w,1788782328.0,310.082
power_w,1788782329.0,295.071
power_w,1788782330.0,118.92
power_w,1788782331.0,118.329
power_w,1788782332.0,117.782
power_w,1788782333.0,117.388
power_w,1788782334.0,117.285
power_w,1788782335.0,116.769
power_w,1788782336.0,116.507
power_w,1788782337.0,116.223
power_w,1788782338.0,116.038
power_w,1788782339.0,115.828
power_w,1788782340.0,115.862
power_w,1788782341.0,115.53
power_w,1788782342.0,115.052
power_w,1788782343.0,115.184
power_w,1788782344.0,115.018
power_w,1788782345.0,114.56
power_w,1788782346.0,114.559
power_w,1788782347.0,114.214
power_w,1788782348.0,114.066
power_w,1788782349.0,113.911
power_w,1788782350.0,113.517
power_w,1788782351.0,113.714
gpu_temp_c,1788782034.0,44.0
gpu_temp_c,1788782035.0,44.0
gpu_temp_c,1788782036.0,44.0
gpu_temp_c,1788782037.0,44.0
gpu_temp_c,1788782038.0,44.0
gpu_temp_c,1788782039.0,44.0
gpu_temp_c,1788782040.0,44.0
gpu_temp_c,1788782041.0,44.0
gpu_temp_c,1788782042.0,44.0
gpu_temp_c,1788782043.0,44.0
gpu_temp_c,1788782044.0,44.0
gpu_temp_c,1788782045.0,44.0
gpu_temp_c,1788782046.0,44.0
gpu_temp_c,1788782047.0,44.0
gpu_temp_c,1788782048.0,44.0
gpu_temp_c,1788782049.0,44.0
gpu_temp_c,1788782050.0,44.0
gpu_temp_c,1788782051.0,44.0
gpu_temp_c,1788782052.0,44.0
gpu_temp_c,1788782053.0,44.0
gpu_temp_c,1788782054.0,44.0
gpu_temp_c,1788782055.0,44.0
gpu_temp_c,1788782056.0,44.0
gpu_temp_c,1788782057.0,44.0
gpu_temp_c,1788782058.0,44.0
gpu_temp_c,1788782059.0,44.0
gpu_temp_c,1788782060.0,44.0
gpu_temp_c,1788782061.0,44.0
gpu_temp_c,1788782062.0,44.0
gpu_temp_c,1788782063.0,44.0
gpu_temp_c,1788782064.0,44.0
gpu_temp_c,1788782065.0,44.0
gpu_temp_c,1788782066.0,44.0
gpu_temp_c,1788782067.0,44.0
gpu_temp_c,1788782068.0,44.0
gpu_temp_c,1788782069.0,44.0
gpu_temp_c,1788782070.0,44.0
gpu_temp_c,1788782071.0,47.0
gpu_temp_c,1788782072.0,48.0
gpu_temp_c,1788782073.0,48.0
gpu_temp_c,1788782074.0,49.0
gpu_temp_c,1788782075.0,49.0
gpu_temp_c,1788782076.0,50.0
gpu_temp_c,1788782077.0,50.0
gpu_temp_c,1788782078.0,51.0
gpu_temp_c,1788782079.0,51.0
gpu_temp_c,1788782080.0,51.0
gpu_temp_c,1788782081.0,51.0
gpu_temp_c,1788782082.0,54.0
gpu_temp_c,1788782083.0,52.0
gpu_temp_c,1788782084.0,52.0
gpu_temp_c,1788782085.0,53.0
gpu_temp_c,1788782086.0,53.0
gpu_temp_c,1788782087.0,53.0
gpu_temp_c,1788782088.0,53.0
gpu_temp_c,1788782089.0,56.0
gpu_temp_c,1788782090.0,54.0
gpu_temp_c,1788782091.0,54.0
gpu_temp_c,1788782092.0,54.0
gpu_temp_c,1788782093.0,55.0
gpu_temp_c,1788782094.0,55.0
gpu_temp_c,1788782095.0,55.0
gpu_temp_c,1788782096.0,55.0
gpu_temp_c,1788782097.0,56.0
gpu_temp_c,1788782098.0,56.0
gpu_temp_c,1788782099.0,56.0
gpu_temp_c,1788782100.0,53.0
gpu_temp_c,1788782101.0,53.0
gpu_temp_c,1788782102.0,52.0
gpu_temp_c,1788782103.0,52.0
gpu_temp_c,1788782104.0,52.0
gpu_temp_c,1788782105.0,52.0
gpu_temp_c,1788782106.0,52.0
gpu_temp_c,1788782107.0,52.0
gpu_temp_c,1788782108.0,51.0
gpu_temp_c,1788782109.0,51.0
gpu_temp_c,1788782110.0,51.0
gpu_temp_c,1788782111.0,51.0
gpu_temp_c,1788782112.0,51.0
gpu_temp_c,1788782113.0,51.0
gpu_temp_c,1788782114.0,51.0
gpu_temp_c,1788782115.0,51.0
gpu_temp_c,1788782116.0,50.0
gpu_temp_c,1788782117.0,50.0
gpu_temp_c,1788782118.0,50.0
gpu_temp_c,1788782119.0,50.0
gpu_temp_c,1788782120.0,50.0
gpu_temp_c,1788782121.0,50.0
gpu_temp_c,1788782122.0,50.0
gpu_temp_c,1788782123.0,50.0
gpu_temp_c,1788782124.0,49.0
gpu_temp_c,1788782125.0,49.0
gpu_temp_c,1788782126.0,53.0
gpu_temp_c,1788782127.0,54.0
gpu_temp_c,1788782128.0,55.0
gpu_temp_c,1788782129.0,56.0
gpu_temp_c,1788782130.0,57.0
gpu_temp_c,1788782131.0,56.0
gpu_temp_c,1788782132.0,56.0
gpu_temp_c,1788782133.0,56.0
gpu_temp_c,1788782134.0,57.0
gpu_temp_c,1788782135.0,58.0
gpu_temp_c,1788782136.0,59.0
gpu_temp_c,1788782137.0,57.0
gpu_temp_c,1788782138.0,58.0
gpu_temp_c,1788782139.0,58.0
gpu_temp_c,1788782140.0,60.0
gpu_temp_c,1788782141.0,60.0
gpu_temp_c,1788782142.0,58.0
gpu_temp_c,1788782143.0,59.0
gpu_temp_c,1788782144.0,59.0
gpu_temp_c,1788782145.0,60.0
gpu_temp_c,1788782146.0,61.0
gpu_temp_c,1788782147.0,61.0
gpu_temp_c,1788782148.0,60.0
gpu_temp_c,1788782149.0,61.0
gpu_temp_c,1788782150.0,61.0
gpu_temp_c,1788782151.0,62.0
gpu_temp_c,1788782152.0,62.0
gpu_temp_c,1788782153.0,61.0
gpu_temp_c,1788782154.0,62.0
gpu_temp_c,1788782155.0,62.0
gpu_temp_c,1788782156.0,61.0
gpu_temp_c,1788782157.0,58.0
gpu_temp_c,1788782158.0,58.0
gpu_temp_c,1788782159.0,57.0
gpu_temp_c,1788782160.0,57.0
gpu_temp_c,1788782161.0,57.0
gpu_temp_c,1788782162.0,57.0
gpu_temp_c,1788782163.0,56.0
gpu_temp_c,1788782164.0,56.0
gpu_temp_c,1788782165.0,56.0
gpu_temp_c,1788782166.0,56.0
gpu_temp_c,1788782167.0,56.0
gpu_temp_c,1788782168.0,56.0
gpu_temp_c,1788782169.0,55.0
gpu_temp_c,1788782170.0,55.0
gpu_temp_c,1788782171.0,55.0
gpu_temp_c,1788782172.0,55.0
gpu_temp_c,1788782173.0,55.0
gpu_temp_c,1788782174.0,55.0
gpu_temp_c,1788782175.0,54.0
gpu_temp_c,1788782176.0,54.0
gpu_temp_c,1788782177.0,54.0
gpu_temp_c,1788782178.0,54.0
gpu_temp_c,1788782179.0,54.0
gpu_temp_c,1788782180.0,54.0
gpu_temp_c,1788782181.0,54.0
gpu_temp_c,1788782182.0,53.0
gpu_temp_c,1788782183.0,55.0
gpu_temp_c,1788782184.0,58.0
gpu_temp_c,1788782185.0,58.0
gpu_temp_c,1788782186.0,59.0
gpu_temp_c,1788782187.0,60.0
gpu_temp_c,1788782188.0,60.0
gpu_temp_c,1788782189.0,60.0
gpu_temp_c,1788782190.0,60.0
gpu_temp_c,1788782191.0,60.0
gpu_temp_c,1788782192.0,61.0
gpu_temp_c,1788782193.0,61.0
gpu_temp_c,1788782194.0,62.0
gpu_temp_c,1788782195.0,61.0
gpu_temp_c,1788782196.0,61.0
gpu_temp_c,1788782197.0,61.0
gpu_temp_c,1788782198.0,62.0
gpu_temp_c,1788782199.0,63.0
gpu_temp_c,1788782200.0,63.0
gpu_temp_c,1788782201.0,62.0
gpu_temp_c,1788782202.0,62.0
gpu_temp_c,1788782203.0,62.0
gpu_temp_c,1788782204.0,64.0
gpu_temp_c,1788782205.0,64.0
gpu_temp_c,1788782206.0,63.0
gpu_temp_c,1788782207.0,63.0
gpu_temp_c,1788782208.0,64.0
gpu_temp_c,1788782209.0,65.0
gpu_temp_c,1788782210.0,65.0
gpu_temp_c,1788782211.0,65.0
gpu_temp_c,1788782212.0,64.0
gpu_temp_c,1788782213.0,64.0
gpu_temp_c,1788782214.0,61.0
gpu_temp_c,1788782215.0,60.0
gpu_temp_c,1788782216.0,60.0
gpu_temp_c,1788782217.0,59.0
gpu_temp_c,1788782218.0,59.0
gpu_temp_c,1788782219.0,59.0
gpu_temp_c,1788782220.0,59.0
gpu_temp_c,1788782221.0,58.0
gpu_temp_c,1788782222.0,58.0
gpu_temp_c,1788782223.0,58.0
gpu_temp_c,1788782224.0,58.0
gpu_temp_c,1788782225.0,58.0
gpu_temp_c,1788782226.0,58.0
gpu_temp_c,1788782227.0,57.0
gpu_temp_c,1788782228.0,57.0
gpu_temp_c,1788782229.0,57.0
gpu_temp_c,1788782230.0,57.0
gpu_temp_c,1788782231.0,57.0
gpu_temp_c,1788782232.0,57.0
gpu_temp_c,1788782233.0,56.0
gpu_temp_c,1788782234.0,56.0
gpu_temp_c,1788782235.0,56.0
gpu_temp_c,1788782236.0,56.0
gpu_temp_c,1788782237.0,56.0
gpu_temp_c,1788782238.0,56.0
gpu_temp_c,1788782239.0,55.0
gpu_temp_c,1788782240.0,59.0
gpu_temp_c,1788782241.0,60.0
gpu_temp_c,1788782242.0,61.0
gpu_temp_c,1788782243.0,61.0
gpu_temp_c,1788782244.0,62.0
gpu_temp_c,1788782245.0,62.0
gpu_temp_c,1788782246.0,61.0
gpu_temp_c,1788782247.0,63.0
gpu_temp_c,1788782248.0,62.0
gpu_temp_c,1788782249.0,63.0
gpu_temp_c,1788782250.0,63.0
gpu_temp_c,1788782251.0,64.0
gpu_temp_c,1788782252.0,63.0
gpu_temp_c,1788782253.0,64.0
gpu_temp_c,1788782254.0,63.0
gpu_temp_c,1788782255.0,64.0
gpu_temp_c,1788782256.0,64.0
gpu_temp_c,1788782257.0,65.0
gpu_temp_c,1788782258.0,64.0
gpu_temp_c,1788782259.0,65.0
gpu_temp_c,1788782260.0,64.0
gpu_temp_c,1788782261.0,65.0
gpu_temp_c,1788782262.0,65.0
gpu_temp_c,1788782263.0,65.0
gpu_temp_c,1788782264.0,66.0
gpu_temp_c,1788782265.0,66.0
gpu_temp_c,1788782266.0,66.0
gpu_temp_c,1788782267.0,66.0
gpu_temp_c,1788782268.0,66.0
gpu_temp_c,1788782269.0,66.0
gpu_temp_c,1788782270.0,66.0
gpu_temp_c,1788782271.0,62.0
gpu_temp_c,1788782272.0,61.0
gpu_temp_c,1788782273.0,61.0
gpu_temp_c,1788782274.0,60.0
gpu_temp_c,1788782275.0,60.0
gpu_temp_c,1788782276.0,60.0
gpu_temp_c,1788782277.0,60.0
gpu_temp_c,1788782278.0,59.0
gpu_temp_c,1788782279.0,59.0
gpu_temp_c,1788782280.0,59.0
gpu_temp_c,1788782281.0,59.0
gpu_temp_c,1788782282.0,58.0
gpu_temp_c,1788782283.0,58.0
gpu_temp_c,1788782284.0,58.0
gpu_temp_c,1788782285.0,58.0
gpu_temp_c,1788782286.0,58.0
gpu_temp_c,1788782287.0,57.0
gpu_temp_c,1788782288.0,57.0
gpu_temp_c,1788782289.0,57.0
gpu_temp_c,1788782290.0,57.0
gpu_temp_c,1788782291.0,57.0
gpu_temp_c,1788782292.0,56.0
gpu_temp_c,1788782293.0,56.0
gpu_temp_c,1788782294.0,56.0
gpu_temp_c,1788782295.0,56.0
gpu_temp_c,1788782296.0,56.0
gpu_temp_c,1788782297.0,56.0
gpu_temp_c,1788782298.0,55.0
gpu_temp_c,1788782299.0,55.0
gpu_temp_c,1788782300.0,55.0
gpu_temp_c,1788782301.0,55.0
gpu_temp_c,1788782302.0,55.0
gpu_temp_c,1788782303.0,55.0
gpu_temp_c,1788782304.0,55.0
gpu_temp_c,1788782305.0,55.0
gpu_temp_c,1788782306.0,55.0
gpu_temp_c,1788782307.0,55.0
gpu_temp_c,1788782308.0,55.0
gpu_temp_c,1788782309.0,55.0
gpu_temp_c,1788782310.0,63.0
gpu_temp_c,1788782311.0,64.0
gpu_temp_c,1788782312.0,63.0
gpu_temp_c,1788782313.0,63.0
gpu_temp_c,1788782314.0,64.0
gpu_temp_c,1788782315.0,64.0
gpu_temp_c,1788782316.0,65.0
gpu_temp_c,1788782317.0,64.0
gpu_temp_c,1788782318.0,64.0
gpu_temp_c,1788782319.0,64.0
gpu_temp_c,1788782320.0,65.0
gpu_temp_c,1788782321.0,65.0
gpu_temp_c,1788782322.0,64.0
gpu_temp_c,1788782323.0,65.0
gpu_temp_c,1788782324.0,65.0
gpu_temp_c,1788782325.0,66.0
gpu_temp_c,1788782326.0,66.0
gpu_temp_c,1788782327.0,66.0
gpu_temp_c,1788782328.0,66.0
gpu_temp_c,1788782329.0,66.0
gpu_temp_c,1788782330.0,62.0
gpu_temp_c,1788782331.0,61.0
gpu_temp_c,1788782332.0,61.0
gpu_temp_c,1788782333.0,61.0
gpu_temp_c,1788782334.0,60.0
gpu_temp_c,1788782335.0,60.0
gpu_temp_c,1788782336.0,60.0
gpu_temp_c,1788782337.0,60.0
gpu_temp_c,1788782338.0,59.0
gpu_temp_c,1788782339.0,59.0
gpu_temp_c,1788782340.0,59.0
gpu_temp_c,1788782341.0,59.0
gpu_temp_c,1788782342.0,58.0
gpu_temp_c,1788782343.0,58.0
gpu_temp_c,1788782344.0,58.0
gpu_temp_c,1788782345.0,58.0
gpu_temp_c,1788782346.0,58.0
gpu_temp_c,1788782347.0,57.0
gpu_temp_c,1788782348.0,57.0
gpu_temp_c,1788782349.0,57.0
gpu_temp_c,1788782350.0,57.0
gpu_temp_c,1788782351.0,57.0
running,1788782034.0,0.0
running,1788782035.0,0.0
running,1788782036.0,0.0
running,1788782037.0,0.0
running,1788782038.0,0.0
running,1788782039.0,0.0
running,1788782040.0,0.0
running,1788782041.0,0.0
running,1788782042.0,0.0
running,1788782043.0,0.0
running,1788782044.0,0.0
running,1788782045.0,0.0
running,1788782046.0,0.0
running,1788782047.0,0.0
running,1788782048.0,0.0
running,1788782049.0,0.0
running,1788782050.0,0.0
running,1788782051.0,0.0
running,1788782052.0,0.0
running,1788782053.0,0.0
running,1788782054.0,0.0
running,1788782055.0,0.0
running,1788782056.0,0.0
running,1788782057.0,0.0
running,1788782058.0,0.0
running,1788782059.0,0.0
running,1788782060.0,0.0
running,1788782061.0,0.0
running,1788782062.0,0.0
running,1788782063.0,0.0
running,1788782064.0,0.0
running,1788782065.0,0.0
running,1788782066.0,0.0
running,1788782067.0,0.0
running,1788782068.0,0.0
running,1788782069.0,0.0
running,1788782070.0,8.0
running,1788782071.0,8.0
running,1788782072.0,8.0
running,1788782073.0,8.0
running,1788782074.0,8.0
running,1788782075.0,8.0
running,1788782076.0,8.0
running,1788782077.0,8.0
running,1788782078.0,0.0
running,1788782079.0,8.0
running,1788782080.0,8.0
running,1788782081.0,8.0
running,1788782082.0,8.0
running,1788782083.0,8.0
running,1788782084.0,8.0
running,1788782085.0,8.0
running,1788782086.0,8.0
running,1788782087.0,8.0
running,1788782088.0,8.0
running,1788782089.0,7.0
running,1788782090.0,8.0
running,1788782091.0,8.0
running,1788782092.0,8.0
running,1788782093.0,8.0
running,1788782094.0,8.0
running,1788782095.0,8.0
running,1788782096.0,0.0
running,1788782097.0,8.0
running,1788782098.0,8.0
running,1788782099.0,0.0
running,1788782100.0,0.0
running,1788782101.0,0.0
running,1788782102.0,0.0
running,1788782103.0,0.0
running,1788782104.0,0.0
running,1788782105.0,0.0
running,1788782106.0,0.0
running,1788782107.0,0.0
running,1788782108.0,0.0
running,1788782109.0,0.0
running,1788782110.0,0.0
running,1788782111.0,0.0
running,1788782112.0,0.0
running,1788782113.0,0.0
running,1788782114.0,0.0
running,1788782115.0,0.0
running,1788782116.0,0.0
running,1788782117.0,0.0
running,1788782118.0,0.0
running,1788782119.0,0.0
running,1788782120.0,0.0
running,1788782121.0,0.0
running,1788782122.0,0.0
running,1788782123.0,0.0
running,1788782124.0,0.0
running,1788782125.0,28.0
running,1788782126.0,32.0
running,1788782127.0,32.0
running,1788782128.0,32.0
running,1788782129.0,6.0
running,1788782130.0,24.0
running,1788782131.0,32.0
running,1788782132.0,32.0
running,1788782133.0,32.0
running,1788782134.0,24.0
running,1788782135.0,16.0
running,1788782136.0,32.0
running,1788782137.0,32.0
running,1788782138.0,32.0
running,1788782139.0,32.0
running,1788782140.0,9.0
running,1788782141.0,24.0
running,1788782142.0,32.0
running,1788782143.0,32.0
running,1788782144.0,32.0
running,1788782145.0,32.0
running,1788782146.0,13.0
running,1788782147.0,31.0
running,1788782148.0,32.0
running,1788782149.0,32.0
running,1788782150.0,32.0
running,1788782151.0,6.0
running,1788782152.0,20.0
running,1788782153.0,32.0
running,1788782154.0,32.0
running,1788782155.0,30.0
running,1788782156.0,0.0
running,1788782157.0,0.0
running,1788782158.0,0.0
running,1788782159.0,0.0
running,1788782160.0,0.0
running,1788782161.0,0.0
running,1788782162.0,0.0
running,1788782163.0,0.0
running,1788782164.0,0.0
running,1788782165.0,0.0
running,1788782166.0,0.0
running,1788782167.0,0.0
running,1788782168.0,0.0
running,1788782169.0,0.0
running,1788782170.0,0.0
running,1788782171.0,0.0
running,1788782172.0,0.0
running,1788782173.0,0.0
running,1788782174.0,0.0
running,1788782175.0,0.0
running,1788782176.0,0.0
running,1788782177.0,0.0
running,1788782178.0,0.0
running,1788782179.0,0.0
running,1788782180.0,0.0
running,1788782181.0,0.0
running,1788782182.0,0.0
running,1788782183.0,64.0
running,1788782184.0,62.0
running,1788782185.0,39.0
running,1788782186.0,19.0
running,1788782187.0,64.0
running,1788782188.0,64.0
running,1788782189.0,64.0
running,1788782190.0,58.0
running,1788782191.0,37.0
running,1788782192.0,33.0
running,1788782193.0,64.0
running,1788782194.0,64.0
running,1788782195.0,64.0
running,1788782196.0,50.0
running,1788782197.0,28.0
running,1788782198.0,25.0
running,1788782199.0,64.0
running,1788782200.0,64.0
running,1788782201.0,64.0
running,1788782202.0,46.0
running,1788782203.0,35.0
running,1788782204.0,31.0
running,1788782205.0,64.0
running,1788782206.0,64.0
running,1788782207.0,57.0
running,1788782208.0,35.0
running,1788782209.0,14.0
running,1788782210.0,64.0
running,1788782211.0,64.0
running,1788782212.0,64.0
running,1788782213.0,0.0
running,1788782214.0,0.0
running,1788782215.0,0.0
running,1788782216.0,0.0
running,1788782217.0,0.0
running,1788782218.0,0.0
running,1788782219.0,0.0
running,1788782220.0,0.0
running,1788782221.0,0.0
running,1788782222.0,0.0
running,1788782223.0,0.0
running,1788782224.0,0.0
running,1788782225.0,0.0
running,1788782226.0,0.0
running,1788782227.0,0.0
running,1788782228.0,0.0
running,1788782229.0,0.0
running,1788782230.0,0.0
running,1788782231.0,0.0
running,1788782232.0,0.0
running,1788782233.0,0.0
running,1788782234.0,0.0
running,1788782235.0,0.0
running,1788782236.0,0.0
running,1788782237.0,0.0
running,1788782238.0,0.0
running,1788782239.0,0.0
running,1788782240.0,94.0
running,1788782241.0,128.0
running,1788782242.0,85.0
running,1788782243.0,128.0
running,1788782244.0,81.0
running,1788782245.0,125.0
running,1788782246.0,72.0
running,1788782247.0,128.0
running,1788782248.0,69.0
running,1788782249.0,128.0
running,1788782250.0,57.0
running,1788782251.0,128.0
running,1788782252.0,46.0
running,1788782253.0,128.0
running,1788782254.0,70.0
running,1788782255.0,128.0
running,1788782256.0,54.0
running,1788782257.0,128.0
running,1788782258.0,73.0
running,1788782259.0,121.0
running,1788782260.0,76.0
running,1788782261.0,112.0
running,1788782262.0,61.0
running,1788782263.0,107.0
running,1788782264.0,69.0
running,1788782265.0,99.0
running,1788782266.0,108.0
running,1788782267.0,90.0
running,1788782268.0,116.0
running,1788782269.0,58.0
running,1788782270.0,0.0
running,1788782271.0,0.0
running,1788782272.0,0.0
running,1788782273.0,0.0
running,1788782274.0,0.0
running,1788782275.0,0.0
running,1788782276.0,0.0
running,1788782277.0,0.0
running,1788782278.0,0.0
running,1788782279.0,0.0
running,1788782280.0,0.0
running,1788782281.0,0.0
running,1788782282.0,0.0
running,1788782283.0,0.0
running,1788782284.0,0.0
running,1788782285.0,0.0
running,1788782286.0,0.0
running,1788782287.0,0.0
running,1788782288.0,0.0
running,1788782289.0,0.0
running,1788782290.0,0.0
running,1788782291.0,0.0
running,1788782292.0,0.0
running,1788782293.0,0.0
running,1788782294.0,0.0
running,1788782295.0,0.0
running,1788782296.0,0.0
running,1788782297.0,0.0
running,1788782298.0,9.0
running,1788782299.0,64.0
running,1788782300.0,64.0
running,1788782301.0,64.0
running,1788782302.0,50.0
running,1788782303.0,28.0
running,1788782304.0,27.0
running,1788782305.0,64.0
running,1788782306.0,64.0
running,1788782307.0,64.0
running,1788782308.0,46.0
running,1788782309.0,20.0
running,1788782310.0,41.0
running,1788782311.0,64.0
running,1788782312.0,64.0
running,1788782313.0,54.0
running,1788782314.0,31.0
running,1788782315.0,20.0
running,1788782316.0,64.0
running,1788782317.0,64.0
running,1788782318.0,61.0
running,1788782319.0,40.0
running,1788782320.0,20.0
running,1788782321.0,64.0
running,1788782322.0,64.0
running,1788782323.0,64.0
running,1788782324.0,43.0
running,1788782325.0,18.0
running,1788782326.0,64.0
running,1788782327.0,64.0
running,1788782328.0,64.0
running,1788782329.0,0.0
running,1788782330.0,0.0
running,1788782331.0,0.0
running,1788782332.0,0.0
running,1788782333.0,0.0
running,1788782334.0,0.0
running,1788782335.0,0.0
running,1788782336.0,0.0
running,1788782337.0,0.0
running,1788782338.0,0.0
running,1788782339.0,0.0
running,1788782340.0,0.0
running,1788782341.0,0.0
running,1788782342.0,0.0
running,1788782343.0,0.0
running,1788782344.0,0.0
running,1788782345.0,0.0
running,1788782346.0,0.0
running,1788782347.0,0.0
running,1788782348.0,0.0
running,1788782349.0,0.0
running,1788782350.0,0.0
running,1788782351.0,0.0
waiting,1788782034.0,0.0
waiting,1788782035.0,0.0
waiting,1788782036.0,0.0
waiting,1788782037.0,0.0
waiting,1788782038.0,0.0
waiting,1788782039.0,0.0
waiting,1788782040.0,0.0
waiting,1788782041.0,0.0
waiting,1788782042.0,0.0
waiting,1788782043.0,0.0
waiting,1788782044.0,0.0
waiting,1788782045.0,0.0
waiting,1788782046.0,0.0
waiting,1788782047.0,0.0
waiting,1788782048.0,0.0
waiting,1788782049.0,0.0
waiting,1788782050.0,0.0
waiting,1788782051.0,0.0
waiting,1788782052.0,0.0
waiting,1788782053.0,0.0
waiting,1788782054.0,0.0
waiting,1788782055.0,0.0
waiting,1788782056.0,0.0
waiting,1788782057.0,0.0
waiting,1788782058.0,0.0
waiting,1788782059.0,0.0
waiting,1788782060.0,0.0
waiting,1788782061.0,0.0
waiting,1788782062.0,0.0
waiting,1788782063.0,0.0
waiting,1788782064.0,0.0
waiting,1788782065.0,0.0
waiting,1788782066.0,0.0
waiting,1788782067.0,0.0
waiting,1788782068.0,0.0
waiting,1788782069.0,0.0
waiting,1788782070.0,0.0
waiting,1788782071.0,0.0
waiting,1788782072.0,0.0
waiting,1788782073.0,0.0
waiting,1788782074.0,0.0
waiting,1788782075.0,0.0
waiting,1788782076.0,0.0
waiting,1788782077.0,0.0
waiting,1788782078.0,0.0
waiting,1788782079.0,0.0
waiting,1788782080.0,0.0
waiting,1788782081.0,0.0
waiting,1788782082.0,0.0
waiting,1788782083.0,0.0
waiting,1788782084.0,0.0
waiting,1788782085.0,0.0
waiting,1788782086.0,0.0
waiting,1788782087.0,0.0
waiting,1788782088.0,0.0
waiting,1788782089.0,0.0
waiting,1788782090.0,0.0
waiting,1788782091.0,0.0
waiting,1788782092.0,0.0
waiting,1788782093.0,0.0
waiting,1788782094.0,0.0
waiting,1788782095.0,0.0
waiting,1788782096.0,0.0
waiting,1788782097.0,0.0
waiting,1788782098.0,0.0
waiting,1788782099.0,0.0
waiting,1788782100.0,0.0
waiting,1788782101.0,0.0
waiting,1788782102.0,0.0
waiting,1788782103.0,0.0
waiting,1788782104.0,0.0
waiting,1788782105.0,0.0
waiting,1788782106.0,0.0
waiting,1788782107.0,0.0
waiting,1788782108.0,0.0
waiting,1788782109.0,0.0
waiting,1788782110.0,0.0
waiting,1788782111.0,0.0
waiting,1788782112.0,0.0
waiting,1788782113.0,0.0
waiting,1788782114.0,0.0
waiting,1788782115.0,0.0
waiting,1788782116.0,0.0
waiting,1788782117.0,0.0
waiting,1788782118.0,0.0
waiting,1788782119.0,0.0
waiting,1788782120.0,0.0
waiting,1788782121.0,0.0
waiting,1788782122.0,0.0
waiting,1788782123.0,0.0
waiting,1788782124.0,0.0
waiting,1788782125.0,4.0
waiting,1788782126.0,0.0
waiting,1788782127.0,0.0
waiting,1788782128.0,0.0
waiting,1788782129.0,1.0
waiting,1788782130.0,8.0
waiting,1788782131.0,0.0
waiting,1788782132.0,0.0
waiting,1788782133.0,0.0
waiting,1788782134.0,0.0
waiting,1788782135.0,16.0
waiting,1788782136.0,0.0
waiting,1788782137.0,0.0
waiting,1788782138.0,0.0
waiting,1788782139.0,0.0
waiting,1788782140.0,8.0
waiting,1788782141.0,8.0
waiting,1788782142.0,0.0
waiting,1788782143.0,0.0
waiting,1788782144.0,0.0
waiting,1788782145.0,0.0
waiting,1788782146.0,10.0
waiting,1788782147.0,1.0
waiting,1788782148.0,0.0
waiting,1788782149.0,0.0
waiting,1788782150.0,0.0
waiting,1788782151.0,0.0
waiting,1788782152.0,12.0
waiting,1788782153.0,0.0
waiting,1788782154.0,0.0
waiting,1788782155.0,0.0
waiting,1788782156.0,0.0
waiting,1788782157.0,0.0
waiting,1788782158.0,0.0
waiting,1788782159.0,0.0
waiting,1788782160.0,0.0
waiting,1788782161.0,0.0
waiting,1788782162.0,0.0
waiting,1788782163.0,0.0
waiting,1788782164.0,0.0
waiting,1788782165.0,0.0
waiting,1788782166.0,0.0
waiting,1788782167.0,0.0
waiting,1788782168.0,0.0
waiting,1788782169.0,0.0
waiting,1788782170.0,0.0
waiting,1788782171.0,0.0
waiting,1788782172.0,0.0
waiting,1788782173.0,0.0
waiting,1788782174.0,0.0
waiting,1788782175.0,0.0
waiting,1788782176.0,0.0
waiting,1788782177.0,0.0
waiting,1788782178.0,0.0
waiting,1788782179.0,0.0
waiting,1788782180.0,0.0
waiting,1788782181.0,0.0
waiting,1788782182.0,0.0
waiting,1788782183.0,0.0
waiting,1788782184.0,2.0
waiting,1788782185.0,25.0
waiting,1788782186.0,19.0
waiting,1788782187.0,0.0
waiting,1788782188.0,0.0
waiting,1788782189.0,0.0
waiting,1788782190.0,6.0
waiting,1788782191.0,27.0
waiting,1788782192.0,16.0
waiting,1788782193.0,0.0
waiting,1788782194.0,0.0
waiting,1788782195.0,0.0
waiting,1788782196.0,14.0
waiting,1788782197.0,36.0
waiting,1788782198.0,0.0
waiting,1788782199.0,0.0
waiting,1788782200.0,0.0
waiting,1788782201.0,0.0
waiting,1788782202.0,18.0
waiting,1788782203.0,22.0
waiting,1788782204.0,0.0
waiting,1788782205.0,0.0
waiting,1788782206.0,0.0
waiting,1788782207.0,7.0
waiting,1788782208.0,29.0
waiting,1788782209.0,8.0
waiting,1788782210.0,0.0
waiting,1788782211.0,0.0
waiting,1788782212.0,0.0
waiting,1788782213.0,0.0
waiting,1788782214.0,0.0
waiting,1788782215.0,0.0
waiting,1788782216.0,0.0
waiting,1788782217.0,0.0
waiting,1788782218.0,0.0
waiting,1788782219.0,0.0
waiting,1788782220.0,0.0
waiting,1788782221.0,0.0
waiting,1788782222.0,0.0
waiting,1788782223.0,0.0
waiting,1788782224.0,0.0
waiting,1788782225.0,0.0
waiting,1788782226.0,0.0
waiting,1788782227.0,0.0
waiting,1788782228.0,0.0
waiting,1788782229.0,0.0
waiting,1788782230.0,0.0
waiting,1788782231.0,0.0
waiting,1788782232.0,0.0
waiting,1788782233.0,0.0
waiting,1788782234.0,0.0
waiting,1788782235.0,0.0
waiting,1788782236.0,0.0
waiting,1788782237.0,0.0
waiting,1788782238.0,0.0
waiting,1788782239.0,0.0
waiting,1788782240.0,34.0
waiting,1788782241.0,0.0
waiting,1788782242.0,43.0
waiting,1788782243.0,0.0
waiting,1788782244.0,47.0
waiting,1788782245.0,0.0
waiting,1788782246.0,56.0
waiting,1788782247.0,0.0
waiting,1788782248.0,52.0
waiting,1788782249.0,0.0
waiting,1788782250.0,71.0
waiting,1788782251.0,0.0
waiting,1788782252.0,82.0
waiting,1788782253.0,0.0
waiting,1788782254.0,50.0
waiting,1788782255.0,0.0
waiting,1788782256.0,65.0
waiting,1788782257.0,0.0
waiting,1788782258.0,48.0
waiting,1788782259.0,7.0
waiting,1788782260.0,21.0
waiting,1788782261.0,16.0
waiting,1788782262.0,4.0
waiting,1788782263.0,21.0
waiting,1788782264.0,0.0
waiting,1788782265.0,29.0
waiting,1788782266.0,0.0
waiting,1788782267.0,38.0
waiting,1788782268.0,0.0
waiting,1788782269.0,0.0
waiting,1788782270.0,0.0
waiting,1788782271.0,0.0
waiting,1788782272.0,0.0
waiting,1788782273.0,0.0
waiting,1788782274.0,0.0
waiting,1788782275.0,0.0
waiting,1788782276.0,0.0
waiting,1788782277.0,0.0
waiting,1788782278.0,0.0
waiting,1788782279.0,0.0
waiting,1788782280.0,0.0
waiting,1788782281.0,0.0
waiting,1788782282.0,0.0
waiting,1788782283.0,0.0
waiting,1788782284.0,0.0
waiting,1788782285.0,0.0
waiting,1788782286.0,0.0
waiting,1788782287.0,0.0
waiting,1788782288.0,0.0
waiting,1788782289.0,0.0
waiting,1788782290.0,0.0
waiting,1788782291.0,0.0
waiting,1788782292.0,0.0
waiting,1788782293.0,0.0
waiting,1788782294.0,0.0
waiting,1788782295.0,0.0
waiting,1788782296.0,0.0
waiting,1788782297.0,0.0
waiting,1788782298.0,20.0
waiting,1788782299.0,0.0
waiting,1788782300.0,0.0
waiting,1788782301.0,0.0
waiting,1788782302.0,14.0
waiting,1788782303.0,32.0
waiting,1788782304.0,1.0
waiting,1788782305.0,0.0
waiting,1788782306.0,0.0
waiting,1788782307.0,0.0
waiting,1788782308.0,18.0
waiting,1788782309.0,36.0
waiting,1788782310.0,0.0
waiting,1788782311.0,0.0
waiting,1788782312.0,0.0
waiting,1788782313.0,10.0
waiting,1788782314.0,33.0
waiting,1788782315.0,7.0
waiting,1788782316.0,0.0
waiting,1788782317.0,0.0
waiting,1788782318.0,3.0
waiting,1788782319.0,24.0
waiting,1788782320.0,18.0
waiting,1788782321.0,0.0
waiting,1788782322.0,0.0
waiting,1788782323.0,0.0
waiting,1788782324.0,21.0
waiting,1788782325.0,27.0
waiting,1788782326.0,0.0
waiting,1788782327.0,0.0
waiting,1788782328.0,0.0
waiting,1788782329.0,0.0
waiting,1788782330.0,0.0
waiting,1788782331.0,0.0
waiting,1788782332.0,0.0
waiting,1788782333.0,0.0
waiting,1788782334.0,0.0
waiting,1788782335.0,0.0
waiting,1788782336.0,0.0
waiting,1788782337.0,0.0
waiting,1788782338.0,0.0
waiting,1788782339.0,0.0
waiting,1788782340.0,0.0
waiting,1788782341.0,0.0
waiting,1788782342.0,0.0
waiting,1788782343.0,0.0
waiting,1788782344.0,0.0
waiting,1788782345.0,0.0
waiting,1788782346.0,0.0
waiting,1788782347.0,0.0
waiting,1788782348.0,0.0
waiting,1788782349.0,0.0
waiting,1788782350.0,0.0
waiting,1788782351.0,0.0
waiting_capacity,1788782034.0,0.0
waiting_capacity,1788782035.0,0.0
waiting_capacity,1788782036.0,0.0
waiting_capacity,1788782037.0,0.0
waiting_capacity,1788782038.0,0.0
waiting_capacity,1788782039.0,0.0
waiting_capacity,1788782040.0,0.0
waiting_capacity,1788782041.0,0.0
waiting_capacity,1788782042.0,0.0
waiting_capacity,1788782043.0,0.0
waiting_capacity,1788782044.0,0.0
waiting_capacity,1788782045.0,0.0
waiting_capacity,1788782046.0,0.0
waiting_capacity,1788782047.0,0.0
waiting_capacity,1788782048.0,0.0
waiting_capacity,1788782049.0,0.0
waiting_capacity,1788782050.0,0.0
waiting_capacity,1788782051.0,0.0
waiting_capacity,1788782052.0,0.0
waiting_capacity,1788782053.0,0.0
waiting_capacity,1788782054.0,0.0
waiting_capacity,1788782055.0,0.0
waiting_capacity,1788782056.0,0.0
waiting_capacity,1788782057.0,0.0
waiting_capacity,1788782058.0,0.0
waiting_capacity,1788782059.0,0.0
waiting_capacity,1788782060.0,0.0
waiting_capacity,1788782061.0,0.0
waiting_capacity,1788782062.0,0.0
waiting_capacity,1788782063.0,0.0
waiting_capacity,1788782064.0,0.0
waiting_capacity,1788782065.0,0.0
waiting_capacity,1788782066.0,0.0
waiting_capacity,1788782067.0,0.0
waiting_capacity,1788782068.0,0.0
waiting_capacity,1788782069.0,0.0
waiting_capacity,1788782070.0,0.0
waiting_capacity,1788782071.0,0.0
waiting_capacity,1788782072.0,0.0
waiting_capacity,1788782073.0,0.0
waiting_capacity,1788782074.0,0.0
waiting_capacity,1788782075.0,0.0
waiting_capacity,1788782076.0,0.0
waiting_capacity,1788782077.0,0.0
waiting_capacity,1788782078.0,0.0
waiting_capacity,1788782079.0,0.0
waiting_capacity,1788782080.0,0.0
waiting_capacity,1788782081.0,0.0
waiting_capacity,1788782082.0,0.0
waiting_capacity,1788782083.0,0.0
waiting_capacity,1788782084.0,0.0
waiting_capacity,1788782085.0,0.0
waiting_capacity,1788782086.0,0.0
waiting_capacity,1788782087.0,0.0
waiting_capacity,1788782088.0,0.0
waiting_capacity,1788782089.0,0.0
waiting_capacity,1788782090.0,0.0
waiting_capacity,1788782091.0,0.0
waiting_capacity,1788782092.0,0.0
waiting_capacity,1788782093.0,0.0
waiting_capacity,1788782094.0,0.0
waiting_capacity,1788782095.0,0.0
waiting_capacity,1788782096.0,0.0
waiting_capacity,1788782097.0,0.0
waiting_capacity,1788782098.0,0.0
waiting_capacity,1788782099.0,0.0
waiting_capacity,1788782100.0,0.0
waiting_capacity,1788782101.0,0.0
waiting_capacity,1788782102.0,0.0
waiting_capacity,1788782103.0,0.0
waiting_capacity,1788782104.0,0.0
waiting_capacity,1788782105.0,0.0
waiting_capacity,1788782106.0,0.0
waiting_capacity,1788782107.0,0.0
waiting_capacity,1788782108.0,0.0
waiting_capacity,1788782109.0,0.0
waiting_capacity,1788782110.0,0.0
waiting_capacity,1788782111.0,0.0
waiting_capacity,1788782112.0,0.0
waiting_capacity,1788782113.0,0.0
waiting_capacity,1788782114.0,0.0
waiting_capacity,1788782115.0,0.0
waiting_capacity,1788782116.0,0.0
waiting_capacity,1788782117.0,0.0
waiting_capacity,1788782118.0,0.0
waiting_capacity,1788782119.0,0.0
waiting_capacity,1788782120.0,0.0
waiting_capacity,1788782121.0,0.0
waiting_capacity,1788782122.0,0.0
waiting_capacity,1788782123.0,0.0
waiting_capacity,1788782124.0,0.0
waiting_capacity,1788782125.0,4.0
waiting_capacity,1788782126.0,0.0
waiting_capacity,1788782127.0,0.0
waiting_capacity,1788782128.0,0.0
waiting_capacity,1788782129.0,1.0
waiting_capacity,1788782130.0,8.0
waiting_capacity,1788782131.0,0.0
waiting_capacity,1788782132.0,0.0
waiting_capacity,1788782133.0,0.0
waiting_capacity,1788782134.0,0.0
waiting_capacity,1788782135.0,16.0
waiting_capacity,1788782136.0,0.0
waiting_capacity,1788782137.0,0.0
waiting_capacity,1788782138.0,0.0
waiting_capacity,1788782139.0,0.0
waiting_capacity,1788782140.0,8.0
waiting_capacity,1788782141.0,8.0
waiting_capacity,1788782142.0,0.0
waiting_capacity,1788782143.0,0.0
waiting_capacity,1788782144.0,0.0
waiting_capacity,1788782145.0,0.0
waiting_capacity,1788782146.0,10.0
waiting_capacity,1788782147.0,1.0
waiting_capacity,1788782148.0,0.0
waiting_capacity,1788782149.0,0.0
waiting_capacity,1788782150.0,0.0
waiting_capacity,1788782151.0,0.0
waiting_capacity,1788782152.0,12.0
waiting_capacity,1788782153.0,0.0
waiting_capacity,1788782154.0,0.0
waiting_capacity,1788782155.0,0.0
waiting_capacity,1788782156.0,0.0
waiting_capacity,1788782157.0,0.0
waiting_capacity,1788782158.0,0.0
waiting_capacity,1788782159.0,0.0
waiting_capacity,1788782160.0,0.0
waiting_capacity,1788782161.0,0.0
waiting_capacity,1788782162.0,0.0
waiting_capacity,1788782163.0,0.0
waiting_capacity,1788782164.0,0.0
waiting_capacity,1788782165.0,0.0
waiting_capacity,1788782166.0,0.0
waiting_capacity,1788782167.0,0.0
waiting_capacity,1788782168.0,0.0
waiting_capacity,1788782169.0,0.0
waiting_capacity,1788782170.0,0.0
waiting_capacity,1788782171.0,0.0
waiting_capacity,1788782172.0,0.0
waiting_capacity,1788782173.0,0.0
waiting_capacity,1788782174.0,0.0
waiting_capacity,1788782175.0,0.0
waiting_capacity,1788782176.0,0.0
waiting_capacity,1788782177.0,0.0
waiting_capacity,1788782178.0,0.0
waiting_capacity,1788782179.0,0.0
waiting_capacity,1788782180.0,0.0
waiting_capacity,1788782181.0,0.0
waiting_capacity,1788782182.0,0.0
waiting_capacity,1788782183.0,0.0
waiting_capacity,1788782184.0,2.0
waiting_capacity,1788782185.0,25.0
waiting_capacity,1788782186.0,19.0
waiting_capacity,1788782187.0,0.0
waiting_capacity,1788782188.0,0.0
waiting_capacity,1788782189.0,0.0
waiting_capacity,1788782190.0,6.0
waiting_capacity,1788782191.0,27.0
waiting_capacity,1788782192.0,16.0
waiting_capacity,1788782193.0,0.0
waiting_capacity,1788782194.0,0.0
waiting_capacity,1788782195.0,0.0
waiting_capacity,1788782196.0,14.0
waiting_capacity,1788782197.0,36.0
waiting_capacity,1788782198.0,0.0
waiting_capacity,1788782199.0,0.0
waiting_capacity,1788782200.0,0.0
waiting_capacity,1788782201.0,0.0
waiting_capacity,1788782202.0,18.0
waiting_capacity,1788782203.0,22.0
waiting_capacity,1788782204.0,0.0
waiting_capacity,1788782205.0,0.0
waiting_capacity,1788782206.0,0.0
waiting_capacity,1788782207.0,7.0
waiting_capacity,1788782208.0,29.0
waiting_capacity,1788782209.0,8.0
waiting_capacity,1788782210.0,0.0
waiting_capacity,1788782211.0,0.0
waiting_capacity,1788782212.0,0.0
waiting_capacity,1788782213.0,0.0
waiting_capacity,1788782214.0,0.0
waiting_capacity,1788782215.0,0.0
waiting_capacity,1788782216.0,0.0
waiting_capacity,1788782217.0,0.0
waiting_capacity,1788782218.0,0.0
waiting_capacity,1788782219.0,0.0
waiting_capacity,1788782220.0,0.0
waiting_capacity,1788782221.0,0.0
waiting_capacity,1788782222.0,0.0
waiting_capacity,1788782223.0,0.0
waiting_capacity,1788782224.0,0.0
waiting_capacity,1788782225.0,0.0
waiting_capacity,1788782226.0,0.0
waiting_capacity,1788782227.0,0.0
waiting_capacity,1788782228.0,0.0
waiting_capacity,1788782229.0,0.0
waiting_capacity,1788782230.0,0.0
waiting_capacity,1788782231.0,0.0
waiting_capacity,1788782232.0,0.0
waiting_capacity,1788782233.0,0.0
waiting_capacity,1788782234.0,0.0
waiting_capacity,1788782235.0,0.0
waiting_capacity,1788782236.0,0.0
waiting_capacity,1788782237.0,0.0
waiting_capacity,1788782238.0,0.0
waiting_capacity,1788782239.0,0.0
waiting_capacity,1788782240.0,34.0
waiting_capacity,1788782241.0,0.0
waiting_capacity,1788782242.0,43.0
waiting_capacity,1788782243.0,0.0
waiting_capacity,1788782244.0,47.0
waiting_capacity,1788782245.0,0.0
waiting_capacity,1788782246.0,56.0
waiting_capacity,1788782247.0,0.0
waiting_capacity,1788782248.0,52.0
waiting_capacity,1788782249.0,0.0
waiting_capacity,1788782250.0,71.0
waiting_capacity,1788782251.0,0.0
waiting_capacity,1788782252.0,82.0
waiting_capacity,1788782253.0,0.0
waiting_capacity,1788782254.0,50.0
waiting_capacity,1788782255.0,0.0
waiting_capacity,1788782256.0,65.0
waiting_capacity,1788782257.0,0.0
waiting_capacity,1788782258.0,48.0
waiting_capacity,1788782259.0,7.0
waiting_capacity,1788782260.0,21.0
waiting_capacity,1788782261.0,16.0
waiting_capacity,1788782262.0,4.0
waiting_capacity,1788782263.0,21.0
waiting_capacity,1788782264.0,0.0
waiting_capacity,1788782265.0,29.0
waiting_capacity,1788782266.0,0.0
waiting_capacity,1788782267.0,38.0
waiting_capacity,1788782268.0,0.0
waiting_capacity,1788782269.0,0.0
waiting_capacity,1788782270.0,0.0
waiting_capacity,1788782271.0,0.0
waiting_capacity,1788782272.0,0.0
waiting_capacity,1788782273.0,0.0
waiting_capacity,1788782274.0,0.0
waiting_capacity,1788782275.0,0.0
waiting_capacity,1788782276.0,0.0
waiting_capacity,1788782277.0,0.0
waiting_capacity,1788782278.0,0.0
waiting_capacity,1788782279.0,0.0
waiting_capacity,1788782280.0,0.0
waiting_capacity,1788782281.0,0.0
waiting_capacity,1788782282.0,0.0
waiting_capacity,1788782283.0,0.0
waiting_capacity,1788782284.0,0.0
waiting_capacity,1788782285.0,0.0
waiting_capacity,1788782286.0,0.0
waiting_capacity,1788782287.0,0.0
waiting_capacity,1788782288.0,0.0
waiting_capacity,1788782289.0,0.0
waiting_capacity,1788782290.0,0.0
waiting_capacity,1788782291.0,0.0
waiting_capacity,1788782292.0,0.0
waiting_capacity,1788782293.0,0.0
waiting_capacity,1788782294.0,0.0
waiting_capacity,1788782295.0,0.0
waiting_capacity,1788782296.0,0.0
waiting_capacity,1788782297.0,0.0
waiting_capacity,1788782298.0,20.0
waiting_capacity,1788782299.0,0.0
waiting_capacity,1788782300.0,0.0
waiting_capacity,1788782301.0,0.0
waiting_capacity,1788782302.0,14.0
waiting_capacity,1788782303.0,32.0
waiting_capacity,1788782304.0,1.0
waiting_capacity,1788782305.0,0.0
waiting_capacity,1788782306.0,0.0
waiting_capacity,1788782307.0,0.0
waiting_capacity,1788782308.0,18.0
waiting_capacity,1788782309.0,36.0
waiting_capacity,1788782310.0,0.0
waiting_capacity,1788782311.0,0.0
waiting_capacity,1788782312.0,0.0
waiting_capacity,1788782313.0,10.0
waiting_capacity,1788782314.0,33.0
waiting_capacity,1788782315.0,7.0
waiting_capacity,1788782316.0,0.0
waiting_capacity,1788782317.0,0.0
waiting_capacity,1788782318.0,3.0
waiting_capacity,1788782319.0,24.0
waiting_capacity,1788782320.0,18.0
waiting_capacity,1788782321.0,0.0
waiting_capacity,1788782322.0,0.0
waiting_capacity,1788782323.0,0.0
waiting_capacity,1788782324.0,21.0
waiting_capacity,1788782325.0,27.0
waiting_capacity,1788782326.0,0.0
waiting_capacity,1788782327.0,0.0
waiting_capacity,1788782328.0,0.0
waiting_capacity,1788782329.0,0.0
waiting_capacity,1788782330.0,0.0
waiting_capacity,1788782331.0,0.0
waiting_capacity,1788782332.0,0.0
waiting_capacity,1788782333.0,0.0
waiting_capacity,1788782334.0,0.0
waiting_capacity,1788782335.0,0.0
waiting_capacity,1788782336.0,0.0
waiting_capacity,1788782337.0,0.0
waiting_capacity,1788782338.0,0.0
waiting_capacity,1788782339.0,0.0
waiting_capacity,1788782340.0,0.0
waiting_capacity,1788782341.0,0.0
waiting_capacity,1788782342.0,0.0
waiting_capacity,1788782343.0,0.0
waiting_capacity,1788782344.0,0.0
waiting_capacity,1788782345.0,0.0
waiting_capacity,1788782346.0,0.0
waiting_capacity,1788782347.0,0.0
waiting_capacity,1788782348.0,0.0
waiting_capacity,1788782349.0,0.0
waiting_capacity,1788782350.0,0.0
waiting_capacity,1788782351.0,0.0
waiting_deferred,1788782034.0,0.0
waiting_deferred,1788782035.0,0.0
waiting_deferred,1788782036.0,0.0
waiting_deferred,1788782037.0,0.0
waiting_deferred,1788782038.0,0.0
waiting_deferred,1788782039.0,0.0
waiting_deferred,1788782040.0,0.0
waiting_deferred,1788782041.0,0.0
waiting_deferred,1788782042.0,0.0
waiting_deferred,1788782043.0,0.0
waiting_deferred,1788782044.0,0.0
waiting_deferred,1788782045.0,0.0
waiting_deferred,1788782046.0,0.0
waiting_deferred,1788782047.0,0.0
waiting_deferred,1788782048.0,0.0
waiting_deferred,1788782049.0,0.0
waiting_deferred,1788782050.0,0.0
waiting_deferred,1788782051.0,0.0
waiting_deferred,1788782052.0,0.0
waiting_deferred,1788782053.0,0.0
waiting_deferred,1788782054.0,0.0
waiting_deferred,1788782055.0,0.0
waiting_deferred,1788782056.0,0.0
waiting_deferred,1788782057.0,0.0
waiting_deferred,1788782058.0,0.0
waiting_deferred,1788782059.0,0.0
waiting_deferred,1788782060.0,0.0
waiting_deferred,1788782061.0,0.0
waiting_deferred,1788782062.0,0.0
waiting_deferred,1788782063.0,0.0
waiting_deferred,1788782064.0,0.0
waiting_deferred,1788782065.0,0.0
waiting_deferred,1788782066.0,0.0
waiting_deferred,1788782067.0,0.0
waiting_deferred,1788782068.0,0.0
waiting_deferred,1788782069.0,0.0
waiting_deferred,1788782070.0,0.0
waiting_deferred,1788782071.0,0.0
waiting_deferred,1788782072.0,0.0
waiting_deferred,1788782073.0,0.0
waiting_deferred,1788782074.0,0.0
waiting_deferred,1788782075.0,0.0
waiting_deferred,1788782076.0,0.0
waiting_deferred,1788782077.0,0.0
waiting_deferred,1788782078.0,0.0
waiting_deferred,1788782079.0,0.0
waiting_deferred,1788782080.0,0.0
waiting_deferred,1788782081.0,0.0
waiting_deferred,1788782082.0,0.0
waiting_deferred,1788782083.0,0.0
waiting_deferred,1788782084.0,0.0
waiting_deferred,1788782085.0,0.0
waiting_deferred,1788782086.0,0.0
waiting_deferred,1788782087.0,0.0
waiting_deferred,1788782088.0,0.0
waiting_deferred,1788782089.0,0.0
waiting_deferred,1788782090.0,0.0
waiting_deferred,1788782091.0,0.0
waiting_deferred,1788782092.0,0.0
waiting_deferred,1788782093.0,0.0
waiting_deferred,1788782094.0,0.0
waiting_deferred,1788782095.0,0.0
waiting_deferred,1788782096.0,0.0
waiting_deferred,1788782097.0,0.0
waiting_deferred,1788782098.0,0.0
waiting_deferred,1788782099.0,0.0
waiting_deferred,1788782100.0,0.0
waiting_deferred,1788782101.0,0.0
waiting_deferred,1788782102.0,0.0
waiting_deferred,1788782103.0,0.0
waiting_deferred,1788782104.0,0.0
waiting_deferred,1788782105.0,0.0
waiting_deferred,1788782106.0,0.0
waiting_deferred,1788782107.0,0.0
waiting_deferred,1788782108.0,0.0
waiting_deferred,1788782109.0,0.0
waiting_deferred,1788782110.0,0.0
waiting_deferred,1788782111.0,0.0
waiting_deferred,1788782112.0,0.0
waiting_deferred,1788782113.0,0.0
waiting_deferred,1788782114.0,0.0
waiting_deferred,1788782115.0,0.0
waiting_deferred,1788782116.0,0.0
waiting_deferred,1788782117.0,0.0
waiting_deferred,1788782118.0,0.0
waiting_deferred,1788782119.0,0.0
waiting_deferred,1788782120.0,0.0
waiting_deferred,1788782121.0,0.0
waiting_deferred,1788782122.0,0.0
waiting_deferred,1788782123.0,0.0
waiting_deferred,1788782124.0,0.0
waiting_deferred,1788782125.0,0.0
waiting_deferred,1788782126.0,0.0
waiting_deferred,1788782127.0,0.0
waiting_deferred,1788782128.0,0.0
waiting_deferred,1788782129.0,0.0
waiting_deferred,1788782130.0,0.0
waiting_deferred,1788782131.0,0.0
waiting_deferred,1788782132.0,0.0
waiting_deferred,1788782133.0,0.0
waiting_deferred,1788782134.0,0.0
waiting_deferred,1788782135.0,0.0
waiting_deferred,1788782136.0,0.0
waiting_deferred,1788782137.0,0.0
waiting_deferred,1788782138.0,0.0
waiting_deferred,1788782139.0,0.0
waiting_deferred,1788782140.0,0.0
waiting_deferred,1788782141.0,0.0
waiting_deferred,1788782142.0,0.0
waiting_deferred,1788782143.0,0.0
waiting_deferred,1788782144.0,0.0
waiting_deferred,1788782145.0,0.0
waiting_deferred,1788782146.0,0.0
waiting_deferred,1788782147.0,0.0
waiting_deferred,1788782148.0,0.0
waiting_deferred,1788782149.0,0.0
waiting_deferred,1788782150.0,0.0
waiting_deferred,1788782151.0,0.0
waiting_deferred,1788782152.0,0.0
waiting_deferred,1788782153.0,0.0
waiting_deferred,1788782154.0,0.0
waiting_deferred,1788782155.0,0.0
waiting_deferred,1788782156.0,0.0
waiting_deferred,1788782157.0,0.0
waiting_deferred,1788782158.0,0.0
waiting_deferred,1788782159.0,0.0
waiting_deferred,1788782160.0,0.0
waiting_deferred,1788782161.0,0.0
waiting_deferred,1788782162.0,0.0
waiting_deferred,1788782163.0,0.0
waiting_deferred,1788782164.0,0.0
waiting_deferred,1788782165.0,0.0
waiting_deferred,1788782166.0,0.0
waiting_deferred,1788782167.0,0.0
waiting_deferred,1788782168.0,0.0
waiting_deferred,1788782169.0,0.0
waiting_deferred,1788782170.0,0.0
waiting_deferred,1788782171.0,0.0
waiting_deferred,1788782172.0,0.0
waiting_deferred,1788782173.0,0.0
waiting_deferred,1788782174.0,0.0
waiting_deferred,1788782175.0,0.0
waiting_deferred,1788782176.0,0.0
waiting_deferred,1788782177.0,0.0
waiting_deferred,1788782178.0,0.0
waiting_deferred,1788782179.0,0.0
waiting_deferred,1788782180.0,0.0
waiting_deferred,1788782181.0,0.0
waiting_deferred,1788782182.0,0.0
waiting_deferred,1788782183.0,0.0
waiting_deferred,1788782184.0,0.0
waiting_deferred,1788782185.0,0.0
waiting_deferred,1788782186.0,0.0
waiting_deferred,1788782187.0,0.0
waiting_deferred,1788782188.0,0.0
waiting_deferred,1788782189.0,0.0
waiting_deferred,1788782190.0,0.0
waiting_deferred,1788782191.0,0.0
waiting_deferred,1788782192.0,0.0
waiting_deferred,1788782193.0,0.0
waiting_deferred,1788782194.0,0.0
waiting_deferred,1788782195.0,0.0
waiting_deferred,1788782196.0,0.0
waiting_deferred,1788782197.0,0.0
waiting_deferred,1788782198.0,0.0
waiting_deferred,1788782199.0,0.0
waiting_deferred,1788782200.0,0.0
waiting_deferred,1788782201.0,0.0
waiting_deferred,1788782202.0,0.0
waiting_deferred,1788782203.0,0.0
waiting_deferred,1788782204.0,0.0
waiting_deferred,1788782205.0,0.0
waiting_deferred,1788782206.0,0.0
waiting_deferred,1788782207.0,0.0
waiting_deferred,1788782208.0,0.0
waiting_deferred,1788782209.0,0.0
waiting_deferred,1788782210.0,0.0
waiting_deferred,1788782211.0,0.0
waiting_deferred,1788782212.0,0.0
waiting_deferred,1788782213.0,0.0
waiting_deferred,1788782214.0,0.0
waiting_deferred,1788782215.0,0.0
waiting_deferred,1788782216.0,0.0
waiting_deferred,1788782217.0,0.0
waiting_deferred,1788782218.0,0.0
waiting_deferred,1788782219.0,0.0
waiting_deferred,1788782220.0,0.0
waiting_deferred,1788782221.0,0.0
waiting_deferred,1788782222.0,0.0
waiting_deferred,1788782223.0,0.0
waiting_deferred,1788782224.0,0.0
waiting_deferred,1788782225.0,0.0
waiting_deferred,1788782226.0,0.0
waiting_deferred,1788782227.0,0.0
waiting_deferred,1788782228.0,0.0
waiting_deferred,1788782229.0,0.0
waiting_deferred,1788782230.0,0.0
waiting_deferred,1788782231.0,0.0
waiting_deferred,1788782232.0,0.0
waiting_deferred,1788782233.0,0.0
waiting_deferred,1788782234.0,0.0
waiting_deferred,1788782235.0,0.0
waiting_deferred,1788782236.0,0.0
waiting_deferred,1788782237.0,0.0
waiting_deferred,1788782238.0,0.0
waiting_deferred,1788782239.0,0.0
waiting_deferred,1788782240.0,0.0
waiting_deferred,1788782241.0,0.0
waiting_deferred,1788782242.0,0.0
waiting_deferred,1788782243.0,0.0
waiting_deferred,1788782244.0,0.0
waiting_deferred,1788782245.0,0.0
waiting_deferred,1788782246.0,0.0
waiting_deferred,1788782247.0,0.0
waiting_deferred,1788782248.0,0.0
waiting_deferred,1788782249.0,0.0
waiting_deferred,1788782250.0,0.0
waiting_deferred,1788782251.0,0.0
waiting_deferred,1788782252.0,0.0
waiting_deferred,1788782253.0,0.0
waiting_deferred,1788782254.0,0.0
waiting_deferred,1788782255.0,0.0
waiting_deferred,1788782256.0,0.0
waiting_deferred,1788782257.0,0.0
waiting_deferred,1788782258.0,0.0
waiting_deferred,1788782259.0,0.0
waiting_deferred,1788782260.0,0.0
waiting_deferred,1788782261.0,0.0
waiting_deferred,1788782262.0,0.0
waiting_deferred,1788782263.0,0.0
waiting_deferred,1788782264.0,0.0
waiting_deferred,1788782265.0,0.0
waiting_deferred,1788782266.0,0.0
waiting_deferred,1788782267.0,0.0
waiting_deferred,1788782268.0,0.0
waiting_deferred,1788782269.0,0.0
waiting_deferred,1788782270.0,0.0
waiting_deferred,1788782271.0,0.0
waiting_deferred,1788782272.0,0.0
waiting_deferred,1788782273.0,0.0
waiting_deferred,1788782274.0,0.0
waiting_deferred,1788782275.0,0.0
waiting_deferred,1788782276.0,0.0
waiting_deferred,1788782277.0,0.0
waiting_deferred,1788782278.0,0.0
waiting_deferred,1788782279.0,0.0
waiting_deferred,1788782280.0,0.0
waiting_deferred,1788782281.0,0.0
waiting_deferred,1788782282.0,0.0
waiting_deferred,1788782283.0,0.0
waiting_deferred,1788782284.0,0.0
waiting_deferred,1788782285.0,0.0
waiting_deferred,1788782286.0,0.0
waiting_deferred,1788782287.0,0.0
waiting_deferred,1788782288.0,0.0
waiting_deferred,1788782289.0,0.0
waiting_deferred,1788782290.0,0.0
waiting_deferred,1788782291.0,0.0
waiting_deferred,1788782292.0,0.0
waiting_deferred,1788782293.0,0.0
waiting_deferred,1788782294.0,0.0
waiting_deferred,1788782295.0,0.0
waiting_deferred,1788782296.0,0.0
waiting_deferred,1788782297.0,0.0
waiting_deferred,1788782298.0,0.0
waiting_deferred,1788782299.0,0.0
waiting_deferred,1788782300.0,0.0
waiting_deferred,1788782301.0,0.0
waiting_deferred,1788782302.0,0.0
waiting_deferred,1788782303.0,0.0
waiting_deferred,1788782304.0,0.0
waiting_deferred,1788782305.0,0.0
waiting_deferred,1788782306.0,0.0
waiting_deferred,1788782307.0,0.0
waiting_deferred,1788782308.0,0.0
waiting_deferred,1788782309.0,0.0
waiting_deferred,1788782310.0,0.0
waiting_deferred,1788782311.0,0.0
waiting_deferred,1788782312.0,0.0
waiting_deferred,1788782313.0,0.0
waiting_deferred,1788782314.0,0.0
waiting_deferred,1788782315.0,0.0
waiting_deferred,1788782316.0,0.0
waiting_deferred,1788782317.0,0.0
waiting_deferred,1788782318.0,0.0
waiting_deferred,1788782319.0,0.0
waiting_deferred,1788782320.0,0.0
waiting_deferred,1788782321.0,0.0
waiting_deferred,1788782322.0,0.0
waiting_deferred,1788782323.0,0.0
waiting_deferred,1788782324.0,0.0
waiting_deferred,1788782325.0,0.0
waiting_deferred,1788782326.0,0.0
waiting_deferred,1788782327.0,0.0
waiting_deferred,1788782328.0,0.0
waiting_deferred,1788782329.0,0.0
waiting_deferred,1788782330.0,0.0
waiting_deferred,1788782331.0,0.0
waiting_deferred,1788782332.0,0.0
waiting_deferred,1788782333.0,0.0
waiting_deferred,1788782334.0,0.0
waiting_deferred,1788782335.0,0.0
waiting_deferred,1788782336.0,0.0
waiting_deferred,1788782337.0,0.0
waiting_deferred,1788782338.0,0.0
waiting_deferred,1788782339.0,0.0
waiting_deferred,1788782340.0,0.0
waiting_deferred,1788782341.0,0.0
waiting_deferred,1788782342.0,0.0
waiting_deferred,1788782343.0,0.0
waiting_deferred,1788782344.0,0.0
waiting_deferred,1788782345.0,0.0
waiting_deferred,1788782346.0,0.0
waiting_deferred,1788782347.0,0.0
waiting_deferred,1788782348.0,0.0
waiting_deferred,1788782349.0,0.0
waiting_deferred,1788782350.0,0.0
waiting_deferred,1788782351.0,0.0
kv_usage_pct,1788782034.0,0.0
kv_usage_pct,1788782035.0,0.0
kv_usage_pct,1788782036.0,0.0
kv_usage_pct,1788782037.0,0.0
kv_usage_pct,1788782038.0,0.0
kv_usage_pct,1788782039.0,0.0
kv_usage_pct,1788782040.0,0.0
kv_usage_pct,1788782041.0,0.0
kv_usage_pct,1788782042.0,0.0
kv_usage_pct,1788782043.0,0.0
kv_usage_pct,1788782044.0,0.0
kv_usage_pct,1788782045.0,0.0
kv_usage_pct,1788782046.0,0.0
kv_usage_pct,1788782047.0,0.0
kv_usage_pct,1788782048.0,0.0
kv_usage_pct,1788782049.0,0.0
kv_usage_pct,1788782050.0,0.0
kv_usage_pct,1788782051.0,0.0
kv_usage_pct,1788782052.0,0.0
kv_usage_pct,1788782053.0,0.0
kv_usage_pct,1788782054.0,0.0
kv_usage_pct,1788782055.0,0.0
kv_usage_pct,1788782056.0,0.0
kv_usage_pct,1788782057.0,0.0
kv_usage_pct,1788782058.0,0.0
kv_usage_pct,1788782059.0,0.0
kv_usage_pct,1788782060.0,0.0
kv_usage_pct,1788782061.0,0.0
kv_usage_pct,1788782062.0,0.0
kv_usage_pct,1788782063.0,0.0
kv_usage_pct,1788782064.0,0.0
kv_usage_pct,1788782065.0,0.0
kv_usage_pct,1788782066.0,0.0
kv_usage_pct,1788782067.0,0.0
kv_usage_pct,1788782068.0,0.0
kv_usage_pct,1788782069.0,0.0
kv_usage_pct,1788782070.0,0.17053463552154646
kv_usage_pct,1788782071.0,0.21080849778494226
kv_usage_pct,1788782072.0,0.19381796214257285
kv_usage_pct,1788782073.0,0.19633507853402676
kv_usage_pct,1788782074.0,0.16990535642368298
kv_usage_pct,1788782075.0,0.20199859041482027
kv_usage_pct,1788782076.0,0.1982229158276283
kv_usage_pct,1788782077.0,0.1755688683044654
kv_usage_pct,1788782078.0,0.0
kv_usage_pct,1788782079.0,0.2007400322190933
kv_usage_pct,1788782080.0,0.18563733387031434
kv_usage_pct,1788782081.0,0.1749395892066019
kv_usage_pct,1788782082.0,0.20892066049134073
kv_usage_pct,1788782083.0,0.2013693113169568
kv_usage_pct,1788782084.0,0.18312021747886043
kv_usage_pct,1788782085.0,0.1806031010873954
kv_usage_pct,1788782086.0,0.20451570680628528
kv_usage_pct,1788782087.0,0.19067156665324436
kv_usage_pct,1788782088.0,0.17934454289166846
kv_usage_pct,1788782089.0,0.1894130084575063
kv_usage_pct,1788782090.0,0.19318868304470938
kv_usage_pct,1788782091.0,0.18186165928312237
kv_usage_pct,1788782092.0,0.1667589609343545
kv_usage_pct,1788782093.0,0.20451570680628528
kv_usage_pct,1788782094.0,0.19318868304470938
kv_usage_pct,1788782095.0,0.17745670559806692
kv_usage_pct,1788782096.0,0.0
kv_usage_pct,1788782097.0,0.19885219492549178
kv_usage_pct,1788782098.0,0.1868958920660524
kv_usage_pct,1788782099.0,0.0
kv_usage_pct,1788782100.0,0.0
kv_usage_pct,1788782101.0,0.0
kv_usage_pct,1788782102.0,0.0
kv_usage_pct,1788782103.0,0.0
kv_usage_pct,1788782104.0,0.0
kv_usage_pct,1788782105.0,0.0
kv_usage_pct,1788782106.0,0.0
kv_usage_pct,1788782107.0,0.0
kv_usage_pct,1788782108.0,0.0
kv_usage_pct,1788782109.0,0.0
kv_usage_pct,1788782110.0,0.0
kv_usage_pct,1788782111.0,0.0
kv_usage_pct,1788782112.0,0.0
kv_usage_pct,1788782113.0,0.0
kv_usage_pct,1788782114.0,0.0
kv_usage_pct,1788782115.0,0.0
kv_usage_pct,1788782116.0,0.0
kv_usage_pct,1788782117.0,0.0
kv_usage_pct,1788782118.0,0.0
kv_usage_pct,1788782119.0,0.0
kv_usage_pct,1788782120.0,0.0
kv_usage_pct,1788782121.0,0.0
kv_usage_pct,1788782122.0,0.0
kv_usage_pct,1788782123.0,0.0
kv_usage_pct,1788782124.0,0.0
kv_usage_pct,1788782125.0,0.5934101892871579
kv_usage_pct,1788782126.0,0.7337394281111576
kv_usage_pct,1788782127.0,0.7664619412001583
kv_usage_pct,1788782128.0,0.8079943616592811
kv_usage_pct,1788782129.0,0.1290022150624237
kv_usage_pct,1788782130.0,0.5097160692710379
kv_usage_pct,1788782131.0,0.7123439387837327
kv_usage_pct,1788782132.0,0.7545056383407189
kv_usage_pct,1788782133.0,0.7922623842126497
kv_usage_pct,1788782134.0,0.6242448650825572
kv_usage_pct,1788782135.0,0.3416985501409564
kv_usage_pct,1788782136.0,0.6745871929118019
kv_usage_pct,1788782137.0,0.7387736608940765
kv_usage_pct,1788782138.0,0.7809353604510627
kv_usage_pct,1788782139.0,0.8161749899315396
kv_usage_pct,1788782140.0,0.18500805477245086
kv_usage_pct,1788782141.0,0.5109746274667759
kv_usage_pct,1788782142.0,0.7198952879581166
kv_usage_pct,1788782143.0,0.7545056383407189
kv_usage_pct,1788782144.0,0.8004430124848971
kv_usage_pct,1788782145.0,0.8350533628674994
kv_usage_pct,1788782146.0,0.2674436165928329
kv_usage_pct,1788782147.0,0.6538209826822405
kv_usage_pct,1788782148.0,0.7211538461538436
kv_usage_pct,1788782149.0,0.7626862666129663
kv_usage_pct,1788782150.0,0.8067358034635541
kv_usage_pct,1788782151.0,0.15165626258558662
kv_usage_pct,1788782152.0,0.42979762384213194
kv_usage_pct,1788782153.0,0.7066804269029392
kv_usage_pct,1788782154.0,0.734368707209021
kv_usage_pct,1788782155.0,0.7576520338300474
kv_usage_pct,1788782156.0,0.0
kv_usage_pct,1788782157.0,0.0
kv_usage_pct,1788782158.0,0.0
kv_usage_pct,1788782159.0,0.0
kv_usage_pct,1788782160.0,0.0
kv_usage_pct,1788782161.0,0.0
kv_usage_pct,1788782162.0,0.0
kv_usage_pct,1788782163.0,0.0
kv_usage_pct,1788782164.0,0.0
kv_usage_pct,1788782165.0,0.0
kv_usage_pct,1788782166.0,0.0
kv_usage_pct,1788782167.0,0.0
kv_usage_pct,1788782168.0,0.0
kv_usage_pct,1788782169.0,0.0
kv_usage_pct,1788782170.0,0.0
kv_usage_pct,1788782171.0,0.0
kv_usage_pct,1788782172.0,0.0
kv_usage_pct,1788782173.0,0.0
kv_usage_pct,1788782174.0,0.0
kv_usage_pct,1788782175.0,0.0
kv_usage_pct,1788782176.0,0.0
kv_usage_pct,1788782177.0,0.0
kv_usage_pct,1788782178.0,0.0
kv_usage_pct,1788782179.0,0.0
kv_usage_pct,1788782180.0,0.0
kv_usage_pct,1788782181.0,0.0
kv_usage_pct,1788782182.0,0.0
kv_usage_pct,1788782183.0,1.4976842529198509
kv_usage_pct,1788782184.0,1.3246325010068505
kv_usage_pct,1788782185.0,0.8381997583568279
kv_usage_pct,1788782186.0,0.4285390656463939
kv_usage_pct,1788782187.0,1.6820630285944382
kv_usage_pct,1788782188.0,1.556207209021343
kv_usage_pct,1788782189.0,1.4548932742650011
kv_usage_pct,1788782190.0,1.249119009262989
kv_usage_pct,1788782191.0,0.7979258960934321
kv_usage_pct,1788782192.0,0.8017015706806241
kv_usage_pct,1788782193.0,1.6430477245267805
kv_usage_pct,1788782194.0,1.5448801852597671
kv_usage_pct,1788782195.0,1.4435662505034252
kv_usage_pct,1788782196.0,1.0811014901329075
kv_usage_pct,1788782197.0,0.5915223519935564
kv_usage_pct,1788782198.0,0.6349426097462696
kv_usage_pct,1788782199.0,1.6052909786548497
kv_usage_pct,1788782200.0,1.496425694724124
kv_usage_pct,1788782201.0,1.4095851792186864
kv_usage_pct,1788782202.0,0.985451067257348
kv_usage_pct,1788782203.0,0.7947795006041036
kv_usage_pct,1788782204.0,0.8312776882803075
kv_usage_pct,1788782205.0,1.5769734192509044
kv_usage_pct,1788782206.0,1.4637031816351231
kv_usage_pct,1788782207.0,1.245343334675797
kv_usage_pct,1788782208.0,0.7601691502215013
kv_usage_pct,1788782209.0,0.31463954893273804
kv_usage_pct,1788782210.0,1.639901329037452
kv_usage_pct,1788782211.0,1.5392166733789736
kv_usage_pct,1788782212.0,1.419024365686672
kv_usage_pct,1788782213.0,0.0
kv_usage_pct,1788782214.0,0.0
kv_usage_pct,1788782215.0,0.0
kv_usage_pct,1788782216.0,0.0
kv_usage_pct,1788782217.0,0.0
kv_usage_pct,1788782218.0,0.0
kv_usage_pct,1788782219.0,0.0
kv_usage_pct,1788782220.0,0.0
kv_usage_pct,1788782221.0,0.0
kv_usage_pct,1788782222.0,0.0
kv_usage_pct,1788782223.0,0.0
kv_usage_pct,1788782224.0,0.0
kv_usage_pct,1788782225.0,0.0
kv_usage_pct,1788782226.0,0.0
kv_usage_pct,1788782227.0,0.0
kv_usage_pct,1788782228.0,0.0
kv_usage_pct,1788782229.0,0.0
kv_usage_pct,1788782230.0,0.0
kv_usage_pct,1788782231.0,0.0
kv_usage_pct,1788782232.0,0.0
kv_usage_pct,1788782233.0,0.0
kv_usage_pct,1788782234.0,0.0
kv_usage_pct,1788782235.0,0.0
kv_usage_pct,1788782236.0,0.0
kv_usage_pct,1788782237.0,0.0
kv_usage_pct,1788782238.0,0.0
kv_usage_pct,1788782239.0,0.0
kv_usage_pct,1788782240.0,2.0621476037052
kv_usage_pct,1788782241.0,3.2942760773258195
kv_usage_pct,1788782242.0,1.8632954087796971
kv_usage_pct,1788782243.0,3.27225130890052
kv_usage_pct,1788782244.0,1.7550594039468348
kv_usage_pct,1788782245.0,3.2130990737011644
kv_usage_pct,1788782246.0,1.563758558195727
kv_usage_pct,1788782247.0,3.2319774466371354
kv_usage_pct,1788782248.0,1.5146747885622203
kv_usage_pct,1788782249.0,3.225055376560615
kv_usage_pct,1788782250.0,1.2572996375352363
kv_usage_pct,1788782251.0,3.1155608135320145
kv_usage_pct,1788782252.0,0.9967780910189239
kv_usage_pct,1788782253.0,2.97271445831655
kv_usage_pct,1788782254.0,1.6310914216673411
kv_usage_pct,1788782255.0,3.0620720902134524
kv_usage_pct,1788782256.0,1.2717730567861407
kv_usage_pct,1788782257.0,2.8468586387434547
kv_usage_pct,1788782258.0,1.802255336286751
kv_usage_pct,1788782259.0,2.6750654450261813
kv_usage_pct,1788782260.0,1.9079742247281484
kv_usage_pct,1788782261.0,2.465515505436966
kv_usage_pct,1788782262.0,1.566275674587192
kv_usage_pct,1788782263.0,2.360425896093432
kv_usage_pct,1788782264.0,1.8091774063632715
kv_usage_pct,1788782265.0,2.1515052356020914
kv_usage_pct,1788782266.0,2.810360451067262
kv_usage_pct,1788782267.0,1.9677557390253675
kv_usage_pct,1788782268.0,3.009841925090617
kv_usage_pct,1788782269.0,1.3724577124446191
kv_usage_pct,1788782270.0,0.0
kv_usage_pct,1788782271.0,0.0
kv_usage_pct,1788782272.0,0.0
kv_usage_pct,1788782273.0,0.0
kv_usage_pct,1788782274.0,0.0
kv_usage_pct,1788782275.0,0.0
kv_usage_pct,1788782276.0,0.0
kv_usage_pct,1788782277.0,0.0
kv_usage_pct,1788782278.0,0.0
kv_usage_pct,1788782279.0,0.0
kv_usage_pct,1788782280.0,0.0
kv_usage_pct,1788782281.0,0.0
kv_usage_pct,1788782282.0,0.0
kv_usage_pct,1788782283.0,0.0
kv_usage_pct,1788782284.0,0.0
kv_usage_pct,1788782285.0,0.0
kv_usage_pct,1788782286.0,0.0
kv_usage_pct,1788782287.0,0.0
kv_usage_pct,1788782288.0,0.0
kv_usage_pct,1788782289.0,0.0
kv_usage_pct,1788782290.0,0.0
kv_usage_pct,1788782291.0,0.0
kv_usage_pct,1788782292.0,0.0
kv_usage_pct,1788782293.0,0.0
kv_usage_pct,1788782294.0,0.0
kv_usage_pct,1788782295.0,0.0
kv_usage_pct,1788782296.0,0.0
kv_usage_pct,1788782297.0,0.0
kv_usage_pct,1788782298.0,0.1837494965767239
kv_usage_pct,1788782299.0,1.6468233991139725
kv_usage_pct,1788782300.0,1.5153040676600837
kv_usage_pct,1788782301.0,1.4171365283930704
kv_usage_pct,1788782302.0,1.081730769230771
kv_usage_pct,1788782303.0,0.5908930728956929
kv_usage_pct,1788782304.0,0.67081151832461
kv_usage_pct,1788782305.0,1.6141008860249717
kv_usage_pct,1788782306.0,1.4945378574305224
kv_usage_pct,1788782307.0,1.4121022956101514
kv_usage_pct,1788782308.0,0.9785289971808275
kv_usage_pct,1788782309.0,0.42916834474425736
kv_usage_pct,1788782310.0,1.088023560209428
kv_usage_pct,1788782311.0,1.5801198147402329
kv_usage_pct,1788782312.0,1.4530054369714107
kv_usage_pct,1788782313.0,1.1597613773660864
kv_usage_pct,1788782314.0,0.6714407974224734
kv_usage_pct,1788782315.0,0.47007148610551663
kv_usage_pct,1788782316.0,1.6329792589609315
kv_usage_pct,1788782317.0,1.5153040676600837
kv_usage_pct,1788782318.0,1.326520338300441
kv_usage_pct,1788782319.0,0.8394583165525549
kv_usage_pct,1788782320.0,0.4329440193314493
kv_usage_pct,1788782321.0,1.647452678211836
kv_usage_pct,1788782322.0,1.5278896496173977
kv_usage_pct,1788782323.0,1.4045509464357675
kv_usage_pct,1788782324.0,0.9250402738622654
kv_usage_pct,1788782325.0,0.3737917841320937
kv_usage_pct,1788782326.0,1.658779701973423
kv_usage_pct,1788782327.0,1.5518022553362876
kv_usage_pct,1788782328.0,1.4284635521546463
kv_usage_pct,1788782329.0,0.0
kv_usage_pct,1788782330.0,0.0
kv_usage_pct,1788782331.0,0.0
kv_usage_pct,1788782332.0,0.0
kv_usage_pct,1788782333.0,0.0
kv_usage_pct,1788782334.0,0.0
kv_usage_pct,1788782335.0,0.0
kv_usage_pct,1788782336.0,0.0
kv_usage_pct,1788782337.0,0.0
kv_usage_pct,1788782338.0,0.0
kv_usage_pct,1788782339.0,0.0
kv_usage_pct,1788782340.0,0.0
kv_usage_pct,1788782341.0,0.0
kv_usage_pct,1788782342.0,0.0
kv_usage_pct,1788782343.0,0.0
kv_usage_pct,1788782344.0,0.0
kv_usage_pct,1788782345.0,0.0
kv_usage_pct,1788782346.0,0.0
kv_usage_pct,1788782347.0,0.0
kv_usage_pct,1788782348.0,0.0
kv_usage_pct,1788782349.0,0.0
kv_usage_pct,1788782350.0,0.0
kv_usage_pct,1788782351.0,0.0
preemptions_total,1788782034.0,0.0
preemptions_total,1788782035.0,0.0
preemptions_total,1788782036.0,0.0
preemptions_total,1788782037.0,0.0
preemptions_total,1788782038.0,0.0
preemptions_total,1788782039.0,0.0
preemptions_total,1788782040.0,0.0
preemptions_total,1788782041.0,0.0
preemptions_total,1788782042.0,0.0
preemptions_total,1788782043.0,0.0
preemptions_total,1788782044.0,0.0
preemptions_total,1788782045.0,0.0
preemptions_total,1788782046.0,0.0
preemptions_total,1788782047.0,0.0
preemptions_total,1788782048.0,0.0
preemptions_total,1788782049.0,0.0
preemptions_total,1788782050.0,0.0
preemptions_total,1788782051.0,0.0
preemptions_total,1788782052.0,0.0
preemptions_total,1788782053.0,0.0
preemptions_total,1788782054.0,0.0
preemptions_total,1788782055.0,0.0
preemptions_total,1788782056.0,0.0
preemptions_total,1788782057.0,0.0
preemptions_total,1788782058.0,0.0
preemptions_total,1788782059.0,0.0
preemptions_total,1788782060.0,0.0
preemptions_total,1788782061.0,0.0
preemptions_total,1788782062.0,0.0
preemptions_total,1788782063.0,0.0
preemptions_total,1788782064.0,0.0
preemptions_total,1788782065.0,0.0
preemptions_total,1788782066.0,0.0
preemptions_total,1788782067.0,0.0
preemptions_total,1788782068.0,0.0
preemptions_total,1788782069.0,0.0
preemptions_total,1788782070.0,0.0
preemptions_total,1788782071.0,0.0
preemptions_total,1788782072.0,0.0
preemptions_total,1788782073.0,0.0
preemptions_total,1788782074.0,0.0
preemptions_total,1788782075.0,0.0
preemptions_total,1788782076.0,0.0
preemptions_total,1788782077.0,0.0
preemptions_total,1788782078.0,0.0
preemptions_total,1788782079.0,0.0
preemptions_total,1788782080.0,0.0
preemptions_total,1788782081.0,0.0
preemptions_total,1788782082.0,0.0
preemptions_total,1788782083.0,0.0
preemptions_total,1788782084.0,0.0
preemptions_total,1788782085.0,0.0
preemptions_total,1788782086.0,0.0
preemptions_total,1788782087.0,0.0
preemptions_total,1788782088.0,0.0
preemptions_total,1788782089.0,0.0
preemptions_total,1788782090.0,0.0
preemptions_total,1788782091.0,0.0
preemptions_total,1788782092.0,0.0
preemptions_total,1788782093.0,0.0
preemptions_total,1788782094.0,0.0
preemptions_total,1788782095.0,0.0
preemptions_total,1788782096.0,0.0
preemptions_total,1788782097.0,0.0
preemptions_total,1788782098.0,0.0
preemptions_total,1788782099.0,0.0
preemptions_total,1788782100.0,0.0
preemptions_total,1788782101.0,0.0
preemptions_total,1788782102.0,0.0
preemptions_total,1788782103.0,0.0
preemptions_total,1788782104.0,0.0
preemptions_total,1788782105.0,0.0
preemptions_total,1788782106.0,0.0
preemptions_total,1788782107.0,0.0
preemptions_total,1788782108.0,0.0
preemptions_total,1788782109.0,0.0
preemptions_total,1788782110.0,0.0
preemptions_total,1788782111.0,0.0
preemptions_total,1788782112.0,0.0
preemptions_total,1788782113.0,0.0
preemptions_total,1788782114.0,0.0
preemptions_total,1788782115.0,0.0
preemptions_total,1788782116.0,0.0
preemptions_total,1788782117.0,0.0
preemptions_total,1788782118.0,0.0
preemptions_total,1788782119.0,0.0
preemptions_total,1788782120.0,0.0
preemptions_total,1788782121.0,0.0
preemptions_total,1788782122.0,0.0
preemptions_total,1788782123.0,0.0
preemptions_total,1788782124.0,0.0
preemptions_total,1788782125.0,0.0
preemptions_total,1788782126.0,0.0
preemptions_total,1788782127.0,0.0
preemptions_total,1788782128.0,0.0
preemptions_total,1788782129.0,0.0
preemptions_total,1788782130.0,0.0
preemptions_total,1788782131.0,0.0
preemptions_total,1788782132.0,0.0
preemptions_total,1788782133.0,0.0
preemptions_total,1788782134.0,0.0
preemptions_total,1788782135.0,0.0
preemptions_total,1788782136.0,0.0
preemptions_total,1788782137.0,0.0
preemptions_total,1788782138.0,0.0
preemptions_total,1788782139.0,0.0
preemptions_total,1788782140.0,0.0
preemptions_total,1788782141.0,0.0
preemptions_total,1788782142.0,0.0
preemptions_total,1788782143.0,0.0
preemptions_total,1788782144.0,0.0
preemptions_total,1788782145.0,0.0
preemptions_total,1788782146.0,0.0
preemptions_total,1788782147.0,0.0
preemptions_total,1788782148.0,0.0
preemptions_total,1788782149.0,0.0
preemptions_total,1788782150.0,0.0
preemptions_total,1788782151.0,0.0
preemptions_total,1788782152.0,0.0
preemptions_total,1788782153.0,0.0
preemptions_total,1788782154.0,0.0
preemptions_total,1788782155.0,0.0
preemptions_total,1788782156.0,0.0
preemptions_total,1788782157.0,0.0
preemptions_total,1788782158.0,0.0
preemptions_total,1788782159.0,0.0
preemptions_total,1788782160.0,0.0
preemptions_total,1788782161.0,0.0
preemptions_total,1788782162.0,0.0
preemptions_total,1788782163.0,0.0
preemptions_total,1788782164.0,0.0
preemptions_total,1788782165.0,0.0
preemptions_total,1788782166.0,0.0
preemptions_total,1788782167.0,0.0
preemptions_total,1788782168.0,0.0
preemptions_total,1788782169.0,0.0
preemptions_total,1788782170.0,0.0
preemptions_total,1788782171.0,0.0
preemptions_total,1788782172.0,0.0
preemptions_total,1788782173.0,0.0
preemptions_total,1788782174.0,0.0
preemptions_total,1788782175.0,0.0
preemptions_total,1788782176.0,0.0
preemptions_total,1788782177.0,0.0
preemptions_total,1788782178.0,0.0
preemptions_total,1788782179.0,0.0
preemptions_total,1788782180.0,0.0
preemptions_total,1788782181.0,0.0
preemptions_total,1788782182.0,0.0
preemptions_total,1788782183.0,0.0
preemptions_total,1788782184.0,0.0
preemptions_total,1788782185.0,0.0
preemptions_total,1788782186.0,0.0
preemptions_total,1788782187.0,0.0
preemptions_total,1788782188.0,0.0
preemptions_total,1788782189.0,0.0
preemptions_total,1788782190.0,0.0
preemptions_total,1788782191.0,0.0
preemptions_total,1788782192.0,0.0
preemptions_total,1788782193.0,0.0
preemptions_total,1788782194.0,0.0
preemptions_total,1788782195.0,0.0
preemptions_total,1788782196.0,0.0
preemptions_total,1788782197.0,0.0
preemptions_total,1788782198.0,0.0
preemptions_total,1788782199.0,0.0
preemptions_total,1788782200.0,0.0
preemptions_total,1788782201.0,0.0
preemptions_total,1788782202.0,0.0
preemptions_total,1788782203.0,0.0
preemptions_total,1788782204.0,0.0
preemptions_total,1788782205.0,0.0
preemptions_total,1788782206.0,0.0
preemptions_total,1788782207.0,0.0
preemptions_total,1788782208.0,0.0
preemptions_total,1788782209.0,0.0
preemptions_total,1788782210.0,0.0
preemptions_total,1788782211.0,0.0
preemptions_total,1788782212.0,0.0
preemptions_total,1788782213.0,0.0
preemptions_total,1788782214.0,0.0
preemptions_total,1788782215.0,0.0
preemptions_total,1788782216.0,0.0
preemptions_total,1788782217.0,0.0
preemptions_total,1788782218.0,0.0
preemptions_total,1788782219.0,0.0
preemptions_total,1788782220.0,0.0
preemptions_total,1788782221.0,0.0
preemptions_total,1788782222.0,0.0
preemptions_total,1788782223.0,0.0
preemptions_total,1788782224.0,0.0
preemptions_total,1788782225.0,0.0
preemptions_total,1788782226.0,0.0
preemptions_total,1788782227.0,0.0
preemptions_total,1788782228.0,0.0
preemptions_total,1788782229.0,0.0
preemptions_total,1788782230.0,0.0
preemptions_total,1788782231.0,0.0
preemptions_total,1788782232.0,0.0
preemptions_total,1788782233.0,0.0
preemptions_total,1788782234.0,0.0
preemptions_total,1788782235.0,0.0
preemptions_total,1788782236.0,0.0
preemptions_total,1788782237.0,0.0
preemptions_total,1788782238.0,0.0
preemptions_total,1788782239.0,0.0
preemptions_total,1788782240.0,0.0
preemptions_total,1788782241.0,0.0
preemptions_total,1788782242.0,0.0
preemptions_total,1788782243.0,0.0
preemptions_total,1788782244.0,0.0
preemptions_total,1788782245.0,0.0
preemptions_total,1788782246.0,0.0
preemptions_total,1788782247.0,0.0
preemptions_total,1788782248.0,0.0
preemptions_total,1788782249.0,0.0
preemptions_total,1788782250.0,0.0
preemptions_total,1788782251.0,0.0
preemptions_total,1788782252.0,0.0
preemptions_total,1788782253.0,0.0
preemptions_total,1788782254.0,0.0
preemptions_total,1788782255.0,0.0
preemptions_total,1788782256.0,0.0
preemptions_total,1788782257.0,0.0
preemptions_total,1788782258.0,0.0
preemptions_total,1788782259.0,0.0
preemptions_total,1788782260.0,0.0
preemptions_total,1788782261.0,0.0
preemptions_total,1788782262.0,0.0
preemptions_total,1788782263.0,0.0
preemptions_total,1788782264.0,0.0
preemptions_total,1788782265.0,0.0
preemptions_total,1788782266.0,0.0
preemptions_total,1788782267.0,0.0
preemptions_total,1788782268.0,0.0
preemptions_total,1788782269.0,0.0
preemptions_total,1788782270.0,0.0
preemptions_total,1788782271.0,0.0
preemptions_total,1788782272.0,0.0
preemptions_total,1788782273.0,0.0
preemptions_total,1788782274.0,0.0
preemptions_total,1788782275.0,0.0
preemptions_total,1788782276.0,0.0
preemptions_total,1788782277.0,0.0
preemptions_total,1788782278.0,0.0
preemptions_total,1788782279.0,0.0
preemptions_total,1788782280.0,0.0
preemptions_total,1788782281.0,0.0
preemptions_total,1788782282.0,0.0
preemptions_total,1788782283.0,0.0
preemptions_total,1788782284.0,0.0
preemptions_total,1788782285.0,0.0
preemptions_total,1788782286.0,0.0
preemptions_total,1788782287.0,0.0
preemptions_total,1788782288.0,0.0
preemptions_total,1788782289.0,0.0
preemptions_total,1788782290.0,0.0
preemptions_total,1788782291.0,0.0
preemptions_total,1788782292.0,0.0
preemptions_total,1788782293.0,0.0
preemptions_total,1788782294.0,0.0
preemptions_total,1788782295.0,0.0
preemptions_total,1788782296.0,0.0
preemptions_total,1788782297.0,0.0
preemptions_total,1788782298.0,0.0
preemptions_total,1788782299.0,0.0
preemptions_total,1788782300.0,0.0
preemptions_total,1788782301.0,0.0
preemptions_total,1788782302.0,0.0
preemptions_total,1788782303.0,0.0
preemptions_total,1788782304.0,0.0
preemptions_total,1788782305.0,0.0
preemptions_total,1788782306.0,0.0
preemptions_total,1788782307.0,0.0
preemptions_total,1788782308.0,0.0
preemptions_total,1788782309.0,0.0
preemptions_total,1788782310.0,0.0
preemptions_total,1788782311.0,0.0
preemptions_total,1788782312.0,0.0
preemptions_total,1788782313.0,0.0
preemptions_total,1788782314.0,0.0
preemptions_total,1788782315.0,0.0
preemptions_total,1788782316.0,0.0
preemptions_total,1788782317.0,0.0
preemptions_total,1788782318.0,0.0
preemptions_total,1788782319.0,0.0
preemptions_total,1788782320.0,0.0
preemptions_total,1788782321.0,0.0
preemptions_total,1788782322.0,0.0
preemptions_total,1788782323.0,0.0
preemptions_total,1788782324.0,0.0
preemptions_total,1788782325.0,0.0
preemptions_total,1788782326.0,0.0
preemptions_total,1788782327.0,0.0
preemptions_total,1788782328.0,0.0
preemptions_total,1788782329.0,0.0
preemptions_total,1788782330.0,0.0
preemptions_total,1788782331.0,0.0
preemptions_total,1788782332.0,0.0
preemptions_total,1788782333.0,0.0
preemptions_total,1788782334.0,0.0
preemptions_total,1788782335.0,0.0
preemptions_total,1788782336.0,0.0
preemptions_total,1788782337.0,0.0
preemptions_total,1788782338.0,0.0
preemptions_total,1788782339.0,0.0
preemptions_total,1788782340.0,0.0
preemptions_total,1788782341.0,0.0
preemptions_total,1788782342.0,0.0
preemptions_total,1788782343.0,0.0
preemptions_total,1788782344.0,0.0
preemptions_total,1788782345.0,0.0
preemptions_total,1788782346.0,0.0
preemptions_total,1788782347.0,0.0
preemptions_total,1788782348.0,0.0
preemptions_total,1788782349.0,0.0
preemptions_total,1788782350.0,0.0
preemptions_total,1788782351.0,0.0
llm_up,1788782034.0,1.0
llm_up,1788782035.0,1.0
llm_up,1788782036.0,1.0
llm_up,1788782037.0,1.0
llm_up,1788782038.0,1.0
llm_up,1788782039.0,1.0
llm_up,1788782040.0,1.0
llm_up,1788782041.0,1.0
llm_up,1788782042.0,1.0
llm_up,1788782043.0,1.0
llm_up,1788782044.0,1.0
llm_up,1788782045.0,1.0
llm_up,1788782046.0,1.0
llm_up,1788782047.0,1.0
llm_up,1788782048.0,1.0
llm_up,1788782049.0,1.0
llm_up,1788782050.0,1.0
llm_up,1788782051.0,1.0
llm_up,1788782052.0,1.0
llm_up,1788782053.0,1.0
llm_up,1788782054.0,1.0
llm_up,1788782055.0,1.0
llm_up,1788782056.0,1.0
llm_up,1788782057.0,1.0
llm_up,1788782058.0,1.0
llm_up,1788782059.0,1.0
llm_up,1788782060.0,1.0
llm_up,1788782061.0,1.0
llm_up,1788782062.0,1.0
llm_up,1788782063.0,1.0
llm_up,1788782064.0,1.0
llm_up,1788782065.0,1.0
llm_up,1788782066.0,1.0
llm_up,1788782067.0,1.0
llm_up,1788782068.0,1.0
llm_up,1788782069.0,1.0
llm_up,1788782070.0,1.0
llm_up,1788782071.0,1.0
llm_up,1788782072.0,1.0
llm_up,1788782073.0,1.0
llm_up,1788782074.0,1.0
llm_up,1788782075.0,1.0
llm_up,1788782076.0,1.0
llm_up,1788782077.0,1.0
llm_up,1788782078.0,1.0
llm_up,1788782079.0,1.0
llm_up,1788782080.0,1.0
llm_up,1788782081.0,1.0
llm_up,1788782082.0,1.0
llm_up,1788782083.0,1.0
llm_up,1788782084.0,1.0
llm_up,1788782085.0,1.0
llm_up,1788782086.0,1.0
llm_up,1788782087.0,1.0
llm_up,1788782088.0,1.0
llm_up,1788782089.0,1.0
llm_up,1788782090.0,1.0
llm_up,1788782091.0,1.0
llm_up,1788782092.0,1.0
llm_up,1788782093.0,1.0
llm_up,1788782094.0,1.0
llm_up,1788782095.0,1.0
llm_up,1788782096.0,1.0
llm_up,1788782097.0,1.0
llm_up,1788782098.0,1.0
llm_up,1788782099.0,1.0
llm_up,1788782100.0,1.0
llm_up,1788782101.0,1.0
llm_up,1788782102.0,1.0
llm_up,1788782103.0,1.0
llm_up,1788782104.0,1.0
llm_up,1788782105.0,1.0
llm_up,1788782106.0,1.0
llm_up,1788782107.0,1.0
llm_up,1788782108.0,1.0
llm_up,1788782109.0,1.0
llm_up,1788782110.0,1.0
llm_up,1788782111.0,1.0
llm_up,1788782112.0,1.0
llm_up,1788782113.0,1.0
llm_up,1788782114.0,1.0
llm_up,1788782115.0,1.0
llm_up,1788782116.0,1.0
llm_up,1788782117.0,1.0
llm_up,1788782118.0,1.0
llm_up,1788782119.0,1.0
llm_up,1788782120.0,1.0
llm_up,1788782121.0,1.0
llm_up,1788782122.0,1.0
llm_up,1788782123.0,1.0
llm_up,1788782124.0,1.0
llm_up,1788782125.0,1.0
llm_up,1788782126.0,1.0
llm_up,1788782127.0,1.0
llm_up,1788782128.0,1.0
llm_up,1788782129.0,1.0
llm_up,1788782130.0,1.0
llm_up,1788782131.0,1.0
llm_up,1788782132.0,1.0
llm_up,1788782133.0,1.0
llm_up,1788782134.0,1.0
llm_up,1788782135.0,1.0
llm_up,1788782136.0,1.0
llm_up,1788782137.0,1.0
llm_up,1788782138.0,1.0
llm_up,1788782139.0,1.0
llm_up,1788782140.0,1.0
llm_up,1788782141.0,1.0
llm_up,1788782142.0,1.0
llm_up,1788782143.0,1.0
llm_up,1788782144.0,1.0
llm_up,1788782145.0,1.0
llm_up,1788782146.0,1.0
llm_up,1788782147.0,1.0
llm_up,1788782148.0,1.0
llm_up,1788782149.0,1.0
llm_up,1788782150.0,1.0
llm_up,1788782151.0,1.0
llm_up,1788782152.0,1.0
llm_up,1788782153.0,1.0
llm_up,1788782154.0,1.0
llm_up,1788782155.0,1.0
llm_up,1788782156.0,1.0
llm_up,1788782157.0,1.0
llm_up,1788782158.0,1.0
llm_up,1788782159.0,1.0
llm_up,1788782160.0,1.0
llm_up,1788782161.0,1.0
llm_up,1788782162.0,1.0
llm_up,1788782163.0,1.0
llm_up,1788782164.0,1.0
llm_up,1788782165.0,1.0
llm_up,1788782166.0,1.0
llm_up,1788782167.0,1.0
llm_up,1788782168.0,1.0
llm_up,1788782169.0,1.0
llm_up,1788782170.0,1.0
llm_up,1788782171.0,1.0
llm_up,1788782172.0,1.0
llm_up,1788782173.0,1.0
llm_up,1788782174.0,1.0
llm_up,1788782175.0,1.0
llm_up,1788782176.0,1.0
llm_up,1788782177.0,1.0
llm_up,1788782178.0,1.0
llm_up,1788782179.0,1.0
llm_up,1788782180.0,1.0
llm_up,1788782181.0,1.0
llm_up,1788782182.0,1.0
llm_up,1788782183.0,1.0
llm_up,1788782184.0,1.0
llm_up,1788782185.0,1.0
llm_up,1788782186.0,1.0
llm_up,1788782187.0,1.0
llm_up,1788782188.0,1.0
llm_up,1788782189.0,1.0
llm_up,1788782190.0,1.0
llm_up,1788782191.0,1.0
llm_up,1788782192.0,1.0
llm_up,1788782193.0,1.0
llm_up,1788782194.0,1.0
llm_up,1788782195.0,1.0
llm_up,1788782196.0,1.0
llm_up,1788782197.0,1.0
llm_up,1788782198.0,1.0
llm_up,1788782199.0,1.0
llm_up,1788782200.0,1.0
llm_up,1788782201.0,1.0
llm_up,1788782202.0,1.0
llm_up,1788782203.0,1.0
llm_up,1788782204.0,1.0
llm_up,1788782205.0,1.0
llm_up,1788782206.0,1.0
llm_up,1788782207.0,1.0
llm_up,1788782208.0,1.0
llm_up,1788782209.0,1.0
llm_up,1788782210.0,1.0
llm_up,1788782211.0,1.0
llm_up,1788782212.0,1.0
llm_up,1788782213.0,1.0
llm_up,1788782214.0,1.0
llm_up,1788782215.0,1.0
llm_up,1788782216.0,1.0
llm_up,1788782217.0,1.0
llm_up,1788782218.0,1.0
llm_up,1788782219.0,1.0
llm_up,1788782220.0,1.0
llm_up,1788782221.0,1.0
llm_up,1788782222.0,1.0
llm_up,1788782223.0,1.0
llm_up,1788782224.0,1.0
llm_up,1788782225.0,1.0
llm_up,1788782226.0,1.0
llm_up,1788782227.0,1.0
llm_up,1788782228.0,1.0
llm_up,1788782229.0,1.0
llm_up,1788782230.0,1.0
llm_up,1788782231.0,1.0
llm_up,1788782232.0,1.0
llm_up,1788782233.0,1.0
llm_up,1788782234.0,1.0
llm_up,1788782235.0,1.0
llm_up,1788782236.0,1.0
llm_up,1788782237.0,1.0
llm_up,1788782238.0,1.0
llm_up,1788782239.0,1.0
llm_up,1788782240.0,1.0
llm_up,1788782241.0,1.0
llm_up,1788782242.0,1.0
llm_up,1788782243.0,1.0
llm_up,1788782244.0,1.0
llm_up,1788782245.0,1.0
llm_up,1788782246.0,1.0
llm_up,1788782247.0,1.0
llm_up,1788782248.0,1.0
llm_up,1788782249.0,1.0
llm_up,1788782250.0,1.0
llm_up,1788782251.0,1.0
llm_up,1788782252.0,1.0
llm_up,1788782253.0,1.0
llm_up,1788782254.0,1.0
llm_up,1788782255.0,1.0
llm_up,1788782256.0,1.0
llm_up,1788782257.0,1.0
llm_up,1788782258.0,1.0
llm_up,1788782259.0,1.0
llm_up,1788782260.0,1.0
llm_up,1788782261.0,1.0
llm_up,1788782262.0,1.0
llm_up,1788782263.0,1.0
llm_up,1788782264.0,1.0
llm_up,1788782265.0,1.0
llm_up,1788782266.0,1.0
llm_up,1788782267.0,1.0
llm_up,1788782268.0,1.0
llm_up,1788782269.0,1.0
llm_up,1788782270.0,1.0
llm_up,1788782271.0,1.0
llm_up,1788782272.0,1.0
llm_up,1788782273.0,1.0
llm_up,1788782274.0,1.0
llm_up,1788782275.0,1.0
llm_up,1788782276.0,1.0
llm_up,1788782277.0,1.0
llm_up,1788782278.0,1.0
llm_up,1788782279.0,1.0
llm_up,1788782280.0,1.0
llm_up,1788782281.0,1.0
llm_up,1788782282.0,1.0
llm_up,1788782283.0,1.0
llm_up,1788782284.0,1.0
llm_up,1788782285.0,1.0
llm_up,1788782286.0,1.0
llm_up,1788782287.0,1.0
llm_up,1788782288.0,1.0
llm_up,1788782289.0,1.0
llm_up,1788782290.0,1.0
llm_up,1788782291.0,1.0
llm_up,1788782292.0,1.0
llm_up,1788782293.0,1.0
llm_up,1788782294.0,1.0
llm_up,1788782295.0,1.0
llm_up,1788782296.0,1.0
llm_up,1788782297.0,1.0
llm_up,1788782298.0,1.0
llm_up,1788782299.0,1.0
llm_up,1788782300.0,1.0
llm_up,1788782301.0,1.0
llm_up,1788782302.0,1.0
llm_up,1788782303.0,1.0
llm_up,1788782304.0,1.0
llm_up,1788782305.0,1.0
llm_up,1788782306.0,1.0
llm_up,1788782307.0,1.0
llm_up,1788782308.0,1.0
llm_up,1788782309.0,1.0
llm_up,1788782310.0,1.0
llm_up,1788782311.0,1.0
llm_up,1788782312.0,1.0
llm_up,1788782313.0,1.0
llm_up,1788782314.0,1.0
llm_up,1788782315.0,1.0
llm_up,1788782316.0,1.0
llm_up,1788782317.0,1.0
llm_up,1788782318.0,1.0
llm_up,1788782319.0,1.0
llm_up,1788782320.0,1.0
llm_up,1788782321.0,1.0
llm_up,1788782322.0,1.0
llm_up,1788782323.0,1.0
llm_up,1788782324.0,1.0
llm_up,1788782325.0,1.0
llm_up,1788782326.0,1.0
llm_up,1788782327.0,1.0
llm_up,1788782328.0,1.0
llm_up,1788782329.0,1.0
llm_up,1788782330.0,1.0
llm_up,1788782331.0,1.0
llm_up,1788782332.0,1.0
llm_up,1788782333.0,1.0
llm_up,1788782334.0,1.0
llm_up,1788782335.0,1.0
llm_up,1788782336.0,1.0
llm_up,1788782337.0,1.0
llm_up,1788782338.0,1.0
llm_up,1788782339.0,1.0
llm_up,1788782340.0,1.0
llm_up,1788782341.0,1.0
llm_up,1788782342.0,1.0
llm_up,1788782343.0,1.0
llm_up,1788782344.0,1.0
llm_up,1788782345.0,1.0
llm_up,1788782346.0,1.0
llm_up,1788782347.0,1.0
llm_up,1788782348.0,1.0
llm_up,1788782349.0,1.0
llm_up,1788782350.0,1.0
llm_up,1788782351.0,1.0
dcgm_up,1788782034.0,1.0
dcgm_up,1788782035.0,1.0
dcgm_up,1788782036.0,1.0
dcgm_up,1788782037.0,1.0
dcgm_up,1788782038.0,1.0
dcgm_up,1788782039.0,1.0
dcgm_up,1788782040.0,1.0
dcgm_up,1788782041.0,1.0
dcgm_up,1788782042.0,1.0
dcgm_up,1788782043.0,1.0
dcgm_up,1788782044.0,1.0
dcgm_up,1788782045.0,1.0
dcgm_up,1788782046.0,1.0
dcgm_up,1788782047.0,1.0
dcgm_up,1788782048.0,1.0
dcgm_up,1788782049.0,1.0
dcgm_up,1788782050.0,1.0
dcgm_up,1788782051.0,1.0
dcgm_up,1788782052.0,1.0
dcgm_up,1788782053.0,1.0
dcgm_up,1788782054.0,1.0
dcgm_up,1788782055.0,1.0
dcgm_up,1788782056.0,1.0
dcgm_up,1788782057.0,1.0
dcgm_up,1788782058.0,1.0
dcgm_up,1788782059.0,1.0
dcgm_up,1788782060.0,1.0
dcgm_up,1788782061.0,1.0
dcgm_up,1788782062.0,1.0
dcgm_up,1788782063.0,1.0
dcgm_up,1788782064.0,1.0
dcgm_up,1788782065.0,1.0
dcgm_up,1788782066.0,1.0
dcgm_up,1788782067.0,1.0
dcgm_up,1788782068.0,1.0
dcgm_up,1788782069.0,1.0
dcgm_up,1788782070.0,1.0
dcgm_up,1788782071.0,1.0
dcgm_up,1788782072.0,1.0
dcgm_up,1788782073.0,1.0
dcgm_up,1788782074.0,1.0
dcgm_up,1788782075.0,1.0
dcgm_up,1788782076.0,1.0
dcgm_up,1788782077.0,1.0
dcgm_up,1788782078.0,1.0
dcgm_up,1788782079.0,1.0
dcgm_up,1788782080.0,1.0
dcgm_up,1788782081.0,1.0
dcgm_up,1788782082.0,1.0
dcgm_up,1788782083.0,1.0
dcgm_up,1788782084.0,1.0
dcgm_up,1788782085.0,1.0
dcgm_up,1788782086.0,1.0
dcgm_up,1788782087.0,1.0
dcgm_up,1788782088.0,1.0
dcgm_up,1788782089.0,1.0
dcgm_up,1788782090.0,1.0
dcgm_up,1788782091.0,1.0
dcgm_up,1788782092.0,1.0
dcgm_up,1788782093.0,1.0
dcgm_up,1788782094.0,1.0
dcgm_up,1788782095.0,1.0
dcgm_up,1788782096.0,1.0
dcgm_up,1788782097.0,1.0
dcgm_up,1788782098.0,1.0
dcgm_up,1788782099.0,1.0
dcgm_up,1788782100.0,1.0
dcgm_up,1788782101.0,1.0
dcgm_up,1788782102.0,1.0
dcgm_up,1788782103.0,1.0
dcgm_up,1788782104.0,1.0
dcgm_up,1788782105.0,1.0
dcgm_up,1788782106.0,1.0
dcgm_up,1788782107.0,1.0
dcgm_up,1788782108.0,1.0
dcgm_up,1788782109.0,1.0
dcgm_up,1788782110.0,1.0
dcgm_up,1788782111.0,1.0
dcgm_up,1788782112.0,1.0
dcgm_up,1788782113.0,1.0
dcgm_up,1788782114.0,1.0
dcgm_up,1788782115.0,1.0
dcgm_up,1788782116.0,1.0
dcgm_up,1788782117.0,1.0
dcgm_up,1788782118.0,1.0
dcgm_up,1788782119.0,1.0
dcgm_up,1788782120.0,1.0
dcgm_up,1788782121.0,1.0
dcgm_up,1788782122.0,1.0
dcgm_up,1788782123.0,1.0
dcgm_up,1788782124.0,1.0
dcgm_up,1788782125.0,1.0
dcgm_up,1788782126.0,1.0
dcgm_up,1788782127.0,1.0
dcgm_up,1788782128.0,1.0
dcgm_up,1788782129.0,1.0
dcgm_up,1788782130.0,1.0
dcgm_up,1788782131.0,1.0
dcgm_up,1788782132.0,1.0
dcgm_up,1788782133.0,1.0
dcgm_up,1788782134.0,1.0
dcgm_up,1788782135.0,1.0
dcgm_up,1788782136.0,1.0
dcgm_up,1788782137.0,1.0
dcgm_up,1788782138.0,1.0
dcgm_up,1788782139.0,1.0
dcgm_up,1788782140.0,1.0
dcgm_up,1788782141.0,1.0
dcgm_up,1788782142.0,1.0
dcgm_up,1788782143.0,1.0
dcgm_up,1788782144.0,1.0
dcgm_up,1788782145.0,1.0
dcgm_up,1788782146.0,1.0
dcgm_up,1788782147.0,1.0
dcgm_up,1788782148.0,1.0
dcgm_up,1788782149.0,1.0
dcgm_up,1788782150.0,1.0
dcgm_up,1788782151.0,1.0
dcgm_up,1788782152.0,1.0
dcgm_up,1788782153.0,1.0
dcgm_up,1788782154.0,1.0
dcgm_up,1788782155.0,1.0
dcgm_up,1788782156.0,1.0
dcgm_up,1788782157.0,1.0
dcgm_up,1788782158.0,1.0
dcgm_up,1788782159.0,1.0
dcgm_up,1788782160.0,1.0
dcgm_up,1788782161.0,1.0
dcgm_up,1788782162.0,1.0
dcgm_up,1788782163.0,1.0
dcgm_up,1788782164.0,1.0
dcgm_up,1788782165.0,1.0
dcgm_up,1788782166.0,1.0
dcgm_up,1788782167.0,1.0
dcgm_up,1788782168.0,1.0
dcgm_up,1788782169.0,1.0
dcgm_up,1788782170.0,1.0
dcgm_up,1788782171.0,1.0
dcgm_up,1788782172.0,1.0
dcgm_up,1788782173.0,1.0
dcgm_up,1788782174.0,1.0
dcgm_up,1788782175.0,1.0
dcgm_up,1788782176.0,1.0
dcgm_up,1788782177.0,1.0
dcgm_up,1788782178.0,1.0
dcgm_up,1788782179.0,1.0
dcgm_up,1788782180.0,1.0
dcgm_up,1788782181.0,1.0
dcgm_up,1788782182.0,1.0
dcgm_up,1788782183.0,1.0
dcgm_up,1788782184.0,1.0
dcgm_up,1788782185.0,1.0
dcgm_up,1788782186.0,1.0
dcgm_up,1788782187.0,1.0
dcgm_up,1788782188.0,1.0
dcgm_up,1788782189.0,1.0
dcgm_up,1788782190.0,1.0
dcgm_up,1788782191.0,1.0
dcgm_up,1788782192.0,1.0
dcgm_up,1788782193.0,1.0
dcgm_up,1788782194.0,1.0
dcgm_up,1788782195.0,1.0
dcgm_up,1788782196.0,1.0
dcgm_up,1788782197.0,1.0
dcgm_up,1788782198.0,1.0
dcgm_up,1788782199.0,1.0
dcgm_up,1788782200.0,1.0
dcgm_up,1788782201.0,1.0
dcgm_up,1788782202.0,1.0
dcgm_up,1788782203.0,1.0
dcgm_up,1788782204.0,1.0
dcgm_up,1788782205.0,1.0
dcgm_up,1788782206.0,1.0
dcgm_up,1788782207.0,1.0
dcgm_up,1788782208.0,1.0
dcgm_up,1788782209.0,1.0
dcgm_up,1788782210.0,1.0
dcgm_up,1788782211.0,1.0
dcgm_up,1788782212.0,1.0
dcgm_up,1788782213.0,1.0
dcgm_up,1788782214.0,1.0
dcgm_up,1788782215.0,1.0
dcgm_up,1788782216.0,1.0
dcgm_up,1788782217.0,1.0
dcgm_up,1788782218.0,1.0
dcgm_up,1788782219.0,1.0
dcgm_up,1788782220.0,1.0
dcgm_up,1788782221.0,1.0
dcgm_up,1788782222.0,1.0
dcgm_up,1788782223.0,1.0
dcgm_up,1788782224.0,1.0
dcgm_up,1788782225.0,1.0
dcgm_up,1788782226.0,1.0
dcgm_up,1788782227.0,1.0
dcgm_up,1788782228.0,1.0
dcgm_up,1788782229.0,1.0
dcgm_up,1788782230.0,1.0
dcgm_up,1788782231.0,1.0
dcgm_up,1788782232.0,1.0
dcgm_up,1788782233.0,1.0
dcgm_up,1788782234.0,1.0
dcgm_up,1788782235.0,1.0
dcgm_up,1788782236.0,1.0
dcgm_up,1788782237.0,1.0
dcgm_up,1788782238.0,1.0
dcgm_up,1788782239.0,1.0
dcgm_up,1788782240.0,1.0
dcgm_up,1788782241.0,1.0
dcgm_up,1788782242.0,1.0
dcgm_up,1788782243.0,1.0
dcgm_up,1788782244.0,1.0
dcgm_up,1788782245.0,1.0
dcgm_up,1788782246.0,1.0
dcgm_up,1788782247.0,1.0
dcgm_up,1788782248.0,1.0
dcgm_up,1788782249.0,1.0
dcgm_up,1788782250.0,1.0
dcgm_up,1788782251.0,1.0
dcgm_up,1788782252.0,1.0
dcgm_up,1788782253.0,1.0
dcgm_up,1788782254.0,1.0
dcgm_up,1788782255.0,1.0
dcgm_up,1788782256.0,1.0
dcgm_up,1788782257.0,1.0
dcgm_up,1788782258.0,1.0
dcgm_up,1788782259.0,1.0
dcgm_up,1788782260.0,1.0
dcgm_up,1788782261.0,1.0
dcgm_up,1788782262.0,1.0
dcgm_up,1788782263.0,1.0
dcgm_up,1788782264.0,1.0
dcgm_up,1788782265.0,1.0
dcgm_up,1788782266.0,1.0
dcgm_up,1788782267.0,1.0
dcgm_up,1788782268.0,1.0
dcgm_up,1788782269.0,1.0
dcgm_up,1788782270.0,1.0
dcgm_up,1788782271.0,1.0
dcgm_up,1788782272.0,1.0
dcgm_up,1788782273.0,1.0
dcgm_up,1788782274.0,1.0
dcgm_up,1788782275.0,1.0
dcgm_up,1788782276.0,1.0
dcgm_up,1788782277.0,1.0
dcgm_up,1788782278.0,1.0
dcgm_up,1788782279.0,1.0
dcgm_up,1788782280.0,1.0
dcgm_up,1788782281.0,1.0
dcgm_up,1788782282.0,1.0
dcgm_up,1788782283.0,1.0
dcgm_up,1788782284.0,1.0
dcgm_up,1788782285.0,1.0
dcgm_up,1788782286.0,1.0
dcgm_up,1788782287.0,1.0
dcgm_up,1788782288.0,1.0
dcgm_up,1788782289.0,1.0
dcgm_up,1788782290.0,1.0
dcgm_up,1788782291.0,1.0
dcgm_up,1788782292.0,1.0
dcgm_up,1788782293.0,1.0
dcgm_up,1788782294.0,1.0
dcgm_up,1788782295.0,1.0
dcgm_up,1788782296.0,1.0
dcgm_up,1788782297.0,1.0
dcgm_up,1788782298.0,1.0
dcgm_up,1788782299.0,1.0
dcgm_up,1788782300.0,1.0
dcgm_up,1788782301.0,1.0
dcgm_up,1788782302.0,1.0
dcgm_up,1788782303.0,1.0
dcgm_up,1788782304.0,1.0
dcgm_up,1788782305.0,1.0
dcgm_up,1788782306.0,1.0
dcgm_up,1788782307.0,1.0
dcgm_up,1788782308.0,1.0
dcgm_up,1788782309.0,1.0
dcgm_up,1788782310.0,1.0
dcgm_up,1788782311.0,1.0
dcgm_up,1788782312.0,1.0
dcgm_up,1788782313.0,1.0
dcgm_up,1788782314.0,1.0
dcgm_up,1788782315.0,1.0
dcgm_up,1788782316.0,1.0
dcgm_up,1788782317.0,1.0
dcgm_up,1788782318.0,1.0
dcgm_up,1788782319.0,1.0
dcgm_up,1788782320.0,1.0
dcgm_up,1788782321.0,1.0
dcgm_up,1788782322.0,1.0
dcgm_up,1788782323.0,1.0
dcgm_up,1788782324.0,1.0
dcgm_up,1788782325.0,1.0
dcgm_up,1788782326.0,1.0
dcgm_up,1788782327.0,1.0
dcgm_up,1788782328.0,1.0
dcgm_up,1788782329.0,1.0
dcgm_up,1788782330.0,1.0
dcgm_up,1788782331.0,1.0
dcgm_up,1788782332.0,1.0
dcgm_up,1788782333.0,1.0
dcgm_up,1788782334.0,1.0
dcgm_up,1788782335.0,1.0
dcgm_up,1788782336.0,1.0
dcgm_up,1788782337.0,1.0
dcgm_up,1788782338.0,1.0
dcgm_up,1788782339.0,1.0
dcgm_up,1788782340.0,1.0
dcgm_up,1788782341.0,1.0
dcgm_up,1788782342.0,1.0
dcgm_up,1788782343.0,1.0
dcgm_up,1788782344.0,1.0
dcgm_up,1788782345.0,1.0
dcgm_up,1788782346.0,1.0
dcgm_up,1788782347.0,1.0
dcgm_up,1788782348.0,1.0
dcgm_up,1788782349.0,1.0
dcgm_up,1788782350.0,1.0
dcgm_up,1788782351.0,1.0
