timestamp, utilization.gpu [%], memory.used [MiB], temperature.gpu, power.draw [W], clocks.current.sm [MHz], clocks.current.memory [MHz]
2026/09/10 04:23:41.530, 2 %, 563 MiB, 51, 109.39 W, 1410 MHz, 1512 MHz
2026/09/10 04:23:43.539, 2 %, 563 MiB, 51, 110.68 W, 1410 MHz, 1512 MHz
2026/09/10 04:23:45.541, 0 %, 563 MiB, 52, 109.69 W, 1410 MHz, 1512 MHz
2026/09/10 04:23:47.542, 1 %, 563 MiB, 51, 110.76 W, 1410 MHz, 1512 MHz
2026/09/10 04:23:49.544, 0 %, 563 MiB, 51, 109.42 W, 1410 MHz, 1512 MHz
2026/09/10 04:23:51.546, 7 %, 563 MiB, 52, 109.69 W, 1410 MHz, 1512 MHz
2026/09/10 04:23:53.547, 2 %, 583 MiB, 51, 109.28 W, 1410 MHz, 1512 MHz
2026/09/10 04:23:55.549, 2 %, 563 MiB, 51, 111.95 W, 1410 MHz, 1512 MHz
2026/09/10 04:23:57.551, 0 %, 585 MiB, 51, 110.57 W, 1410 MHz, 1512 MHz
2026/09/10 04:23:59.552, 1 %, 563 MiB, 52, 110.77 W, 1410 MHz, 1512 MHz
2026/09/10 04:24:01.554, 0 %, 563 MiB, 52, 110.77 W, 1410 MHz, 1512 MHz
2026/09/10 04:24:03.555, 2 %, 563 MiB, 51, 109.18 W, 1410 MHz, 1512 MHz
2026/09/10 04:24:05.557, 2 %, 563 MiB, 51, 109.39 W, 1410 MHz, 1512 MHz
2026/09/10 04:24:07.558, 0 %, 583 MiB, 52, 109.39 W, 1410 MHz, 1512 MHz
2026/09/10 04:24:09.559, 0 %, 583 MiB, 51, 109.39 W, 1410 MHz, 1512 MHz
2026/09/10 04:24:11.561, 2 %, 563 MiB, 51, 109.29 W, 1410 MHz, 1512 MHz
2026/09/10 04:24:13.563, 0 %, 563 MiB, 52, 109.69 W, 1410 MHz, 1512 MHz
2026/09/10 04:24:15.564, 0 %, 623 MiB, 51, 110.27 W, 1410 MHz, 1512 MHz
2026/09/10 04:24:17.565, 0 %, 683 MiB, 52, 110.37 W, 1410 MHz, 1512 MHz
2026/09/10 04:24:19.567, 4 %, 623 MiB, 52, 110.77 W, 1410 MHz, 1512 MHz
2026/09/10 04:24:21.568, 2 %, 643 MiB, 52, 124.02 W, 1410 MHz, 1512 MHz
2026/09/10 04:24:23.570, 0 %, 683 MiB, 52, 139.53 W, 1410 MHz, 1512 MHz
2026/09/10 04:24:25.571, 3 %, 623 MiB, 52, 113.03 W, 1410 MHz, 1512 MHz
2026/09/10 04:24:27.573, 0 %, 623 MiB, 52, 110.97 W, 1410 MHz, 1512 MHz
2026/09/10 04:24:29.574, 0 %, 683 MiB, 52, 110.87 W, 1410 MHz, 1512 MHz
2026/09/10 04:24:31.576, 1 %, 623 MiB, 52, 110.87 W, 1410 MHz, 1512 MHz
2026/09/10 04:24:33.577, 0 %, 643 MiB, 52, 146.07 W, 1410 MHz, 1512 MHz
2026/09/10 04:24:35.578, 0 %, 643 MiB, 52, 110.47 W, 1410 MHz, 1512 MHz
2026/09/10 04:24:37.580, 0 %, 653 MiB, 52, 110.77 W, 1410 MHz, 1512 MHz
2026/09/10 04:24:39.582, 2 %, 613 MiB, 52, 111.86 W, 1410 MHz, 1512 MHz
2026/09/10 04:24:41.584, 4 %, 633 MiB, 52, 109.59 W, 1410 MHz, 1512 MHz
2026/09/10 04:24:43.586, 0 %, 653 MiB, 52, 110.97 W, 1410 MHz, 1512 MHz
2026/09/10 04:24:45.588, 0 %, 613 MiB, 52, 111.26 W, 1410 MHz, 1512 MHz
2026/09/10 04:24:47.590, 2 %, 613 MiB, 52, 111.16 W, 1410 MHz, 1512 MHz
2026/09/10 04:24:49.592, 2 %, 613 MiB, 52, 219.12 W, 1410 MHz, 1512 MHz
2026/09/10 04:24:51.594, 0 %, 653 MiB, 53, 170.44 W, 1410 MHz, 1512 MHz
2026/09/10 04:24:53.595, 0 %, 685 MiB, 52, 109.28 W, 1410 MHz, 1512 MHz
2026/09/10 04:24:55.597, 0 %, 685 MiB, 52, 110.87 W, 1410 MHz, 1512 MHz
2026/09/10 04:24:57.598, 5 %, 625 MiB, 52, 111.26 W, 1410 MHz, 1512 MHz
2026/09/10 04:24:59.600, 0 %, 605 MiB, 52, 116.19 W, 1410 MHz, 1512 MHz
2026/09/10 04:25:01.602, 0 %, 605 MiB, 52, 111.16 W, 1410 MHz, 1512 MHz
2026/09/10 04:25:03.603, 0 %, 605 MiB, 52, 111.26 W, 1410 MHz, 1512 MHz
2026/09/10 04:25:05.605, 0 %, 605 MiB, 53, 111.55 W, 1410 MHz, 1512 MHz
2026/09/10 04:25:07.606, 0 %, 697 MiB, 53, 111.65 W, 1410 MHz, 1512 MHz
2026/09/10 04:25:09.608, 0 %, 605 MiB, 52, 111.36 W, 1410 MHz, 1512 MHz
2026/09/10 04:25:11.609, 5 %, 645 MiB, 53, 111.76 W, 1410 MHz, 1512 MHz
2026/09/10 04:25:13.612, 0 %, 877 MiB, 52, 110.87 W, 1410 MHz, 1512 MHz
2026/09/10 04:25:15.613, 32 %, 899 MiB, 53, 124.80 W, 1410 MHz, 1512 MHz
2026/09/10 04:25:17.617, 19 %, 745 MiB, 53, 110.87 W, 1410 MHz, 1512 MHz
2026/09/10 04:25:19.618, 13 %, 745 MiB, 54, 111.95 W, 1410 MHz, 1512 MHz
2026/09/10 04:25:21.619, 0 %, 717 MiB, 53, 110.77 W, 1410 MHz, 1512 MHz
2026/09/10 04:25:23.621, 0 %, 745 MiB, 54, 111.45 W, 1410 MHz, 1512 MHz
2026/09/10 04:25:25.622, 23 %, 885 MiB, 55, 113.53 W, 1410 MHz, 1512 MHz
2026/09/10 04:25:27.624, 0 %, 731 MiB, 54, 111.76 W, 1410 MHz, 1512 MHz
2026/09/10 04:25:29.625, 13 %, 773 MiB, 54, 113.33 W, 1410 MHz, 1512 MHz
2026/09/10 04:25:31.626, 21 %, 885 MiB, 54, 113.23 W, 1410 MHz, 1512 MHz
2026/09/10 04:25:33.627, 1 %, 703 MiB, 55, 214.11 W, 1410 MHz, 1512 MHz
2026/09/10 04:25:35.628, 0 %, 1025 MiB, 54, 112.55 W, 1410 MHz, 1512 MHz
2026/09/10 04:25:37.630, 0 %, 767 MiB, 55, 115.60 W, 1410 MHz, 1512 MHz
2026/09/10 04:25:39.631, 9 %, 847 MiB, 55, 112.45 W, 1410 MHz, 1512 MHz
2026/09/10 04:25:41.632, 17 %, 827 MiB, 54, 113.43 W, 1410 MHz, 1512 MHz
2026/09/10 04:25:43.634, 1 %, 1047 MiB, 56, 298.64 W, 1410 MHz, 1512 MHz
2026/09/10 04:25:45.635, 8 %, 827 MiB, 55, 113.92 W, 1410 MHz, 1512 MHz
2026/09/10 04:25:47.636, 89 %, 1047 MiB, 56, 115.31 W, 1410 MHz, 1512 MHz
2026/09/10 04:25:49.637, 0 %, 827 MiB, 55, 114.10 W, 1410 MHz, 1512 MHz
2026/09/10 04:25:51.638, 18 %, 887 MiB, 56, 114.92 W, 1410 MHz, 1512 MHz
2026/09/10 04:25:53.639, 1 %, 1027 MiB, 57, 300.99 W, 1410 MHz, 1512 MHz
2026/09/10 04:25:55.640, 0 %, 767 MiB, 56, 115.01 W, 1410 MHz, 1512 MHz
2026/09/10 04:25:57.642, 0 %, 827 MiB, 55, 114.12 W, 1410 MHz, 1512 MHz
2026/09/10 04:25:59.643, 1 %, 525 MiB, 54, 113.43 W, 1410 MHz, 1512 MHz
2026/09/10 04:26:01.644, 0 %, 525 MiB, 54, 113.03 W, 1410 MHz, 1512 MHz
2026/09/10 04:26:03.645, 1 %, 525 MiB, 54, 112.74 W, 1410 MHz, 1512 MHz
2026/09/10 04:26:05.647, 1 %, 525 MiB, 54, 112.55 W, 1410 MHz, 1512 MHz
2026/09/10 04:26:07.648, 1 %, 525 MiB, 53, 112.35 W, 1410 MHz, 1512 MHz
2026/09/10 04:26:09.649, 3 %, 525 MiB, 53, 112.26 W, 1410 MHz, 1512 MHz
2026/09/10 04:26:11.650, 0 %, 525 MiB, 53, 112.06 W, 1410 MHz, 1512 MHz
2026/09/10 04:26:13.652, 0 %, 525 MiB, 53, 112.16 W, 1410 MHz, 1512 MHz
2026/09/10 04:26:15.653, 0 %, 525 MiB, 53, 112.06 W, 1410 MHz, 1512 MHz
2026/09/10 04:26:17.655, 0 %, 525 MiB, 53, 111.85 W, 1410 MHz, 1512 MHz
2026/09/10 04:26:19.657, 0 %, 525 MiB, 53, 111.95 W, 1410 MHz, 1512 MHz
2026/09/10 04:26:21.658, 0 %, 525 MiB, 53, 111.75 W, 1410 MHz, 1512 MHz
2026/09/10 04:26:23.659, 1 %, 525 MiB, 53, 111.76 W, 1410 MHz, 1512 MHz
2026/09/10 04:26:25.660, 2 %, 525 MiB, 53, 111.96 W, 1410 MHz, 1512 MHz
2026/09/10 04:26:27.661, 0 %, 525 MiB, 53, 111.76 W, 1410 MHz, 1512 MHz
2026/09/10 04:26:29.662, 1 %, 525 MiB, 52, 111.55 W, 1410 MHz, 1512 MHz
2026/09/10 04:26:31.663, 0 %, 525 MiB, 52, 111.45 W, 1410 MHz, 1512 MHz
2026/09/10 04:26:33.664, 0 %, 525 MiB, 52, 111.45 W, 1410 MHz, 1512 MHz
2026/09/10 04:26:35.665, 0 %, 525 MiB, 52, 111.36 W, 1410 MHz, 1512 MHz
2026/09/10 04:26:37.666, 0 %, 525 MiB, 52, 111.45 W, 1410 MHz, 1512 MHz
2026/09/10 04:26:39.667, 0 %, 525 MiB, 52, 111.26 W, 1410 MHz, 1512 MHz
2026/09/10 04:26:41.669, 0 %, 525 MiB, 52, 111.36 W, 1410 MHz, 1512 MHz
2026/09/10 04:26:43.671, 0 %, 525 MiB, 52, 111.26 W, 1410 MHz, 1512 MHz
2026/09/10 04:26:45.672, 0 %, 525 MiB, 52, 111.16 W, 1410 MHz, 1512 MHz
2026/09/10 04:26:47.673, 1 %, 525 MiB, 52, 111.16 W, 1410 MHz, 1512 MHz
2026/09/10 04:26:49.674, 0 %, 525 MiB, 52, 111.07 W, 1410 MHz, 1512 MHz
2026/09/10 04:26:51.675, 0 %, 525 MiB, 52, 111.16 W, 1410 MHz, 1512 MHz
2026/09/10 04:26:53.676, 0 %, 565 MiB, 52, 109.89 W, 1410 MHz, 1512 MHz
2026/09/10 04:26:55.677, 0 %, 565 MiB, 52, 111.07 W, 1410 MHz, 1512 MHz
2026/09/10 04:26:57.678, 0 %, 525 MiB, 52, 110.97 W, 1410 MHz, 1512 MHz
2026/09/10 04:26:59.679, 0 %, 525 MiB, 52, 110.97 W, 1410 MHz, 1512 MHz
2026/09/10 04:27:01.680, 1 %, 525 MiB, 52, 110.97 W, 1410 MHz, 1512 MHz
2026/09/10 04:27:03.682, 1 %, 525 MiB, 52, 110.87 W, 1410 MHz, 1512 MHz
2026/09/10 04:27:05.683, 0 %, 525 MiB, 52, 110.77 W, 1410 MHz, 1512 MHz
2026/09/10 04:27:07.684, 0 %, 525 MiB, 52, 110.86 W, 1410 MHz, 1512 MHz
2026/09/10 04:27:09.685, 1 %, 525 MiB, 52, 110.87 W, 1410 MHz, 1512 MHz
2026/09/10 04:27:11.687, 3 %, 525 MiB, 52, 110.86 W, 1410 MHz, 1512 MHz
2026/09/10 04:27:13.688, 0 %, 525 MiB, 52, 110.86 W, 1410 MHz, 1512 MHz
2026/09/10 04:27:15.689, 0 %, 525 MiB, 52, 110.87 W, 1410 MHz, 1512 MHz
2026/09/10 04:27:17.690, 1 %, 525 MiB, 52, 110.77 W, 1410 MHz, 1512 MHz
2026/09/10 04:27:19.692, 0 %, 525 MiB, 52, 110.68 W, 1410 MHz, 1512 MHz
2026/09/10 04:27:21.693, 0 %, 525 MiB, 51, 110.77 W, 1410 MHz, 1512 MHz
2026/09/10 04:27:23.694, 0 %, 525 MiB, 51, 110.77 W, 1410 MHz, 1512 MHz
2026/09/10 04:27:25.695, 0 %, 525 MiB, 51, 110.77 W, 1410 MHz, 1512 MHz
2026/09/10 04:27:27.697, 2 %, 525 MiB, 51, 110.76 W, 1410 MHz, 1512 MHz
2026/09/10 04:27:29.698, 0 %, 525 MiB, 51, 110.68 W, 1410 MHz, 1512 MHz
2026/09/10 04:27:31.699, 0 %, 525 MiB, 51, 110.68 W, 1410 MHz, 1512 MHz
2026/09/10 04:27:33.700, 0 %, 525 MiB, 51, 110.77 W, 1410 MHz, 1512 MHz
2026/09/10 04:27:35.701, 0 %, 525 MiB, 51, 110.68 W, 1410 MHz, 1512 MHz
2026/09/10 04:27:37.706, 0 %, 525 MiB, 51, 110.68 W, 1410 MHz, 1512 MHz
2026/09/10 04:27:39.708, 2 %, 525 MiB, 51, 110.57 W, 1410 MHz, 1512 MHz
2026/09/10 04:27:41.709, 0 %, 525 MiB, 51, 110.58 W, 1410 MHz, 1512 MHz
2026/09/10 04:27:43.712, 0 %, 525 MiB, 51, 110.57 W, 1410 MHz, 1512 MHz
2026/09/10 04:27:45.714, 1 %, 525 MiB, 51, 110.68 W, 1410 MHz, 1512 MHz
2026/09/10 04:27:47.715, 3 %, 525 MiB, 51, 110.68 W, 1410 MHz, 1512 MHz
2026/09/10 04:27:49.716, 1 %, 525 MiB, 51, 110.60 W, 1410 MHz, 1512 MHz
2026/09/10 04:27:51.717, 0 %, 525 MiB, 51, 110.57 W, 1410 MHz, 1512 MHz
2026/09/10 04:27:53.718, 0 %, 525 MiB, 51, 110.57 W, 1410 MHz, 1512 MHz
2026/09/10 04:27:55.719, 0 %, 525 MiB, 51, 110.48 W, 1410 MHz, 1512 MHz
2026/09/10 04:27:57.720, 1 %, 525 MiB, 51, 110.47 W, 1410 MHz, 1512 MHz
2026/09/10 04:27:59.721, 1 %, 525 MiB, 51, 110.57 W, 1410 MHz, 1512 MHz
2026/09/10 04:28:01.722, 4 %, 525 MiB, 51, 110.68 W, 1410 MHz, 1512 MHz
2026/09/10 04:28:03.724, 0 %, 525 MiB, 51, 110.47 W, 1410 MHz, 1512 MHz
2026/09/10 04:28:05.725, 0 %, 525 MiB, 51, 110.47 W, 1410 MHz, 1512 MHz
2026/09/10 04:28:07.726, 0 %, 525 MiB, 51, 110.47 W, 1410 MHz, 1512 MHz
2026/09/10 04:28:09.728, 1 %, 525 MiB, 51, 112.06 W, 1410 MHz, 1512 MHz
2026/09/10 04:28:11.729, 1 %, 525 MiB, 51, 110.37 W, 1410 MHz, 1512 MHz
2026/09/10 04:28:13.731, 0 %, 527 MiB, 51, 110.37 W, 1410 MHz, 1512 MHz
2026/09/10 04:28:15.732, 0 %, 527 MiB, 51, 110.37 W, 1410 MHz, 1512 MHz
2026/09/10 04:28:17.734, 0 %, 527 MiB, 51, 110.57 W, 1410 MHz, 1512 MHz
2026/09/10 04:28:19.735, 0 %, 527 MiB, 51, 110.37 W, 1410 MHz, 1512 MHz
2026/09/10 04:28:21.736, 0 %, 531 MiB, 51, 110.27 W, 1410 MHz, 1512 MHz
2026/09/10 04:28:23.737, 0 %, 527 MiB, 51, 110.37 W, 1410 MHz, 1512 MHz
2026/09/10 04:28:25.738, 1 %, 527 MiB, 51, 110.37 W, 1410 MHz, 1512 MHz
2026/09/10 04:28:27.739, 4 %, 527 MiB, 51, 110.37 W, 1410 MHz, 1512 MHz
2026/09/10 04:28:29.740, 1 %, 531 MiB, 51, 110.37 W, 1410 MHz, 1512 MHz
2026/09/10 04:28:31.741, 0 %, 531 MiB, 51, 110.27 W, 1410 MHz, 1512 MHz
2026/09/10 04:28:33.745, 1 %, 527 MiB, 51, 111.95 W, 1410 MHz, 1512 MHz
2026/09/10 04:28:35.746, 0 %, 527 MiB, 51, 110.27 W, 1410 MHz, 1512 MHz
2026/09/10 04:28:37.747, 0 %, 529 MiB, 51, 108.99 W, 1410 MHz, 1512 MHz
2026/09/10 04:28:39.748, 1 %, 527 MiB, 51, 108.89 W, 1410 MHz, 1512 MHz
2026/09/10 04:28:41.750, 0 %, 527 MiB, 51, 109.02 W, 1410 MHz, 1512 MHz
2026/09/10 04:28:43.752, 0 %, 531 MiB, 51, 110.28 W, 1410 MHz, 1512 MHz
2026/09/10 04:28:45.753, 0 %, 529 MiB, 51, 108.82 W, 1410 MHz, 1512 MHz
2026/09/10 04:28:47.755, 0 %, 527 MiB, 51, 110.18 W, 1410 MHz, 1512 MHz
2026/09/10 04:28:49.756, 0 %, 531 MiB, 51, 110.27 W, 1410 MHz, 1512 MHz
2026/09/10 04:28:51.757, 1 %, 531 MiB, 51, 110.36 W, 1410 MHz, 1512 MHz
2026/09/10 04:28:53.758, 0 %, 531 MiB, 51, 110.27 W, 1410 MHz, 1512 MHz
2026/09/10 04:28:55.759, 0 %, 531 MiB, 51, 108.88 W, 1410 MHz, 1512 MHz
2026/09/10 04:28:57.760, 0 %, 537 MiB, 51, 110.47 W, 1410 MHz, 1512 MHz
2026/09/10 04:28:59.761, 0 %, 531 MiB, 51, 110.40 W, 1410 MHz, 1512 MHz
2026/09/10 04:29:01.762, 0 %, 531 MiB, 51, 111.36 W, 1410 MHz, 1512 MHz
2026/09/10 04:29:03.763, 0 %, 531 MiB, 51, 111.07 W, 1410 MHz, 1512 MHz
2026/09/10 04:29:05.764, 0 %, 537 MiB, 51, 115.08 W, 1410 MHz, 1512 MHz
2026/09/10 04:29:07.765, 0 %, 531 MiB, 51, 110.47 W, 1410 MHz, 1512 MHz
2026/09/10 04:29:09.767, 1 %, 533 MiB, 51, 110.47 W, 1410 MHz, 1512 MHz
2026/09/10 04:29:11.768, 0 %, 559 MiB, 51, 110.18 W, 1410 MHz, 1512 MHz
2026/09/10 04:29:13.770, 5 %, 559 MiB, 51, 132.60 W, 1410 MHz, 1512 MHz
2026/09/10 04:29:15.771, 0 %, 539 MiB, 51, 110.40 W, 1410 MHz, 1512 MHz
2026/09/10 04:29:17.772, 2 %, 539 MiB, 51, 110.47 W, 1410 MHz, 1512 MHz
2026/09/10 04:29:19.773, 0 %, 559 MiB, 51, 110.37 W, 1410 MHz, 1512 MHz
2026/09/10 04:29:21.774, 0 %, 535 MiB, 51, 110.68 W, 1410 MHz, 1512 MHz
2026/09/10 04:29:23.775, 1 %, 535 MiB, 51, 110.40 W, 1410 MHz, 1512 MHz
2026/09/10 04:29:25.778, 1 %, 535 MiB, 51, 110.58 W, 1410 MHz, 1512 MHz
2026/09/10 04:29:27.779, 0 %, 555 MiB, 51, 109.02 W, 1410 MHz, 1512 MHz
2026/09/10 04:29:29.781, 2 %, 539 MiB, 51, 110.47 W, 1410 MHz, 1512 MHz
2026/09/10 04:29:31.782, 1 %, 563 MiB, 51, 110.87 W, 1410 MHz, 1512 MHz
2026/09/10 04:29:33.784, 1 %, 563 MiB, 51, 110.57 W, 1410 MHz, 1512 MHz
2026/09/10 04:29:35.785, 1 %, 563 MiB, 51, 110.66 W, 1410 MHz, 1512 MHz
2026/09/10 04:29:37.787, 0 %, 563 MiB, 51, 120.76 W, 1410 MHz, 1512 MHz
2026/09/10 04:29:39.788, 2 %, 583 MiB, 51, 109.31 W, 1410 MHz, 1512 MHz
2026/09/10 04:29:41.789, 2 %, 563 MiB, 51, 109.39 W, 1410 MHz, 1512 MHz
2026/09/10 04:29:43.792, 2 %, 563 MiB, 51, 109.39 W, 1410 MHz, 1512 MHz
2026/09/10 04:29:45.793, 4 %, 583 MiB, 51, 109.11 W, 1410 MHz, 1512 MHz
2026/09/10 04:29:47.794, 1 %, 563 MiB, 51, 110.58 W, 1410 MHz, 1512 MHz
2026/09/10 04:29:49.795, 0 %, 585 MiB, 51, 110.68 W, 1410 MHz, 1512 MHz
2026/09/10 04:29:51.797, 0 %, 563 MiB, 51, 110.87 W, 1410 MHz, 1512 MHz
2026/09/10 04:29:53.798, 1 %, 563 MiB, 51, 110.68 W, 1410 MHz, 1512 MHz
2026/09/10 04:29:55.800, 1 %, 563 MiB, 51, 110.77 W, 1410 MHz, 1512 MHz
2026/09/10 04:29:57.801, 2 %, 563 MiB, 52, 110.57 W, 1410 MHz, 1512 MHz
2026/09/10 04:29:59.802, 0 %, 583 MiB, 51, 110.57 W, 1410 MHz, 1512 MHz
2026/09/10 04:30:01.804, 0 %, 563 MiB, 52, 109.48 W, 1410 MHz, 1512 MHz
2026/09/10 04:30:03.806, 0 %, 563 MiB, 52, 110.67 W, 1410 MHz, 1512 MHz
2026/09/10 04:30:05.807, 1 %, 667 MiB, 52, 109.85 W, 1410 MHz, 1512 MHz
2026/09/10 04:30:07.809, 1 %, 563 MiB, 52, 109.28 W, 1410 MHz, 1512 MHz
2026/09/10 04:30:09.810, 0 %, 623 MiB, 52, 110.21 W, 1410 MHz, 1512 MHz
2026/09/10 04:30:11.811, 0 %, 683 MiB, 52, 110.97 W, 1410 MHz, 1512 MHz
2026/09/10 04:30:13.813, 1 %, 623 MiB, 52, 111.07 W, 1410 MHz, 1512 MHz
2026/09/10 04:30:15.814, 2 %, 643 MiB, 52, 109.58 W, 1410 MHz, 1512 MHz
2026/09/10 04:30:17.815, 7 %, 703 MiB, 52, 109.59 W, 1410 MHz, 1512 MHz
2026/09/10 04:30:19.816, 0 %, 623 MiB, 52, 110.97 W, 1410 MHz, 1512 MHz
2026/09/10 04:30:21.817, 4 %, 623 MiB, 52, 109.89 W, 1410 MHz, 1512 MHz
2026/09/10 04:30:23.818, 7 %, 703 MiB, 52, 110.87 W, 1410 MHz, 1512 MHz
2026/09/10 04:30:25.819, 0 %, 623 MiB, 52, 125.96 W, 1410 MHz, 1512 MHz
2026/09/10 04:30:27.820, 4 %, 623 MiB, 52, 109.98 W, 1410 MHz, 1512 MHz
2026/09/10 04:30:29.821, 0 %, 643 MiB, 52, 110.57 W, 1410 MHz, 1512 MHz
2026/09/10 04:30:31.822, 0 %, 643 MiB, 52, 111.36 W, 1410 MHz, 1512 MHz
2026/09/10 04:30:33.824, 6 %, 613 MiB, 52, 110.08 W, 1410 MHz, 1512 MHz
2026/09/10 04:30:35.825, 5 %, 633 MiB, 52, 109.98 W, 1410 MHz, 1512 MHz
2026/09/10 04:30:37.828, 4 %, 653 MiB, 52, 109.98 W, 1410 MHz, 1512 MHz
2026/09/10 04:30:39.829, 0 %, 613 MiB, 52, 112.15 W, 1410 MHz, 1512 MHz
2026/09/10 04:30:41.831, 23 %, 653 MiB, 52, 111.65 W, 1410 MHz, 1512 MHz
2026/09/10 04:30:43.833, 0 %, 653 MiB, 52, 123.43 W, 1410 MHz, 1512 MHz
2026/09/10 04:30:45.834, 4 %, 633 MiB, 52, 112.94 W, 1410 MHz, 1512 MHz
2026/09/10 04:30:47.835, 0 %, 593 MiB, 53, 139.53 W, 1410 MHz, 1512 MHz
2026/09/10 04:30:49.837, 5 %, 685 MiB, 52, 110.18 W, 1410 MHz, 1512 MHz
2026/09/10 04:30:51.838, 0 %, 685 MiB, 52, 111.26 W, 1410 MHz, 1512 MHz
2026/09/10 04:30:53.839, 0 %, 625 MiB, 52, 111.75 W, 1410 MHz, 1512 MHz
2026/09/10 04:30:55.840, 5 %, 645 MiB, 52, 110.27 W, 1410 MHz, 1512 MHz
2026/09/10 04:30:57.841, 0 %, 625 MiB, 53, 137.98 W, 1410 MHz, 1512 MHz
2026/09/10 04:30:59.843, 6 %, 645 MiB, 53, 110.27 W, 1410 MHz, 1512 MHz
2026/09/10 04:31:01.843, 5 %, 697 MiB, 53, 111.55 W, 1410 MHz, 1512 MHz
2026/09/10 04:31:03.845, 0 %, 605 MiB, 53, 110.37 W, 1410 MHz, 1512 MHz
2026/09/10 04:31:05.846, 6 %, 645 MiB, 53, 116.60 W, 1410 MHz, 1512 MHz
2026/09/10 04:31:07.847, 0 %, 689 MiB, 53, 111.85 W, 1410 MHz, 1512 MHz
2026/09/10 04:31:09.848, 3 %, 625 MiB, 53, 111.86 W, 1410 MHz, 1512 MHz
2026/09/10 04:31:11.849, 0 %, 877 MiB, 52, 111.54 W, 1410 MHz, 1512 MHz
2026/09/10 04:31:13.851, 0 %, 703 MiB, 54, 112.64 W, 1410 MHz, 1512 MHz
2026/09/10 04:31:15.852, 13 %, 745 MiB, 54, 117.82 W, 1410 MHz, 1512 MHz
2026/09/10 04:31:17.853, 11 %, 787 MiB, 53, 111.26 W, 1410 MHz, 1512 MHz
2026/09/10 04:31:19.854, 0 %, 745 MiB, 54, 113.53 W, 1410 MHz, 1512 MHz
2026/09/10 04:31:21.856, 19 %, 745 MiB, 54, 111.56 W, 1410 MHz, 1512 MHz
2026/09/10 04:31:23.857, 31 %, 885 MiB, 54, 113.92 W, 1410 MHz, 1512 MHz
2026/09/10 04:31:25.860, 13 %, 703 MiB, 54, 111.76 W, 1410 MHz, 1512 MHz
2026/09/10 04:31:27.861, 10 %, 731 MiB, 55, 113.98 W, 1410 MHz, 1512 MHz
2026/09/10 04:31:29.862, 0 %, 899 MiB, 55, 113.03 W, 1410 MHz, 1512 MHz
2026/09/10 04:31:31.863, 0 %, 745 MiB, 56, 183.11 W, 1410 MHz, 1512 MHz
2026/09/10 04:31:33.864, 0 %, 1025 MiB, 54, 112.45 W, 1410 MHz, 1512 MHz
2026/09/10 04:31:35.866, 5 %, 1027 MiB, 55, 292.19 W, 1410 MHz, 1512 MHz
2026/09/10 04:31:37.867, 8 %, 827 MiB, 55, 257.12 W, 1410 MHz, 1512 MHz
2026/09/10 04:31:39.869, 0 %, 847 MiB, 55, 113.73 W, 1410 MHz, 1512 MHz
2026/09/10 04:31:41.869, 18 %, 1007 MiB, 55, 112.35 W, 1410 MHz, 1512 MHz
2026/09/10 04:31:43.872, 8 %, 827 MiB, 56, 114.03 W, 1410 MHz, 1512 MHz
2026/09/10 04:31:45.873, 70 %, 1027 MiB, 58, 153.65 W, 1410 MHz, 1512 MHz
2026/09/10 04:31:47.874, 8 %, 827 MiB, 56, 114.42 W, 1410 MHz, 1512 MHz
2026/09/10 04:31:49.875, 8 %, 827 MiB, 57, 115.39 W, 1410 MHz, 1512 MHz
2026/09/10 04:31:51.877, 47 %, 1047 MiB, 56, 113.83 W, 1410 MHz, 1512 MHz
2026/09/10 04:31:53.878, 17 %, 827 MiB, 57, 132.35 W, 1410 MHz, 1512 MHz
2026/09/10 04:31:55.879, 0 %, 827 MiB, 55, 114.21 W, 1410 MHz, 1512 MHz
2026/09/10 04:31:57.880, 0 %, 0 MiB, 55, 113.63 W, 1410 MHz, 1512 MHz
2026/09/10 04:31:59.881, 1 %, 521 MiB, 52, 109.79 W, 1410 MHz, 1512 MHz
2026/09/10 04:32:01.882, 0 %, 521 MiB, 53, 112.06 W, 1410 MHz, 1512 MHz
2026/09/10 04:32:03.882, 0 %, 521 MiB, 53, 112.35 W, 1410 MHz, 1512 MHz
2026/09/10 04:32:05.883, 0 %, 521 MiB, 53, 112.06 W, 1410 MHz, 1512 MHz
2026/09/10 04:32:07.884, 0 %, 521 MiB, 53, 110.90 W, 1410 MHz, 1512 MHz
2026/09/10 04:32:09.885, 0 %, 521 MiB, 53, 112.16 W, 1410 MHz, 1512 MHz
2026/09/10 04:32:11.886, 0 %, 521 MiB, 53, 112.16 W, 1410 MHz, 1512 MHz
2026/09/10 04:32:13.887, 0 %, 521 MiB, 53, 112.16 W, 1410 MHz, 1512 MHz
2026/09/10 04:32:15.888, 0 %, 521 MiB, 53, 112.16 W, 1410 MHz, 1512 MHz
2026/09/10 04:32:17.889, 0 %, 521 MiB, 53, 112.16 W, 1410 MHz, 1512 MHz
2026/09/10 04:32:19.890, 0 %, 521 MiB, 53, 112.16 W, 1410 MHz, 1512 MHz
2026/09/10 04:32:21.891, 0 %, 521 MiB, 53, 112.35 W, 1410 MHz, 1512 MHz
2026/09/10 04:32:23.891, 0 %, 521 MiB, 53, 112.35 W, 1410 MHz, 1512 MHz
2026/09/10 04:32:25.892, 0 %, 521 MiB, 53, 112.35 W, 1410 MHz, 1512 MHz
2026/09/10 04:32:27.893, 0 %, 521 MiB, 53, 112.35 W, 1410 MHz, 1512 MHz
2026/09/10 04:32:29.894, 0 %, 521 MiB, 53, 112.45 W, 1410 MHz, 1512 MHz
2026/09/10 04:32:31.894, 0 %, 521 MiB, 53, 112.55 W, 1410 MHz, 1512 MHz
2026/09/10 04:32:33.895, 0 %, 521 MiB, 54, 112.64 W, 1410 MHz, 1512 MHz
2026/09/10 04:32:35.897, 0 %, 521 MiB, 54, 112.55 W, 1410 MHz, 1512 MHz
2026/09/10 04:32:37.897, 0 %, 523 MiB, 54, 112.74 W, 1410 MHz, 1512 MHz
2026/09/10 04:32:39.899, 2 %, 523 MiB, 54, 113.03 W, 1410 MHz, 1512 MHz
2026/09/10 04:32:41.900, 1 %, 523 MiB, 54, 112.84 W, 1410 MHz, 1512 MHz
2026/09/10 04:32:43.909, 0 %, 523 MiB, 54, 113.24 W, 1410 MHz, 1512 MHz
2026/09/10 04:32:45.910, 1 %, 523 MiB, 54, 113.03 W, 1410 MHz, 1512 MHz
2026/09/10 04:32:47.911, 0 %, 523 MiB, 54, 113.24 W, 1410 MHz, 1512 MHz
2026/09/10 04:32:49.912, 0 %, 523 MiB, 54, 113.24 W, 1410 MHz, 1512 MHz
2026/09/10 04:32:51.914, 0 %, 523 MiB, 54, 113.34 W, 1410 MHz, 1512 MHz
2026/09/10 04:32:53.915, 0 %, 523 MiB, 54, 113.43 W, 1410 MHz, 1512 MHz
2026/09/10 04:32:55.916, 0 %, 523 MiB, 55, 113.53 W, 1410 MHz, 1512 MHz
2026/09/10 04:32:57.917, 0 %, 523 MiB, 55, 113.53 W, 1410 MHz, 1512 MHz
2026/09/10 04:32:59.918, 0 %, 523 MiB, 55, 113.63 W, 1410 MHz, 1512 MHz
2026/09/10 04:33:01.918, 2 %, 523 MiB, 55, 113.73 W, 1410 MHz, 1512 MHz
2026/09/10 04:33:03.919, 0 %, 523 MiB, 55, 113.82 W, 1410 MHz, 1512 MHz
2026/09/10 04:33:05.920, 0 %, 523 MiB, 55, 113.92 W, 1410 MHz, 1512 MHz
2026/09/10 04:33:07.921, 2 %, 523 MiB, 55, 114.02 W, 1410 MHz, 1512 MHz
2026/09/10 04:33:09.923, 1 %, 523 MiB, 55, 114.12 W, 1410 MHz, 1512 MHz
2026/09/10 04:33:11.928, 0 %, 523 MiB, 55, 114.21 W, 1410 MHz, 1512 MHz
2026/09/10 04:33:13.930, 0 %, 523 MiB, 55, 114.43 W, 1410 MHz, 1512 MHz
2026/09/10 04:33:15.931, 0 %, 525 MiB, 56, 114.53 W, 1410 MHz, 1512 MHz
2026/09/10 04:33:17.932, 0 %, 525 MiB, 56, 114.63 W, 1410 MHz, 1512 MHz
2026/09/10 04:33:19.934, 1 %, 523 MiB, 56, 115.02 W, 1410 MHz, 1512 MHz
2026/09/10 04:33:21.936, 0 %, 523 MiB, 56, 114.82 W, 1410 MHz, 1512 MHz
2026/09/10 04:33:23.938, 0 %, 523 MiB, 56, 114.92 W, 1410 MHz, 1512 MHz
2026/09/10 04:33:25.949, 4 %, 523 MiB, 56, 115.01 W, 1410 MHz, 1512 MHz
2026/09/10 04:33:27.952, 2 %, 525 MiB, 56, 115.50 W, 1410 MHz, 1512 MHz
2026/09/10 04:33:29.953, 1 %, 525 MiB, 56, 115.21 W, 1410 MHz, 1512 MHz
2026/09/10 04:33:31.954, 0 %, 523 MiB, 56, 115.40 W, 1410 MHz, 1512 MHz
2026/09/10 04:33:33.955, 1 %, 529 MiB, 57, 115.50 W, 1410 MHz, 1512 MHz
2026/09/10 04:33:35.959, 0 %, 529 MiB, 57, 115.31 W, 1410 MHz, 1512 MHz
2026/09/10 04:33:37.960, 0 %, 527 MiB, 57, 114.43 W, 1410 MHz, 1512 MHz
2026/09/10 04:33:39.961, 0 %, 527 MiB, 57, 115.60 W, 1410 MHz, 1512 MHz
2026/09/10 04:33:41.962, 1 %, 527 MiB, 57, 115.81 W, 1410 MHz, 1512 MHz
2026/09/10 04:33:43.964, 0 %, 531 MiB, 57, 115.81 W, 1410 MHz, 1512 MHz
2026/09/10 04:33:45.965, 1 %, 531 MiB, 57, 114.53 W, 1410 MHz, 1512 MHz
2026/09/10 04:33:47.966, 0 %, 527 MiB, 57, 116.10 W, 1410 MHz, 1512 MHz
2026/09/10 04:33:49.967, 0 %, 527 MiB, 57, 116.29 W, 1410 MHz, 1512 MHz
2026/09/10 04:33:51.968, 0 %, 527 MiB, 57, 116.39 W, 1410 MHz, 1512 MHz
2026/09/10 04:33:53.969, 0 %, 551 MiB, 57, 116.19 W, 1410 MHz, 1512 MHz
2026/09/10 04:33:55.970, 0 %, 551 MiB, 57, 116.39 W, 1410 MHz, 1512 MHz
2026/09/10 04:33:57.971, 1 %, 531 MiB, 58, 115.11 W, 1410 MHz, 1512 MHz
2026/09/10 04:33:59.975, 1 %, 529 MiB, 58, 115.11 W, 1410 MHz, 1512 MHz
2026/09/10 04:34:01.976, 2 %, 529 MiB, 58, 116.78 W, 1410 MHz, 1512 MHz
2026/09/10 04:34:03.976, 5 %, 531 MiB, 58, 116.58 W, 1410 MHz, 1512 MHz
2026/09/10 04:34:05.978, 0 %, 529 MiB, 58, 116.89 W, 1410 MHz, 1512 MHz
2026/09/10 04:34:07.978, 1 %, 531 MiB, 58, 117.08 W, 1410 MHz, 1512 MHz
2026/09/10 04:34:09.979, 0 %, 569 MiB, 58, 115.60 W, 1410 MHz, 1512 MHz
2026/09/10 04:34:11.980, 1 %, 531 MiB, 58, 116.92 W, 1410 MHz, 1512 MHz
2026/09/10 04:34:13.982, 0 %, 551 MiB, 58, 118.47 W, 1410 MHz, 1512 MHz
2026/09/10 04:34:15.984, 1 %, 571 MiB, 58, 117.29 W, 1410 MHz, 1512 MHz
2026/09/10 04:34:17.984, 0 %, 571 MiB, 58, 117.48 W, 1410 MHz, 1512 MHz
2026/09/10 04:34:19.985, 0 %, 561 MiB, 58, 115.90 W, 1410 MHz, 1512 MHz
2026/09/10 04:34:21.987, 1 %, 561 MiB, 58, 116.00 W, 1410 MHz, 1512 MHz
2026/09/10 04:34:23.987, 1 %, 561 MiB, 58, 115.97 W, 1410 MHz, 1512 MHz
2026/09/10 04:34:25.993, 2 %, 561 MiB, 59, 116.31 W, 1410 MHz, 1512 MHz
2026/09/10 04:34:27.994, 2 %, 561 MiB, 59, 117.99 W, 1410 MHz, 1512 MHz
2026/09/10 04:34:29.994, 0 %, 561 MiB, 59, 117.79 W, 1410 MHz, 1512 MHz
2026/09/10 04:34:31.996, 3 %, 581 MiB, 59, 117.78 W, 1410 MHz, 1512 MHz
2026/09/10 04:34:33.997, 3 %, 561 MiB, 59, 117.83 W, 1410 MHz, 1512 MHz
2026/09/10 04:34:35.998, 0 %, 561 MiB, 59, 116.45 W, 1410 MHz, 1512 MHz
2026/09/10 04:34:37.999, 0 %, 601 MiB, 59, 117.48 W, 1410 MHz, 1512 MHz
2026/09/10 04:34:40.000, 0 %, 601 MiB, 59, 117.97 W, 1410 MHz, 1512 MHz
2026/09/10 04:34:42.002, 1 %, 581 MiB, 59, 122.54 W, 1410 MHz, 1512 MHz
2026/09/10 04:34:44.011, 2 %, 581 MiB, 59, 118.86 W, 1410 MHz, 1512 MHz
2026/09/10 04:34:46.012, 0 %, 581 MiB, 59, 118.37 W, 1410 MHz, 1512 MHz
2026/09/10 04:34:48.013, 1 %, 581 MiB, 59, 120.40 W, 1410 MHz, 1512 MHz
2026/09/10 04:34:50.014, 5 %, 621 MiB, 59, 118.47 W, 1410 MHz, 1512 MHz
2026/09/10 04:34:52.016, 0 %, 581 MiB, 60, 118.47 W, 1410 MHz, 1512 MHz
2026/09/10 04:34:54.017, 3 %, 581 MiB, 59, 117.10 W, 1410 MHz, 1512 MHz
2026/09/10 04:34:56.019, 0 %, 641 MiB, 59, 118.47 W, 1410 MHz, 1512 MHz
2026/09/10 04:34:58.020, 0 %, 621 MiB, 60, 118.76 W, 1410 MHz, 1512 MHz
2026/09/10 04:35:00.021, 0 %, 601 MiB, 60, 129.82 W, 1410 MHz, 1512 MHz
2026/09/10 04:35:02.022, 4 %, 621 MiB, 60, 117.42 W, 1410 MHz, 1512 MHz
2026/09/10 04:35:04.023, 0 %, 601 MiB, 60, 117.68 W, 1410 MHz, 1512 MHz
2026/09/10 04:35:06.024, 2 %, 601 MiB, 60, 119.88 W, 1410 MHz, 1512 MHz
2026/09/10 04:35:08.026, 3 %, 621 MiB, 60, 118.03 W, 1410 MHz, 1512 MHz
2026/09/10 04:35:10.027, 21 %, 661 MiB, 61, 118.36 W, 1410 MHz, 1512 MHz
2026/09/10 04:35:12.028, 0 %, 747 MiB, 60, 119.02 W, 1410 MHz, 1512 MHz
2026/09/10 04:35:14.031, 0 %, 747 MiB, 60, 119.21 W, 1410 MHz, 1512 MHz
2026/09/10 04:35:16.032, 7 %, 693 MiB, 61, 151.19 W, 1410 MHz, 1512 MHz
2026/09/10 04:35:18.034, 0 %, 693 MiB, 61, 119.02 W, 1410 MHz, 1512 MHz
2026/09/10 04:35:20.035, 8 %, 779 MiB, 62, 290.23 W, 1410 MHz, 1512 MHz
2026/09/10 04:35:22.036, 0 %, 779 MiB, 62, 120.50 W, 1410 MHz, 1512 MHz
2026/09/10 04:35:24.038, 4 %, 693 MiB, 61, 119.45 W, 1410 MHz, 1512 MHz
2026/09/10 04:35:26.039, 11 %, 693 MiB, 62, 121.15 W, 1410 MHz, 1512 MHz
2026/09/10 04:35:28.040, 8 %, 693 MiB, 62, 123.52 W, 1410 MHz, 1512 MHz
2026/09/10 04:35:30.042, 0 %, 1037 MiB, 62, 120.40 W, 1410 MHz, 1512 MHz
2026/09/10 04:35:32.043, 44 %, 1059 MiB, 62, 138.95 W, 1410 MHz, 1512 MHz
2026/09/10 04:35:34.045, 0 %, 793 MiB, 63, 245.20 W, 1410 MHz, 1512 MHz
2026/09/10 04:35:36.046, 16 %, 873 MiB, 63, 121.26 W, 1410 MHz, 1512 MHz
2026/09/10 04:35:38.047, 1 %, 1249 MiB, 63, 145.88 W, 1410 MHz, 1512 MHz
2026/09/10 04:35:40.049, 0 %, 793 MiB, 64, 127.83 W, 1410 MHz, 1512 MHz
2026/09/10 04:35:42.050, 0 %, 793 MiB, 64, 127.49 W, 1410 MHz, 1512 MHz
2026/09/10 04:35:44.051, 47 %, 1039 MiB, 65, 126.45 W, 1410 MHz, 1512 MHz
2026/09/10 04:35:46.054, 17 %, 1005 MiB, 64, 136.04 W, 1410 MHz, 1512 MHz
2026/09/10 04:35:48.055, 15 %, 873 MiB, 64, 126.39 W, 1410 MHz, 1512 MHz
2026/09/10 04:35:50.057, 0 %, 1413 MiB, 64, 124.33 W, 1410 MHz, 1512 MHz
2026/09/10 04:35:52.058, 2 %, 1409 MiB, 65, 319.37 W, 1410 MHz, 1512 MHz
2026/09/10 04:35:54.059, 34 %, 955 MiB, 65, 126.93 W, 1410 MHz, 1512 MHz
2026/09/10 04:35:56.060, 31 %, 1135 MiB, 65, 114.78 W, 1395 MHz, 1512 MHz
2026/09/10 04:35:58.061, 0 %, 1063 MiB, 65, 125.98 W, 1410 MHz, 1512 MHz
2026/09/10 04:36:00.062, 46 %, 1063 MiB, 66, 122.83 W, 1395 MHz, 1512 MHz
2026/09/10 04:36:02.063, 32 %, 1865 MiB, 66, 157.06 W, 1410 MHz, 1512 MHz
2026/09/10 04:36:04.065, 31 %, 1063 MiB, 66, 122.85 W, 1395 MHz, 1512 MHz
2026/09/10 04:36:06.066, 2 %, 955 MiB, 68, 128.71 W, 1350 MHz, 1512 MHz
2026/09/10 04:36:08.067, 1 %, 1445 MiB, 66, 129.22 W, 1410 MHz, 1512 MHz
2026/09/10 04:36:10.068, 4 %, 1171 MiB, 67, 125.39 W, 1410 MHz, 1512 MHz
2026/09/10 04:36:12.069, 0 %, 2543 MiB, 66, 128.65 W, 1410 MHz, 1512 MHz
2026/09/10 04:36:14.071, 82 %, 2445 MiB, 67, 308.03 W, 1380 MHz, 1512 MHz
2026/09/10 04:36:16.072, 45 %, 1779 MiB, 68, 125.11 W, 1395 MHz, 1512 MHz
2026/09/10 04:36:18.073, 9 %, 1557 MiB, 68, 126.14 W, 1395 MHz, 1512 MHz
2026/09/10 04:36:20.077, 72 %, 1631 MiB, 69, 306.46 W, 1395 MHz, 1512 MHz
2026/09/10 04:36:22.077, 34 %, 2445 MiB, 70, 306.94 W, 1350 MHz, 1512 MHz
2026/09/10 04:36:24.078, 2 %, 1631 MiB, 70, 132.76 W, 1410 MHz, 1512 MHz
2026/09/10 04:36:26.079, 2 %, 2445 MiB, 70, 156.20 W, 1365 MHz, 1512 MHz
2026/09/10 04:36:28.081, 37 %, 1631 MiB, 71, 306.17 W, 1155 MHz, 1512 MHz
2026/09/10 04:36:30.082, 100 %, 2445 MiB, 72, 308.04 W, 1350 MHz, 1512 MHz
2026/09/10 04:36:32.083, 1 %, 1705 MiB, 72, 298.29 W, 1410 MHz, 1512 MHz
2026/09/10 04:36:34.084, 65 %, 3333 MiB, 72, 183.93 W, 1395 MHz, 1512 MHz
2026/09/10 04:36:36.085, 28 %, 1705 MiB, 73, 137.20 W, 1335 MHz, 1512 MHz
2026/09/10 04:36:38.086, 64 %, 1631 MiB, 70, 310.66 W, 1320 MHz, 1512 MHz
2026/09/10 04:36:40.087, 0 %, 1631 MiB, 67, 131.27 W, 1410 MHz, 1512 MHz
2026/09/10 04:36:42.089, 0 %, 523 MiB, 66, 129.16 W, 1410 MHz, 1512 MHz
2026/09/10 04:36:44.091, 1 %, 523 MiB, 65, 127.78 W, 1410 MHz, 1512 MHz
2026/09/10 04:36:46.092, 1 %, 523 MiB, 64, 125.15 W, 1410 MHz, 1512 MHz
2026/09/10 04:36:48.094, 0 %, 523 MiB, 63, 124.33 W, 1410 MHz, 1512 MHz
2026/09/10 04:36:50.094, 0 %, 523 MiB, 63, 123.53 W, 1410 MHz, 1512 MHz
2026/09/10 04:36:52.095, 2 %, 523 MiB, 62, 122.93 W, 1410 MHz, 1512 MHz
2026/09/10 04:36:54.097, 1 %, 523 MiB, 62, 122.58 W, 1410 MHz, 1512 MHz
2026/09/10 04:36:56.098, 0 %, 523 MiB, 62, 122.29 W, 1410 MHz, 1512 MHz
2026/09/10 04:36:58.099, 0 %, 523 MiB, 61, 121.89 W, 1410 MHz, 1512 MHz
2026/09/10 04:37:00.100, 0 %, 523 MiB, 61, 121.68 W, 1410 MHz, 1512 MHz
2026/09/10 04:37:02.101, 0 %, 523 MiB, 61, 121.49 W, 1410 MHz, 1512 MHz
2026/09/10 04:37:04.102, 0 %, 523 MiB, 61, 121.19 W, 1410 MHz, 1512 MHz
2026/09/10 04:37:06.103, 0 %, 523 MiB, 61, 121.32 W, 1410 MHz, 1512 MHz
2026/09/10 04:37:08.104, 4 %, 523 MiB, 60, 120.75 W, 1410 MHz, 1512 MHz
2026/09/10 04:37:10.105, 2 %, 523 MiB, 60, 120.65 W, 1410 MHz, 1512 MHz
2026/09/10 04:37:12.107, 0 %, 523 MiB, 60, 120.55 W, 1410 MHz, 1512 MHz
2026/09/10 04:37:14.110, 2 %, 523 MiB, 60, 120.40 W, 1410 MHz, 1512 MHz
2026/09/10 04:37:16.111, 0 %, 525 MiB, 60, 120.27 W, 1410 MHz, 1512 MHz
2026/09/10 04:37:18.112, 4 %, 525 MiB, 60, 119.98 W, 1410 MHz, 1512 MHz
2026/09/10 04:37:20.114, 1 %, 523 MiB, 60, 120.05 W, 1410 MHz, 1512 MHz
2026/09/10 04:37:22.115, 0 %, 523 MiB, 60, 119.95 W, 1410 MHz, 1512 MHz
2026/09/10 04:37:24.116, 1 %, 523 MiB, 60, 122.54 W, 1410 MHz, 1512 MHz
2026/09/10 04:37:26.117, 4 %, 523 MiB, 59, 119.65 W, 1410 MHz, 1512 MHz
2026/09/10 04:37:28.118, 1 %, 525 MiB, 59, 122.08 W, 1410 MHz, 1512 MHz
2026/09/10 04:37:30.119, 0 %, 523 MiB, 59, 119.55 W, 1410 MHz, 1512 MHz
2026/09/10 04:37:32.121, 1 %, 523 MiB, 59, 119.55 W, 1410 MHz, 1512 MHz
2026/09/10 04:37:34.123, 0 %, 529 MiB, 59, 119.25 W, 1410 MHz, 1512 MHz
2026/09/10 04:37:36.124, 0 %, 525 MiB, 59, 119.15 W, 1410 MHz, 1512 MHz
2026/09/10 04:37:38.125, 0 %, 525 MiB, 59, 119.05 W, 1410 MHz, 1512 MHz
2026/09/10 04:37:40.126, 1 %, 525 MiB, 59, 118.96 W, 1410 MHz, 1512 MHz
2026/09/10 04:37:42.128, 0 %, 525 MiB, 59, 118.86 W, 1410 MHz, 1512 MHz
2026/09/10 04:37:44.131, 0 %, 525 MiB, 59, 118.86 W, 1410 MHz, 1512 MHz
2026/09/10 04:37:46.132, 0 %, 525 MiB, 59, 118.66 W, 1410 MHz, 1512 MHz
2026/09/10 04:37:48.133, 0 %, 529 MiB, 58, 118.86 W, 1410 MHz, 1512 MHz
2026/09/10 04:37:50.135, 1 %, 551 MiB, 58, 118.47 W, 1410 MHz, 1512 MHz
2026/09/10 04:37:52.136, 0 %, 551 MiB, 58, 118.47 W, 1410 MHz, 1512 MHz
2026/09/10 04:37:54.137, 1 %, 531 MiB, 58, 118.57 W, 1410 MHz, 1512 MHz
2026/09/10 04:37:56.138, 1 %, 531 MiB, 58, 118.37 W, 1410 MHz, 1512 MHz
2026/09/10 04:37:58.140, 2 %, 569 MiB, 58, 118.57 W, 1410 MHz, 1512 MHz
2026/09/10 04:38:00.141, 1 %, 551 MiB, 58, 118.26 W, 1410 MHz, 1512 MHz
2026/09/10 04:38:02.142, 1 %, 529 MiB, 58, 118.17 W, 1410 MHz, 1512 MHz
2026/09/10 04:38:04.143, 1 %, 531 MiB, 58, 118.47 W, 1410 MHz, 1512 MHz
2026/09/10 04:38:06.144, 0 %, 531 MiB, 58, 118.14 W, 1410 MHz, 1512 MHz
2026/09/10 04:38:08.145, 1 %, 571 MiB, 58, 118.07 W, 1410 MHz, 1512 MHz
2026/09/10 04:38:10.146, 0 %, 571 MiB, 58, 117.84 W, 1410 MHz, 1512 MHz
2026/09/10 04:38:12.147, 2 %, 561 MiB, 58, 118.23 W, 1410 MHz, 1512 MHz
2026/09/10 04:38:14.162, 1 %, 561 MiB, 58, 118.00 W, 1410 MHz, 1512 MHz
2026/09/10 04:38:16.163, 1 %, 561 MiB, 58, 117.90 W, 1410 MHz, 1512 MHz
2026/09/10 04:38:18.164, 1 %, 561 MiB, 58, 117.80 W, 1410 MHz, 1512 MHz
2026/09/10 04:38:20.165, 1 %, 561 MiB, 58, 117.84 W, 1410 MHz, 1512 MHz
2026/09/10 04:38:22.166, 2 %, 561 MiB, 58, 117.99 W, 1410 MHz, 1512 MHz
2026/09/10 04:38:24.167, 2 %, 561 MiB, 58, 117.90 W, 1410 MHz, 1512 MHz
2026/09/10 04:38:26.168, 0 %, 601 MiB, 58, 117.21 W, 1410 MHz, 1512 MHz
2026/09/10 04:38:28.169, 5 %, 601 MiB, 58, 216.35 W, 1410 MHz, 1512 MHz
2026/09/10 04:38:30.170, 2 %, 581 MiB, 58, 122.73 W, 1410 MHz, 1512 MHz
2026/09/10 04:38:32.171, 1 %, 581 MiB, 58, 119.68 W, 1410 MHz, 1512 MHz
2026/09/10 04:38:34.173, 0 %, 581 MiB, 58, 130.02 W, 1410 MHz, 1512 MHz
2026/09/10 04:38:36.174, 10 %, 601 MiB, 58, 118.18 W, 1410 MHz, 1512 MHz
2026/09/10 04:38:38.175, 0 %, 601 MiB, 58, 128.81 W, 1410 MHz, 1512 MHz
2026/09/10 04:38:40.177, 1 %, 581 MiB, 58, 117.80 W, 1410 MHz, 1512 MHz
2026/09/10 04:38:42.178, 3 %, 581 MiB, 58, 117.87 W, 1410 MHz, 1512 MHz
2026/09/10 04:38:44.179, 0 %, 641 MiB, 58, 117.68 W, 1410 MHz, 1512 MHz
2026/09/10 04:38:46.181, 4 %, 621 MiB, 58, 118.33 W, 1410 MHz, 1512 MHz
2026/09/10 04:38:48.185, 4 %, 601 MiB, 58, 118.09 W, 1410 MHz, 1512 MHz
2026/09/10 04:38:50.186, 2 %, 621 MiB, 58, 118.58 W, 1410 MHz, 1512 MHz
2026/09/10 04:38:52.188, 4 %, 601 MiB, 58, 120.66 W, 1410 MHz, 1512 MHz
2026/09/10 04:38:54.189, 0 %, 601 MiB, 58, 118.40 W, 1410 MHz, 1512 MHz
2026/09/10 04:38:56.190, 4 %, 621 MiB, 58, 121.46 W, 1410 MHz, 1512 MHz
2026/09/10 04:38:58.192, 21 %, 601 MiB, 59, 118.59 W, 1410 MHz, 1512 MHz
2026/09/10 04:39:00.193, 0 %, 747 MiB, 58, 117.80 W, 1410 MHz, 1512 MHz
2026/09/10 04:39:02.194, 0 %, 747 MiB, 58, 118.00 W, 1410 MHz, 1512 MHz
2026/09/10 04:39:04.195, 7 %, 693 MiB, 59, 183.90 W, 1410 MHz, 1512 MHz
2026/09/10 04:39:06.196, 9 %, 693 MiB, 58, 118.73 W, 1410 MHz, 1512 MHz
2026/09/10 04:39:08.198, 0 %, 693 MiB, 58, 118.69 W, 1410 MHz, 1512 MHz
2026/09/10 04:39:10.199, 3 %, 653 MiB, 59, 118.98 W, 1410 MHz, 1512 MHz
2026/09/10 04:39:12.201, 6 %, 653 MiB, 59, 119.18 W, 1410 MHz, 1512 MHz
2026/09/10 04:39:14.210, 1 %, 779 MiB, 60, 119.02 W, 1410 MHz, 1512 MHz
2026/09/10 04:39:16.211, 8 %, 765 MiB, 59, 120.27 W, 1410 MHz, 1512 MHz
2026/09/10 04:39:18.212, 11 %, 693 MiB, 59, 120.56 W, 1410 MHz, 1512 MHz
2026/09/10 04:39:20.213, 0 %, 1037 MiB, 58, 118.89 W, 1410 MHz, 1512 MHz
2026/09/10 04:39:22.214, 83 %, 1039 MiB, 60, 137.28 W, 1410 MHz, 1512 MHz
2026/09/10 04:39:24.215, 16 %, 853 MiB, 60, 116.42 W, 1410 MHz, 1512 MHz
2026/09/10 04:39:26.216, 3 %, 853 MiB, 60, 118.59 W, 1410 MHz, 1512 MHz
2026/09/10 04:39:28.218, 1 %, 1039 MiB, 62, 304.50 W, 1410 MHz, 1512 MHz
2026/09/10 04:39:30.219, 8 %, 853 MiB, 60, 333.32 W, 1395 MHz, 1512 MHz
2026/09/10 04:39:32.221, 15 %, 793 MiB, 60, 135.22 W, 1410 MHz, 1512 MHz
2026/09/10 04:39:34.222, 79 %, 793 MiB, 61, 120.75 W, 1410 MHz, 1512 MHz
2026/09/10 04:39:36.224, 16 %, 1059 MiB, 60, 119.29 W, 1410 MHz, 1512 MHz
2026/09/10 04:39:38.226, 2 %, 853 MiB, 61, 308.70 W, 1410 MHz, 1512 MHz
2026/09/10 04:39:40.227, 0 %, 1413 MiB, 60, 119.38 W, 1410 MHz, 1512 MHz
2026/09/10 04:39:42.229, 80 %, 1269 MiB, 60, 123.82 W, 1410 MHz, 1512 MHz
2026/09/10 04:39:44.232, 19 %, 1063 MiB, 61, 117.19 W, 1410 MHz, 1512 MHz
2026/09/10 04:39:46.234, 0 %, 1135 MiB, 61, 115.11 W, 1395 MHz, 1512 MHz
2026/09/10 04:39:48.237, 2 %, 1063 MiB, 62, 121.29 W, 1335 MHz, 1512 MHz
2026/09/10 04:39:50.238, 27 %, 1063 MiB, 63, 131.85 W, 1395 MHz, 1512 MHz
2026/09/10 04:39:52.239, 24 %, 1409 MiB, 62, 121.94 W, 1410 MHz, 1512 MHz
2026/09/10 04:39:54.240, 31 %, 955 MiB, 62, 123.64 W, 1410 MHz, 1512 MHz
2026/09/10 04:39:56.241, 22 %, 1027 MiB, 64, 124.92 W, 1410 MHz, 1512 MHz
2026/09/10 04:39:58.243, 31 %, 1445 MiB, 63, 212.17 W, 1410 MHz, 1512 MHz
2026/09/10 04:40:00.244, 0 %, 1063 MiB, 63, 124.54 W, 1410 MHz, 1512 MHz
2026/09/10 04:40:02.246, 0 %, 2543 MiB, 62, 122.06 W, 1410 MHz, 1512 MHz
2026/09/10 04:40:04.247, 2 %, 2445 MiB, 63, 304.61 W, 1380 MHz, 1512 MHz
2026/09/10 04:40:06.248, 1 %, 1779 MiB, 65, 304.11 W, 1410 MHz, 1512 MHz
2026/09/10 04:40:08.249, 0 %, 1557 MiB, 64, 149.59 W, 1410 MHz, 1512 MHz
2026/09/10 04:40:10.251, 1 %, 1631 MiB, 66, 300.80 W, 1380 MHz, 1512 MHz
2026/09/10 04:40:12.252, 6 %, 2445 MiB, 66, 319.17 W, 1380 MHz, 1512 MHz
2026/09/10 04:40:14.254, 44 %, 1631 MiB, 66, 310.38 W, 1350 MHz, 1512 MHz
2026/09/10 04:40:16.256, 33 %, 2445 MiB, 66, 307.34 W, 1380 MHz, 1512 MHz
2026/09/10 04:40:18.258, 37 %, 1631 MiB, 67, 132.42 W, 1290 MHz, 1512 MHz
2026/09/10 04:40:20.259, 23 %, 2445 MiB, 66, 130.13 W, 1365 MHz, 1512 MHz
2026/09/10 04:40:22.260, 12 %, 1631 MiB, 68, 129.94 W, 1335 MHz, 1512 MHz
2026/09/10 04:40:24.261, 3 %, 2223 MiB, 67, 137.24 W, 1410 MHz, 1512 MHz
2026/09/10 04:40:26.262, 12 %, 1557 MiB, 69, 163.55 W, 1410 MHz, 1512 MHz
2026/09/10 04:40:28.264, 5 %, 1631 MiB, 69, 123.12 W, 1365 MHz, 1512 MHz
2026/09/10 04:40:30.266, 22 %, 0 MiB, 65, 128.03 W, 1410 MHz, 1512 MHz
2026/09/10 04:40:32.267, 0 %, 0 MiB, 61, 64.82 W, 465 MHz, 1512 MHz
2026/09/10 04:40:34.268, 0 %, 571 MiB, 61, 120.75 W, 1410 MHz, 1512 MHz
2026/09/10 04:40:36.269, 0 %, 571 MiB, 61, 120.40 W, 1410 MHz, 1512 MHz
2026/09/10 04:40:38.271, 0 %, 571 MiB, 60, 120.01 W, 1410 MHz, 1512 MHz
2026/09/10 04:40:40.272, 0 %, 571 MiB, 60, 119.55 W, 1410 MHz, 1512 MHz
2026/09/10 04:40:42.273, 0 %, 571 MiB, 59, 119.11 W, 1410 MHz, 1512 MHz
2026/09/10 04:40:44.274, 0 %, 571 MiB, 59, 118.82 W, 1410 MHz, 1512 MHz
2026/09/10 04:40:46.275, 0 %, 571 MiB, 59, 118.47 W, 1410 MHz, 1512 MHz
2026/09/10 04:40:48.276, 1 %, 597 MiB, 58, 118.59 W, 1410 MHz, 1512 MHz
2026/09/10 04:40:50.278, 0 %, 597 MiB, 58, 118.03 W, 1410 MHz, 1512 MHz
2026/09/10 04:40:52.281, 0 %, 597 MiB, 58, 117.58 W, 1410 MHz, 1512 MHz
2026/09/10 04:40:54.283, 0 %, 597 MiB, 58, 117.55 W, 1410 MHz, 1512 MHz
2026/09/10 04:40:56.285, 19 %, 579 MiB, 58, 118.55 W, 1410 MHz, 1512 MHz
2026/09/10 04:40:58.286, 0 %, 793 MiB, 58, 117.61 W, 1410 MHz, 1512 MHz
2026/09/10 04:41:00.287, 0 %, 793 MiB, 57, 117.31 W, 1410 MHz, 1512 MHz
2026/09/10 04:41:02.288, 23 %, 759 MiB, 58, 118.30 W, 1410 MHz, 1512 MHz
2026/09/10 04:41:04.289, 0 %, 609 MiB, 59, 119.34 W, 1410 MHz, 1512 MHz
2026/09/10 04:41:06.290, 0 %, 609 MiB, 58, 118.00 W, 1410 MHz, 1512 MHz
2026/09/10 04:41:08.290, 0 %, 609 MiB, 57, 117.61 W, 1410 MHz, 1512 MHz
2026/09/10 04:41:10.292, 14 %, 649 MiB, 58, 118.13 W, 1410 MHz, 1512 MHz
2026/09/10 04:41:12.293, 0 %, 761 MiB, 57, 117.26 W, 1410 MHz, 1512 MHz
2026/09/10 04:41:14.294, 0 %, 761 MiB, 57, 116.85 W, 1410 MHz, 1512 MHz
2026/09/10 04:41:16.296, 19 %, 611 MiB, 58, 118.58 W, 1410 MHz, 1512 MHz
2026/09/10 04:41:18.297, 53 %, 611 MiB, 60, 119.69 W, 1410 MHz, 1512 MHz
2026/09/10 04:41:20.298, 0 %, 613 MiB, 58, 117.64 W, 1410 MHz, 1512 MHz
2026/09/10 04:41:22.299, 12 %, 611 MiB, 59, 209.75 W, 1410 MHz, 1512 MHz
2026/09/10 04:41:24.300, 0 %, 765 MiB, 57, 117.11 W, 1410 MHz, 1512 MHz
2026/09/10 04:41:26.301, 37 %, 763 MiB, 63, 276.24 W, 1410 MHz, 1512 MHz
2026/09/10 04:41:28.301, 0 %, 613 MiB, 60, 120.17 W, 1410 MHz, 1512 MHz
2026/09/10 04:41:30.302, 26 %, 629 MiB, 61, 170.36 W, 1410 MHz, 1512 MHz
2026/09/10 04:41:32.304, 0 %, 0 MiB, 60, 119.78 W, 1410 MHz, 1512 MHz
2026/09/10 04:41:34.334, 0 %, 0 MiB, 56, 62.67 W, 495 MHz, 1512 MHz
2026/09/10 04:41:36.335, 0 %, 4 MiB, 53, 56.12 W, 210 MHz, 1512 MHz
2026/09/10 04:41:38.336, 0 %, 4 MiB, 51, 54.83 W, 210 MHz, 1512 MHz
2026/09/10 04:41:40.337, 0 %, 4 MiB, 49, 54.23 W, 210 MHz, 1512 MHz
2026/09/10 04:41:42.338, 0 %, 4 MiB, 48, 53.75 W, 210 MHz, 1512 MHz
2026/09/10 04:41:44.339, 0 %, 4 MiB, 47, 53.37 W, 210 MHz, 1512 MHz
2026/09/10 04:41:46.340, 0 %, 4 MiB, 47, 52.98 W, 210 MHz, 1512 MHz
2026/09/10 04:41:48.341, 0 %, 513 MiB, 49, 105.93 W, 1410 MHz, 1512 MHz
2026/09/10 04:41:50.342, 0 %, 513 MiB, 51, 108.50 W, 1410 MHz, 1512 MHz
2026/09/10 04:41:52.343, 0 %, 513 MiB, 51, 108.99 W, 1410 MHz, 1512 MHz
2026/09/10 04:41:54.344, 0 %, 513 MiB, 52, 109.18 W, 1410 MHz, 1512 MHz
2026/09/10 04:41:56.345, 0 %, 513 MiB, 52, 109.39 W, 1410 MHz, 1512 MHz
2026/09/10 04:41:58.347, 0 %, 513 MiB, 52, 109.59 W, 1410 MHz, 1512 MHz
2026/09/10 04:42:00.348, 0 %, 513 MiB, 52, 109.59 W, 1410 MHz, 1512 MHz
2026/09/10 04:42:02.351, 0 %, 513 MiB, 52, 108.21 W, 1410 MHz, 1512 MHz
2026/09/10 04:42:04.352, 0 %, 513 MiB, 52, 109.79 W, 1410 MHz, 1512 MHz
2026/09/10 04:42:06.354, 0 %, 513 MiB, 52, 108.31 W, 1410 MHz, 1512 MHz
2026/09/10 04:42:08.354, 0 %, 593 MiB, 52, 110.24 W, 1410 MHz, 1512 MHz
2026/09/10 04:42:10.357, 1 %, 593 MiB, 52, 108.82 W, 1410 MHz, 1512 MHz
2026/09/10 04:42:12.359, 0 %, 811 MiB, 52, 110.11 W, 1410 MHz, 1512 MHz
2026/09/10 04:42:14.361, 0 %, 811 MiB, 52, 110.11 W, 1410 MHz, 1512 MHz
2026/09/10 04:42:16.362, 0 %, 811 MiB, 52, 108.53 W, 1410 MHz, 1512 MHz
2026/09/10 04:42:18.362, 11 %, 0 MiB, 52, 111.99 W, 1410 MHz, 1512 MHz
2026/09/10 04:42:20.363, 0 %, 0 MiB, 51, 57.62 W, 360 MHz, 1512 MHz
2026/09/10 04:42:22.364, 0 %, 0 MiB, 47, 53.37 W, 210 MHz, 1512 MHz
2026/09/10 04:42:24.365, 0 %, 0 MiB, 46, 52.87 W, 210 MHz, 1512 MHz
2026/09/10 04:42:26.366, 0 %, 0 MiB, 45, 52.38 W, 210 MHz, 1512 MHz
2026/09/10 04:42:28.367, 0 %, 0 MiB, 44, 52.17 W, 210 MHz, 1512 MHz
2026/09/10 04:42:30.368, 0 %, 0 MiB, 44, 52.25 W, 210 MHz, 1512 MHz
2026/09/10 04:42:32.368, 0 %, 0 MiB, 43, 52.18 W, 210 MHz, 1512 MHz
2026/09/10 04:42:34.369, 0 %, 0 MiB, 43, 51.96 W, 210 MHz, 1512 MHz
2026/09/10 04:42:36.370, 0 %, 0 MiB, 42, 51.68 W, 210 MHz, 1512 MHz
2026/09/10 04:42:38.372, 0 %, 0 MiB, 42, 51.70 W, 210 MHz, 1512 MHz
2026/09/10 04:42:40.373, 0 %, 0 MiB, 42, 51.58 W, 210 MHz, 1512 MHz
2026/09/10 04:42:42.374, 0 %, 0 MiB, 41, 51.38 W, 210 MHz, 1512 MHz
2026/09/10 04:42:44.377, 0 %, 0 MiB, 41, 51.20 W, 210 MHz, 1512 MHz
2026/09/10 04:42:46.378, 3 %, 1007 MiB, 45, 104.54 W, 1410 MHz, 1512 MHz
2026/09/10 04:42:48.379, 2 %, 1525 MiB, 46, 104.09 W, 1410 MHz, 1512 MHz
2026/09/10 04:42:50.380, 2 %, 2023 MiB, 47, 104.62 W, 1410 MHz, 1512 MHz
2026/09/10 04:42:52.383, 1 %, 2485 MiB, 47, 104.94 W, 1410 MHz, 1512 MHz
2026/09/10 04:42:54.387, 3 %, 2899 MiB, 48, 105.25 W, 1410 MHz, 1512 MHz
2026/09/10 04:42:56.389, 3 %, 3417 MiB, 48, 106.99 W, 1410 MHz, 1512 MHz
2026/09/10 04:42:58.390, 81 %, 4123 MiB, 51, 256.36 W, 1395 MHz, 1512 MHz
2026/09/10 04:43:00.391, 14 %, 4123 MiB, 51, 109.04 W, 1410 MHz, 1512 MHz
2026/09/10 04:43:02.392, 0 %, 0 MiB, 50, 108.24 W, 1410 MHz, 1512 MHz
2026/09/10 04:43:04.393, 0 %, 0 MiB, 46, 52.67 W, 210 MHz, 1512 MHz
2026/09/10 04:43:06.394, 0 %, 0 MiB, 44, 52.38 W, 210 MHz, 1512 MHz
2026/09/10 04:43:08.396, 0 %, 21 MiB, 44, 72.38 W, 1410 MHz, 1512 MHz
2026/09/10 04:43:10.402, 8 %, 0 MiB, 47, 103.89 W, 1410 MHz, 1512 MHz
2026/09/10 04:43:12.403, 0 %, 0 MiB, 45, 54.86 W, 300 MHz, 1512 MHz
2026/09/10 04:43:14.409, 0 %, 0 MiB, 43, 51.87 W, 210 MHz, 1512 MHz
2026/09/10 04:43:16.411, 0 %, 0 MiB, 42, 51.48 W, 210 MHz, 1512 MHz
2026/09/10 04:43:18.413, 0 %, 0 MiB, 41, 51.31 W, 210 MHz, 1512 MHz
2026/09/10 04:43:20.415, 0 %, 0 MiB, 41, 50.99 W, 210 MHz, 1512 MHz
2026/09/10 04:43:22.417, 0 %, 0 MiB, 41, 50.99 W, 210 MHz, 1512 MHz
2026/09/10 04:43:24.418, 0 %, 0 MiB, 40, 50.80 W, 210 MHz, 1512 MHz
2026/09/10 04:43:26.419, 0 %, 0 MiB, 40, 50.81 W, 210 MHz, 1512 MHz
2026/09/10 04:43:28.421, 0 %, 0 MiB, 40, 50.70 W, 210 MHz, 1512 MHz
2026/09/10 04:43:30.422, 0 %, 0 MiB, 39, 50.49 W, 210 MHz, 1512 MHz
2026/09/10 04:43:32.423, 0 %, 0 MiB, 39, 50.51 W, 210 MHz, 1512 MHz
2026/09/10 04:43:34.425, 0 %, 0 MiB, 39, 50.30 W, 210 MHz, 1512 MHz
2026/09/10 04:43:36.427, 0 %, 0 MiB, 39, 50.40 W, 210 MHz, 1512 MHz
2026/09/10 04:43:38.428, 0 %, 0 MiB, 39, 50.31 W, 210 MHz, 1512 MHz
2026/09/10 04:43:40.430, 0 %, 0 MiB, 39, 50.21 W, 210 MHz, 1512 MHz
2026/09/10 04:43:42.431, 0 %, 0 MiB, 38, 50.13 W, 210 MHz, 1512 MHz
2026/09/10 04:43:44.434, 0 %, 0 MiB, 38, 50.10 W, 210 MHz, 1512 MHz
2026/09/10 04:43:46.435, 0 %, 0 MiB, 38, 50.10 W, 210 MHz, 1512 MHz
2026/09/10 04:43:48.436, 0 %, 0 MiB, 38, 49.91 W, 210 MHz, 1512 MHz
2026/09/10 04:43:50.439, 0 %, 0 MiB, 38, 49.91 W, 210 MHz, 1512 MHz
2026/09/10 04:43:52.440, 0 %, 0 MiB, 38, 50.01 W, 210 MHz, 1512 MHz
2026/09/10 04:43:54.441, 0 %, 0 MiB, 38, 49.90 W, 210 MHz, 1512 MHz
2026/09/10 04:43:56.442, 0 %, 0 MiB, 38, 49.71 W, 210 MHz, 1512 MHz
2026/09/10 04:43:58.443, 0 %, 0 MiB, 37, 49.74 W, 210 MHz, 1512 MHz
2026/09/10 04:44:00.444, 0 %, 0 MiB, 37, 49.81 W, 210 MHz, 1512 MHz
2026/09/10 04:44:02.445, 0 %, 0 MiB, 37, 49.81 W, 210 MHz, 1512 MHz
2026/09/10 04:44:04.447, 0 %, 0 MiB, 37, 49.71 W, 210 MHz, 1512 MHz
2026/09/10 04:44:06.448, 0 %, 0 MiB, 37, 49.74 W, 210 MHz, 1512 MHz
2026/09/10 04:44:08.449, 0 %, 0 MiB, 37, 49.64 W, 210 MHz, 1512 MHz
2026/09/10 04:44:10.451, 0 %, 0 MiB, 37, 49.62 W, 210 MHz, 1512 MHz
2026/09/10 04:44:12.452, 0 %, 0 MiB, 37, 49.62 W, 210 MHz, 1512 MHz
2026/09/10 04:44:14.455, 0 %, 0 MiB, 37, 49.52 W, 210 MHz, 1512 MHz
2026/09/10 04:44:16.456, 0 %, 0 MiB, 37, 49.62 W, 210 MHz, 1512 MHz
2026/09/10 04:44:18.457, 0 %, 0 MiB, 37, 49.42 W, 210 MHz, 1512 MHz
2026/09/10 04:44:20.459, 0 %, 0 MiB, 37, 49.54 W, 210 MHz, 1512 MHz
2026/09/10 04:44:22.460, 0 %, 0 MiB, 36, 49.51 W, 210 MHz, 1512 MHz
2026/09/10 04:44:24.462, 0 %, 0 MiB, 36, 49.33 W, 210 MHz, 1512 MHz
2026/09/10 04:44:26.463, 0 %, 0 MiB, 36, 49.31 W, 210 MHz, 1512 MHz
2026/09/10 04:44:28.464, 0 %, 0 MiB, 36, 49.41 W, 210 MHz, 1512 MHz
2026/09/10 04:44:30.465, 0 %, 0 MiB, 36, 49.41 W, 210 MHz, 1512 MHz
2026/09/10 04:44:32.467, 0 %, 0 MiB, 36, 49.20 W, 210 MHz, 1512 MHz
2026/09/10 04:44:34.469, 0 %, 0 MiB, 36, 49.30 W, 210 MHz, 1512 MHz
2026/09/10 04:44:36.470, 0 %, 0 MiB, 36, 49.20 W, 210 MHz, 1512 MHz
2026/09/10 04:44:38.471, 0 %, 0 MiB, 36, 49.41 W, 210 MHz, 1512 MHz
2026/09/10 04:44:40.472, 0 %, 0 MiB, 36, 49.23 W, 210 MHz, 1512 MHz
2026/09/10 04:44:42.473, 0 %, 0 MiB, 36, 49.32 W, 210 MHz, 1512 MHz
2026/09/10 04:44:44.475, 0 %, 0 MiB, 36, 49.30 W, 210 MHz, 1512 MHz
2026/09/10 04:44:46.476, 0 %, 0 MiB, 36, 49.23 W, 210 MHz, 1512 MHz
2026/09/10 04:44:48.477, 0 %, 0 MiB, 36, 49.21 W, 210 MHz, 1512 MHz
2026/09/10 04:44:50.479, 0 %, 0 MiB, 36, 49.23 W, 210 MHz, 1512 MHz
2026/09/10 04:44:52.480, 0 %, 0 MiB, 36, 49.12 W, 210 MHz, 1512 MHz
2026/09/10 04:44:54.481, 0 %, 0 MiB, 36, 49.20 W, 210 MHz, 1512 MHz
2026/09/10 04:44:56.482, 0 %, 0 MiB, 36, 49.20 W, 210 MHz, 1512 MHz
2026/09/10 04:44:58.483, 0 %, 0 MiB, 36, 49.13 W, 210 MHz, 1512 MHz
2026/09/10 04:45:00.485, 0 %, 0 MiB, 36, 49.13 W, 210 MHz, 1512 MHz
2026/09/10 04:45:02.486, 0 %, 0 MiB, 36, 49.19 W, 210 MHz, 1512 MHz
2026/09/10 04:45:04.601, 0 %, 4 MiB, 39, 99.38 W, 1410 MHz, 1512 MHz
2026/09/10 04:45:06.603, 2 %, 425 MiB, 39, 99.10 W, 1410 MHz, 1512 MHz
2026/09/10 04:45:08.605, 0 %, 0 MiB, 39, 52.14 W, 330 MHz, 1512 MHz
2026/09/10 04:45:10.606, 0 %, 0 MiB, 37, 49.82 W, 210 MHz, 1512 MHz
2026/09/10 04:45:12.607, 0 %, 0 MiB, 37, 49.62 W, 210 MHz, 1512 MHz
2026/09/10 04:45:14.611, 0 %, 0 MiB, 36, 49.51 W, 210 MHz, 1512 MHz
2026/09/10 04:45:16.612, 0 %, 0 MiB, 36, 49.29 W, 210 MHz, 1512 MHz
2026/09/10 04:45:18.614, 0 %, 0 MiB, 36, 49.40 W, 210 MHz, 1512 MHz
2026/09/10 04:45:20.615, 0 %, 0 MiB, 36, 49.30 W, 210 MHz, 1512 MHz
2026/09/10 04:45:22.616, 0 %, 0 MiB, 36, 49.29 W, 210 MHz, 1512 MHz
2026/09/10 04:45:24.617, 0 %, 0 MiB, 36, 49.29 W, 210 MHz, 1512 MHz
2026/09/10 04:45:26.619, 0 %, 0 MiB, 36, 49.22 W, 210 MHz, 1512 MHz
2026/09/10 04:45:28.620, 0 %, 0 MiB, 36, 49.10 W, 210 MHz, 1512 MHz
2026/09/10 04:45:30.621, 0 %, 0 MiB, 36, 49.10 W, 210 MHz, 1512 MHz
2026/09/10 04:45:32.623, 0 %, 0 MiB, 36, 49.10 W, 210 MHz, 1512 MHz
2026/09/10 04:45:34.624, 0 %, 0 MiB, 36, 49.01 W, 210 MHz, 1512 MHz
2026/09/10 04:45:36.625, 0 %, 0 MiB, 36, 49.10 W, 210 MHz, 1512 MHz
2026/09/10 04:45:38.627, 0 %, 0 MiB, 35, 49.01 W, 210 MHz, 1512 MHz
2026/09/10 04:45:40.628, 0 %, 0 MiB, 35, 49.10 W, 210 MHz, 1512 MHz
2026/09/10 04:45:42.629, 0 %, 0 MiB, 35, 49.13 W, 210 MHz, 1512 MHz
2026/09/10 04:45:44.632, 0 %, 0 MiB, 35, 49.10 W, 210 MHz, 1512 MHz
2026/09/10 04:45:46.633, 0 %, 0 MiB, 35, 49.10 W, 210 MHz, 1512 MHz
2026/09/10 04:45:48.636, 0 %, 0 MiB, 35, 49.13 W, 210 MHz, 1512 MHz
2026/09/10 04:45:50.638, 0 %, 0 MiB, 35, 49.01 W, 210 MHz, 1512 MHz
2026/09/10 04:45:52.639, 0 %, 0 MiB, 35, 49.10 W, 210 MHz, 1512 MHz
2026/09/10 04:45:54.641, 0 %, 0 MiB, 35, 49.01 W, 210 MHz, 1512 MHz
2026/09/10 04:45:56.643, 0 %, 0 MiB, 35, 49.01 W, 210 MHz, 1512 MHz
2026/09/10 04:45:58.645, 0 %, 0 MiB, 35, 48.93 W, 210 MHz, 1512 MHz
2026/09/10 04:46:00.646, 0 %, 0 MiB, 35, 49.01 W, 210 MHz, 1512 MHz
2026/09/10 04:46:02.648, 0 %, 0 MiB, 35, 49.03 W, 210 MHz, 1512 MHz
2026/09/10 04:46:04.648, 0 %, 0 MiB, 35, 48.92 W, 210 MHz, 1512 MHz
2026/09/10 04:46:06.650, 0 %, 0 MiB, 35, 49.03 W, 210 MHz, 1512 MHz
2026/09/10 04:46:08.651, 0 %, 0 MiB, 35, 48.92 W, 210 MHz, 1512 MHz
2026/09/10 04:46:10.652, 0 %, 0 MiB, 35, 48.91 W, 210 MHz, 1512 MHz
2026/09/10 04:46:12.654, 0 %, 0 MiB, 35, 48.91 W, 210 MHz, 1512 MHz
2026/09/10 04:46:14.656, 0 %, 0 MiB, 35, 49.01 W, 210 MHz, 1512 MHz
2026/09/10 04:46:16.657, 0 %, 0 MiB, 35, 49.01 W, 210 MHz, 1512 MHz
2026/09/10 04:46:18.658, 0 %, 0 MiB, 35, 48.99 W, 210 MHz, 1512 MHz
2026/09/10 04:46:20.659, 0 %, 0 MiB, 35, 48.90 W, 210 MHz, 1512 MHz
2026/09/10 04:46:22.661, 0 %, 0 MiB, 35, 48.90 W, 210 MHz, 1512 MHz
2026/09/10 04:46:24.662, 0 %, 0 MiB, 35, 49.00 W, 210 MHz, 1512 MHz
2026/09/10 04:46:26.662, 0 %, 0 MiB, 35, 48.91 W, 210 MHz, 1512 MHz
2026/09/10 04:46:28.664, 0 %, 0 MiB, 35, 49.02 W, 210 MHz, 1512 MHz
2026/09/10 04:46:30.666, 0 %, 0 MiB, 35, 49.01 W, 210 MHz, 1512 MHz
2026/09/10 04:46:32.668, 0 %, 0 MiB, 35, 48.82 W, 210 MHz, 1512 MHz
2026/09/10 04:46:34.669, 0 %, 0 MiB, 35, 48.83 W, 210 MHz, 1512 MHz
2026/09/10 04:46:36.670, 0 %, 0 MiB, 35, 48.81 W, 210 MHz, 1512 MHz
2026/09/10 04:46:38.672, 0 %, 0 MiB, 35, 48.91 W, 210 MHz, 1512 MHz
2026/09/10 04:46:40.673, 0 %, 0 MiB, 35, 48.91 W, 210 MHz, 1512 MHz
2026/09/10 04:46:42.675, 0 %, 0 MiB, 35, 49.31 W, 210 MHz, 1512 MHz
2026/09/10 04:46:44.677, 0 %, 0 MiB, 35, 49.10 W, 210 MHz, 1512 MHz
2026/09/10 04:46:46.679, 0 %, 0 MiB, 35, 49.31 W, 210 MHz, 1512 MHz
2026/09/10 04:46:48.680, 0 %, 0 MiB, 35, 49.30 W, 210 MHz, 1512 MHz
2026/09/10 04:46:50.682, 0 %, 0 MiB, 35, 49.41 W, 210 MHz, 1512 MHz
2026/09/10 04:46:52.683, 0 %, 0 MiB, 35, 49.31 W, 210 MHz, 1512 MHz
2026/09/10 04:46:54.685, 0 %, 0 MiB, 35, 49.23 W, 210 MHz, 1512 MHz
2026/09/10 04:46:56.686, 0 %, 0 MiB, 35, 49.33 W, 210 MHz, 1512 MHz
2026/09/10 04:46:58.688, 0 %, 0 MiB, 35, 49.33 W, 210 MHz, 1512 MHz
2026/09/10 04:47:00.689, 0 %, 0 MiB, 35, 49.13 W, 210 MHz, 1512 MHz
2026/09/10 04:47:02.691, 0 %, 0 MiB, 35, 49.21 W, 210 MHz, 1512 MHz
2026/09/10 04:47:04.692, 0 %, 0 MiB, 35, 49.20 W, 210 MHz, 1512 MHz
2026/09/10 04:47:06.694, 0 %, 0 MiB, 35, 49.21 W, 210 MHz, 1512 MHz
2026/09/10 04:47:08.696, 0 %, 0 MiB, 35, 49.23 W, 210 MHz, 1512 MHz
2026/09/10 04:47:10.698, 0 %, 0 MiB, 35, 49.21 W, 210 MHz, 1512 MHz
2026/09/10 04:47:12.700, 0 %, 0 MiB, 35, 49.30 W, 210 MHz, 1512 MHz
2026/09/10 04:47:14.710, 0 %, 0 MiB, 35, 49.30 W, 210 MHz, 1512 MHz
2026/09/10 04:47:16.712, 0 %, 0 MiB, 35, 49.31 W, 210 MHz, 1512 MHz
2026/09/10 04:47:18.714, 0 %, 0 MiB, 35, 49.22 W, 210 MHz, 1512 MHz
2026/09/10 04:47:20.715, 0 %, 0 MiB, 35, 49.23 W, 210 MHz, 1512 MHz
2026/09/10 04:47:22.717, 0 %, 0 MiB, 35, 49.10 W, 210 MHz, 1512 MHz
2026/09/10 04:47:24.718, 0 %, 0 MiB, 35, 49.20 W, 210 MHz, 1512 MHz
2026/09/10 04:47:26.719, 0 %, 0 MiB, 35, 49.20 W, 210 MHz, 1512 MHz
2026/09/10 04:47:28.720, 0 %, 0 MiB, 35, 49.12 W, 210 MHz, 1512 MHz
2026/09/10 04:47:30.722, 0 %, 0 MiB, 35, 49.42 W, 210 MHz, 1512 MHz
2026/09/10 04:47:32.723, 0 %, 0 MiB, 35, 49.41 W, 210 MHz, 1512 MHz
2026/09/10 04:47:34.724, 0 %, 0 MiB, 35, 49.21 W, 210 MHz, 1512 MHz
2026/09/10 04:47:36.725, 0 %, 0 MiB, 35, 49.31 W, 210 MHz, 1512 MHz
2026/09/10 04:47:38.727, 0 %, 0 MiB, 35, 49.31 W, 210 MHz, 1512 MHz
2026/09/10 04:47:40.728, 0 %, 0 MiB, 35, 49.10 W, 210 MHz, 1512 MHz
2026/09/10 04:47:42.729, 0 %, 0 MiB, 35, 49.27 W, 210 MHz, 1512 MHz
2026/09/10 04:47:44.731, 0 %, 0 MiB, 35, 49.31 W, 210 MHz, 1512 MHz
2026/09/10 04:47:46.732, 0 %, 0 MiB, 35, 49.29 W, 210 MHz, 1512 MHz
2026/09/10 04:47:48.734, 0 %, 0 MiB, 35, 49.20 W, 210 MHz, 1512 MHz
2026/09/10 04:47:50.735, 0 %, 571 MiB, 38, 101.59 W, 1410 MHz, 1512 MHz
2026/09/10 04:47:52.736, 0 %, 571 MiB, 40, 102.96 W, 1410 MHz, 1512 MHz
2026/09/10 04:47:54.738, 0 %, 571 MiB, 41, 101.22 W, 1410 MHz, 1512 MHz
2026/09/10 04:47:56.742, 0 %, 571 MiB, 41, 101.81 W, 1410 MHz, 1512 MHz
2026/09/10 04:47:58.743, 0 %, 571 MiB, 42, 100.80 W, 1410 MHz, 1512 MHz
2026/09/10 04:48:00.744, 0 %, 571 MiB, 42, 102.47 W, 1410 MHz, 1512 MHz
2026/09/10 04:48:02.745, 0 %, 597 MiB, 43, 102.58 W, 1410 MHz, 1512 MHz
2026/09/10 04:48:04.747, 14 %, 793 MiB, 44, 105.63 W, 1410 MHz, 1512 MHz
2026/09/10 04:48:06.748, 60 %, 609 MiB, 47, 108.98 W, 1410 MHz, 1512 MHz
2026/09/10 04:48:08.750, 13 %, 793 MiB, 46, 121.57 W, 1410 MHz, 1512 MHz
2026/09/10 04:48:10.752, 51 %, 795 MiB, 50, 119.83 W, 1410 MHz, 1512 MHz
2026/09/10 04:48:12.753, 19 %, 765 MiB, 49, 106.03 W, 1410 MHz, 1512 MHz
2026/09/10 04:48:14.755, 29 %, 795 MiB, 52, 138.42 W, 1410 MHz, 1512 MHz
2026/09/10 04:48:16.756, 26 %, 629 MiB, 53, 123.24 W, 1410 MHz, 1512 MHz
2026/09/10 04:48:18.758, 0 %, 779 MiB, 51, 108.40 W, 1410 MHz, 1512 MHz
2026/09/10 04:48:20.759, 36 %, 649 MiB, 53, 111.85 W, 1410 MHz, 1512 MHz
2026/09/10 04:48:22.760, 92 %, 793 MiB, 61, 302.61 W, 1335 MHz, 1512 MHz
2026/09/10 04:48:24.761, 66 %, 649 MiB, 63, 308.97 W, 1365 MHz, 1512 MHz
2026/09/10 04:48:26.762, 0 %, 635 MiB, 55, 113.25 W, 1410 MHz, 1512 MHz
2026/09/10 04:48:28.763, 0 %, 635 MiB, 53, 111.36 W, 1410 MHz, 1512 MHz
2026/09/10 04:48:30.765, 11 %, 617 MiB, 52, 187.37 W, 1410 MHz, 1512 MHz
2026/09/10 04:48:32.766, 0 %, 767 MiB, 51, 110.47 W, 1410 MHz, 1512 MHz
2026/09/10 04:48:34.768, 0 %, 767 MiB, 51, 110.18 W, 1410 MHz, 1512 MHz
2026/09/10 04:48:36.770, 52 %, 617 MiB, 52, 142.21 W, 1410 MHz, 1512 MHz
2026/09/10 04:48:38.771, 20 %, 617 MiB, 53, 117.12 W, 1410 MHz, 1512 MHz
2026/09/10 04:48:40.773, 0 %, 617 MiB, 52, 110.77 W, 1410 MHz, 1512 MHz
2026/09/10 04:48:42.774, 0 %, 617 MiB, 51, 110.37 W, 1410 MHz, 1512 MHz
2026/09/10 04:48:44.776, 17 %, 657 MiB, 51, 109.32 W, 1410 MHz, 1512 MHz
2026/09/10 04:48:46.778, 52 %, 619 MiB, 54, 287.48 W, 1410 MHz, 1512 MHz
2026/09/10 04:48:48.779, 0 %, 621 MiB, 52, 111.59 W, 1410 MHz, 1512 MHz
2026/09/10 04:48:50.780, 16 %, 619 MiB, 53, 206.16 W, 1410 MHz, 1512 MHz
2026/09/10 04:48:52.781, 0 %, 771 MiB, 52, 110.87 W, 1410 MHz, 1512 MHz
2026/09/10 04:48:54.782, 31 %, 619 MiB, 56, 117.50 W, 1410 MHz, 1512 MHz
2026/09/10 04:48:56.784, 0 %, 619 MiB, 55, 113.43 W, 1410 MHz, 1512 MHz
2026/09/10 04:48:58.784, 32 %, 657 MiB, 56, 123.43 W, 1410 MHz, 1512 MHz
2026/09/10 04:49:00.786, 0 %, 785 MiB, 55, 113.23 W, 1410 MHz, 1512 MHz
2026/09/10 04:49:02.787, 99 %, 635 MiB, 60, 117.50 W, 1380 MHz, 1512 MHz
2026/09/10 04:49:04.788, 61 %, 635 MiB, 62, 136.51 W, 1395 MHz, 1512 MHz
2026/09/10 04:49:06.790, 18 %, 635 MiB, 62, 122.50 W, 1410 MHz, 1512 MHz
2026/09/10 04:49:08.791, 0 %, 0 MiB, 58, 117.90 W, 1410 MHz, 1512 MHz
2026/09/10 04:49:10.793, 0 %, 0 MiB, 52, 55.25 W, 210 MHz, 1512 MHz
2026/09/10 04:49:12.794, 0 %, 0 MiB, 49, 54.25 W, 210 MHz, 1512 MHz
2026/09/10 04:49:14.797, 0 %, 0 MiB, 47, 53.57 W, 210 MHz, 1512 MHz
2026/09/10 04:49:16.799, 0 %, 0 MiB, 46, 52.95 W, 210 MHz, 1512 MHz
2026/09/10 04:49:18.800, 0 %, 0 MiB, 45, 52.86 W, 210 MHz, 1512 MHz
2026/09/10 04:49:20.802, 0 %, 0 MiB, 44, 52.57 W, 210 MHz, 1512 MHz
2026/09/10 04:49:22.803, 0 %, 0 MiB, 44, 52.25 W, 210 MHz, 1512 MHz
2026/09/10 04:49:24.804, 0 %, 0 MiB, 43, 52.07 W, 210 MHz, 1512 MHz
2026/09/10 04:49:26.805, 0 %, 0 MiB, 43, 51.77 W, 210 MHz, 1512 MHz
2026/09/10 04:49:28.806, 0 %, 0 MiB, 42, 51.66 W, 210 MHz, 1512 MHz
2026/09/10 04:49:30.807, 0 %, 0 MiB, 42, 51.57 W, 210 MHz, 1512 MHz
2026/09/10 04:49:32.808, 0 %, 0 MiB, 42, 51.46 W, 210 MHz, 1512 MHz
2026/09/10 04:49:34.809, 0 %, 0 MiB, 41, 51.29 W, 210 MHz, 1512 MHz
2026/09/10 04:49:36.810, 0 %, 0 MiB, 41, 51.06 W, 210 MHz, 1512 MHz
2026/09/10 04:49:38.811, 0 %, 0 MiB, 41, 51.06 W, 210 MHz, 1512 MHz
2026/09/10 04:49:40.812, 0 %, 0 MiB, 40, 51.01 W, 210 MHz, 1512 MHz
2026/09/10 04:49:42.813, 0 %, 0 MiB, 40, 50.88 W, 210 MHz, 1512 MHz
2026/09/10 04:49:44.816, 0 %, 0 MiB, 40, 50.79 W, 210 MHz, 1512 MHz
2026/09/10 04:49:46.817, 0 %, 0 MiB, 40, 50.58 W, 210 MHz, 1512 MHz
2026/09/10 04:49:48.818, 0 %, 0 MiB, 39, 50.59 W, 210 MHz, 1512 MHz
2026/09/10 04:49:50.819, 0 %, 0 MiB, 39, 50.49 W, 210 MHz, 1512 MHz
2026/09/10 04:49:52.820, 0 %, 0 MiB, 39, 50.49 W, 210 MHz, 1512 MHz
2026/09/10 04:49:54.821, 0 %, 0 MiB, 39, 50.41 W, 210 MHz, 1512 MHz
2026/09/10 04:49:56.822, 0 %, 0 MiB, 39, 50.30 W, 210 MHz, 1512 MHz
2026/09/10 04:49:58.823, 0 %, 0 MiB, 39, 50.20 W, 210 MHz, 1512 MHz
2026/09/10 04:50:00.824, 0 %, 0 MiB, 38, 50.10 W, 210 MHz, 1512 MHz
2026/09/10 04:50:02.825, 0 %, 0 MiB, 38, 50.10 W, 210 MHz, 1512 MHz
2026/09/10 04:50:04.826, 0 %, 0 MiB, 38, 50.20 W, 210 MHz, 1512 MHz
2026/09/10 04:50:06.828, 0 %, 0 MiB, 38, 50.10 W, 210 MHz, 1512 MHz
2026/09/10 04:50:08.829, 0 %, 0 MiB, 38, 50.03 W, 210 MHz, 1512 MHz
2026/09/10 04:50:10.831, 0 %, 0 MiB, 38, 49.84 W, 210 MHz, 1512 MHz
2026/09/10 04:50:12.832, 0 %, 0 MiB, 38, 49.93 W, 210 MHz, 1512 MHz
2026/09/10 04:50:14.834, 0 %, 0 MiB, 37, 49.71 W, 210 MHz, 1512 MHz
2026/09/10 04:50:16.835, 0 %, 0 MiB, 37, 49.81 W, 210 MHz, 1512 MHz
2026/09/10 04:50:18.836, 0 %, 0 MiB, 37, 49.72 W, 210 MHz, 1512 MHz
2026/09/10 04:50:20.837, 0 %, 0 MiB, 37, 49.63 W, 210 MHz, 1512 MHz
2026/09/10 04:50:22.838, 0 %, 0 MiB, 37, 49.72 W, 210 MHz, 1512 MHz
2026/09/10 04:50:24.840, 0 %, 0 MiB, 37, 49.63 W, 210 MHz, 1512 MHz
2026/09/10 04:50:26.841, 0 %, 0 MiB, 37, 49.53 W, 210 MHz, 1512 MHz
2026/09/10 04:50:28.842, 0 %, 0 MiB, 37, 49.63 W, 210 MHz, 1512 MHz
2026/09/10 04:50:30.843, 0 %, 0 MiB, 37, 49.62 W, 210 MHz, 1512 MHz
2026/09/10 04:50:32.844, 0 %, 0 MiB, 37, 49.64 W, 210 MHz, 1512 MHz
2026/09/10 04:50:34.845, 0 %, 0 MiB, 37, 49.54 W, 210 MHz, 1512 MHz
2026/09/10 04:50:36.847, 0 %, 0 MiB, 36, 49.54 W, 210 MHz, 1512 MHz
2026/09/10 04:50:38.848, 0 %, 0 MiB, 36, 49.55 W, 210 MHz, 1512 MHz
2026/09/10 04:50:40.848, 0 %, 0 MiB, 36, 49.41 W, 210 MHz, 1512 MHz
2026/09/10 04:50:42.850, 0 %, 0 MiB, 36, 49.51 W, 210 MHz, 1512 MHz
2026/09/10 04:50:44.852, 2 %, 893 MiB, 39, 100.99 W, 1410 MHz, 1512 MHz
2026/09/10 04:50:46.852, 1 %, 1391 MiB, 41, 102.06 W, 1410 MHz, 1512 MHz
2026/09/10 04:50:48.853, 1 %, 1881 MiB, 42, 102.88 W, 1410 MHz, 1512 MHz
2026/09/10 04:50:50.854, 1 %, 2407 MiB, 43, 101.69 W, 1410 MHz, 1512 MHz
2026/09/10 04:50:52.855, 1 %, 2869 MiB, 43, 102.06 W, 1410 MHz, 1512 MHz
2026/09/10 04:50:54.856, 1 %, 3367 MiB, 44, 103.91 W, 1410 MHz, 1512 MHz
2026/09/10 04:50:56.857, 2 %, 3699 MiB, 45, 129.55 W, 1410 MHz, 1512 MHz
2026/09/10 04:50:58.858, 19 %, 4123 MiB, 46, 138.09 W, 1410 MHz, 1512 MHz
2026/09/10 04:51:00.859, 9 %, 4123 MiB, 47, 134.26 W, 1410 MHz, 1512 MHz
2026/09/10 04:51:02.861, 23 %, 4123 MiB, 49, 127.68 W, 1410 MHz, 1512 MHz
2026/09/10 04:51:04.866, 17 %, 4123 MiB, 49, 114.83 W, 1410 MHz, 1512 MHz
2026/09/10 04:51:06.867, 0 %, 0 MiB, 48, 108.20 W, 1410 MHz, 1512 MHz
2026/09/10 04:51:08.870, 0 %, 0 MiB, 45, 55.93 W, 450 MHz, 1512 MHz
2026/09/10 04:51:10.870, 0 %, 0 MiB, 42, 51.38 W, 210 MHz, 1512 MHz
2026/09/10 04:51:12.871, 0 %, 0 MiB, 41, 51.19 W, 210 MHz, 1512 MHz
2026/09/10 04:51:14.872, 0 %, 0 MiB, 40, 50.86 W, 210 MHz, 1512 MHz
2026/09/10 04:51:16.873, 0 %, 0 MiB, 40, 50.66 W, 210 MHz, 1512 MHz
2026/09/10 04:51:18.874, 0 %, 0 MiB, 39, 50.49 W, 210 MHz, 1512 MHz
2026/09/10 04:51:20.875, 0 %, 0 MiB, 39, 50.20 W, 210 MHz, 1512 MHz
2026/09/10 04:51:22.877, 0 %, 0 MiB, 39, 50.20 W, 210 MHz, 1512 MHz
2026/09/10 04:51:24.878, 0 %, 0 MiB, 38, 50.10 W, 210 MHz, 1512 MHz
2026/09/10 04:51:26.879, 0 %, 0 MiB, 38, 50.02 W, 210 MHz, 1512 MHz
2026/09/10 04:51:28.880, 0 %, 0 MiB, 38, 50.01 W, 210 MHz, 1512 MHz
2026/09/10 04:51:30.882, 0 %, 0 MiB, 38, 49.91 W, 210 MHz, 1512 MHz
2026/09/10 04:51:32.884, 0 %, 0 MiB, 37, 49.93 W, 210 MHz, 1512 MHz
2026/09/10 04:51:34.886, 0 %, 0 MiB, 37, 49.71 W, 210 MHz, 1512 MHz
2026/09/10 04:51:36.887, 0 %, 0 MiB, 37, 49.74 W, 210 MHz, 1512 MHz
2026/09/10 04:51:38.888, 0 %, 0 MiB, 37, 49.72 W, 210 MHz, 1512 MHz
2026/09/10 04:51:40.890, 0 %, 0 MiB, 37, 49.64 W, 210 MHz, 1512 MHz
2026/09/10 04:51:42.892, 0 %, 0 MiB, 37, 49.82 W, 210 MHz, 1512 MHz
2026/09/10 04:51:44.895, 0 %, 0 MiB, 37, 49.64 W, 210 MHz, 1512 MHz
2026/09/10 04:51:46.897, 0 %, 0 MiB, 37, 49.54 W, 210 MHz, 1512 MHz
2026/09/10 04:51:48.899, 0 %, 0 MiB, 37, 49.92 W, 210 MHz, 1512 MHz
2026/09/10 04:51:50.900, 0 %, 0 MiB, 36, 49.84 W, 210 MHz, 1512 MHz
2026/09/10 04:51:52.901, 0 %, 0 MiB, 36, 49.84 W, 210 MHz, 1512 MHz
2026/09/10 04:51:54.903, 0 %, 0 MiB, 36, 49.93 W, 210 MHz, 1512 MHz
2026/09/10 04:51:56.905, 0 %, 0 MiB, 36, 49.91 W, 210 MHz, 1512 MHz
2026/09/10 04:51:58.907, 0 %, 0 MiB, 36, 49.91 W, 210 MHz, 1512 MHz
2026/09/10 04:52:00.908, 0 %, 0 MiB, 36, 49.82 W, 210 MHz, 1512 MHz
2026/09/10 04:52:02.910, 0 %, 0 MiB, 36, 49.92 W, 210 MHz, 1512 MHz
2026/09/10 04:52:04.911, 0 %, 0 MiB, 36, 49.73 W, 210 MHz, 1512 MHz
2026/09/10 04:52:06.913, 0 %, 0 MiB, 36, 49.71 W, 210 MHz, 1512 MHz
2026/09/10 04:52:08.915, 0 %, 0 MiB, 36, 49.72 W, 210 MHz, 1512 MHz
2026/09/10 04:52:10.916, 0 %, 0 MiB, 36, 49.84 W, 210 MHz, 1512 MHz
2026/09/10 04:52:12.918, 0 %, 0 MiB, 36, 49.81 W, 210 MHz, 1512 MHz
2026/09/10 04:52:14.920, 0 %, 0 MiB, 36, 49.74 W, 210 MHz, 1512 MHz
2026/09/10 04:52:16.921, 0 %, 0 MiB, 36, 49.72 W, 210 MHz, 1512 MHz
2026/09/10 04:52:18.922, 0 %, 0 MiB, 36, 49.71 W, 210 MHz, 1512 MHz
2026/09/10 04:52:20.923, 0 %, 0 MiB, 36, 49.62 W, 210 MHz, 1512 MHz
2026/09/10 04:52:22.925, 0 %, 0 MiB, 36, 49.62 W, 210 MHz, 1512 MHz
2026/09/10 04:52:24.926, 0 %, 0 MiB, 36, 49.52 W, 210 MHz, 1512 MHz
2026/09/10 04:52:26.928, 0 %, 0 MiB, 36, 49.71 W, 210 MHz, 1512 MHz
2026/09/10 04:52:28.934, 0 %, 0 MiB, 36, 49.69 W, 210 MHz, 1512 MHz
2026/09/10 04:52:30.937, 0 %, 0 MiB, 36, 49.68 W, 210 MHz, 1512 MHz
2026/09/10 04:52:32.938, 0 %, 0 MiB, 36, 49.71 W, 210 MHz, 1512 MHz
2026/09/10 04:52:34.943, 0 %, 0 MiB, 35, 49.58 W, 210 MHz, 1512 MHz
2026/09/10 04:52:36.944, 0 %, 0 MiB, 35, 49.61 W, 210 MHz, 1512 MHz
2026/09/10 04:52:38.945, 0 %, 0 MiB, 35, 49.61 W, 210 MHz, 1512 MHz
2026/09/10 04:52:40.946, 0 %, 0 MiB, 35, 49.62 W, 210 MHz, 1512 MHz
2026/09/10 04:52:42.947, 0 %, 0 MiB, 35, 49.52 W, 210 MHz, 1512 MHz
2026/09/10 04:52:44.949, 0 %, 0 MiB, 35, 49.52 W, 210 MHz, 1512 MHz
2026/09/10 04:52:46.953, 0 %, 0 MiB, 35, 49.41 W, 210 MHz, 1512 MHz
2026/09/10 04:52:48.954, 0 %, 0 MiB, 35, 49.51 W, 210 MHz, 1512 MHz
2026/09/10 04:52:50.955, 0 %, 0 MiB, 35, 49.51 W, 210 MHz, 1512 MHz
2026/09/10 04:52:52.958, 0 %, 0 MiB, 35, 49.41 W, 210 MHz, 1512 MHz
2026/09/10 04:52:54.959, 0 %, 0 MiB, 35, 49.41 W, 210 MHz, 1512 MHz
2026/09/10 04:52:56.962, 0 %, 0 MiB, 35, 49.43 W, 210 MHz, 1512 MHz
2026/09/10 04:52:58.963, 0 %, 0 MiB, 35, 49.52 W, 210 MHz, 1512 MHz
2026/09/10 04:53:00.964, 0 %, 0 MiB, 35, 49.41 W, 210 MHz, 1512 MHz
2026/09/10 04:53:02.965, 0 %, 0 MiB, 35, 49.41 W, 210 MHz, 1512 MHz
2026/09/10 04:53:04.967, 0 %, 0 MiB, 35, 49.52 W, 210 MHz, 1512 MHz
2026/09/10 04:53:06.968, 0 %, 0 MiB, 35, 49.41 W, 210 MHz, 1512 MHz
2026/09/10 04:53:08.969, 0 %, 0 MiB, 35, 49.52 W, 210 MHz, 1512 MHz
2026/09/10 04:53:10.970, 0 %, 0 MiB, 35, 49.41 W, 210 MHz, 1512 MHz
2026/09/10 04:53:12.971, 0 %, 0 MiB, 35, 49.42 W, 210 MHz, 1512 MHz
2026/09/10 04:53:14.973, 0 %, 0 MiB, 35, 49.41 W, 210 MHz, 1512 MHz
2026/09/10 04:53:16.974, 0 %, 0 MiB, 35, 49.42 W, 210 MHz, 1512 MHz
2026/09/10 04:53:18.976, 0 %, 0 MiB, 35, 49.41 W, 210 MHz, 1512 MHz
2026/09/10 04:53:20.977, 0 %, 0 MiB, 35, 49.29 W, 210 MHz, 1512 MHz
2026/09/10 04:53:22.979, 0 %, 0 MiB, 35, 49.41 W, 210 MHz, 1512 MHz
2026/09/10 04:53:24.982, 1 %, 1063 MiB, 38, 99.26 W, 1410 MHz, 1512 MHz
2026/09/10 04:53:26.983, 1 %, 1583 MiB, 40, 100.10 W, 1410 MHz, 1512 MHz
2026/09/10 04:53:28.987, 2 %, 2131 MiB, 41, 100.80 W, 1410 MHz, 1512 MHz
2026/09/10 04:53:30.988, 2 %, 2677 MiB, 42, 101.12 W, 1410 MHz, 1512 MHz
2026/09/10 04:53:32.989, 1 %, 3253 MiB, 42, 102.61 W, 1410 MHz, 1512 MHz
2026/09/10 04:53:34.990, 31 %, 3699 MiB, 44, 125.23 W, 1410 MHz, 1512 MHz
2026/09/10 04:53:36.991, 29 %, 4123 MiB, 46, 129.55 W, 1410 MHz, 1512 MHz
2026/09/10 04:53:39.003, 0 %, 0 MiB, 45, 102.98 W, 1410 MHz, 1512 MHz
2026/09/10 04:53:41.004, 0 %, 0 MiB, 41, 51.29 W, 210 MHz, 1512 MHz
2026/09/10 04:53:43.006, 0 %, 0 MiB, 39, 50.58 W, 210 MHz, 1512 MHz
2026/09/10 04:53:45.011, 0 %, 0 MiB, 39, 50.20 W, 210 MHz, 1512 MHz
2026/09/10 04:53:47.012, 0 %, 0 MiB, 38, 50.10 W, 210 MHz, 1512 MHz
2026/09/10 04:53:49.013, 0 %, 0 MiB, 38, 49.83 W, 210 MHz, 1512 MHz
2026/09/10 04:53:51.015, 0 %, 0 MiB, 37, 49.74 W, 210 MHz, 1512 MHz
2026/09/10 04:53:53.019, 0 %, 0 MiB, 37, 49.71 W, 210 MHz, 1512 MHz
2026/09/10 04:53:55.021, 0 %, 0 MiB, 37, 49.62 W, 210 MHz, 1512 MHz
2026/09/10 04:53:57.022, 0 %, 0 MiB, 37, 49.52 W, 210 MHz, 1512 MHz
2026/09/10 04:53:59.023, 0 %, 0 MiB, 36, 49.41 W, 210 MHz, 1512 MHz
2026/09/10 04:54:01.025, 0 %, 0 MiB, 36, 49.52 W, 210 MHz, 1512 MHz
2026/09/10 04:54:03.026, 0 %, 0 MiB, 36, 49.43 W, 210 MHz, 1512 MHz
2026/09/10 04:54:05.028, 0 %, 0 MiB, 36, 49.42 W, 210 MHz, 1512 MHz
2026/09/10 04:54:07.030, 0 %, 0 MiB, 36, 49.24 W, 210 MHz, 1512 MHz
2026/09/10 04:54:09.032, 0 %, 0 MiB, 36, 49.33 W, 210 MHz, 1512 MHz
2026/09/10 04:54:11.034, 0 %, 0 MiB, 36, 49.31 W, 210 MHz, 1512 MHz
2026/09/10 04:54:13.036, 0 %, 0 MiB, 36, 49.34 W, 210 MHz, 1512 MHz
2026/09/10 04:54:15.038, 0 %, 0 MiB, 36, 49.21 W, 210 MHz, 1512 MHz
2026/09/10 04:54:17.041, 0 %, 0 MiB, 36, 49.21 W, 210 MHz, 1512 MHz
2026/09/10 04:54:19.042, 0 %, 0 MiB, 36, 49.31 W, 210 MHz, 1512 MHz
2026/09/10 04:54:21.043, 0 %, 0 MiB, 36, 49.32 W, 210 MHz, 1512 MHz
2026/09/10 04:54:23.045, 0 %, 0 MiB, 36, 49.13 W, 210 MHz, 1512 MHz
2026/09/10 04:54:25.046, 0 %, 0 MiB, 36, 49.20 W, 210 MHz, 1512 MHz
2026/09/10 04:54:27.047, 0 %, 4 MiB, 35, 49.23 W, 210 MHz, 1512 MHz
2026/09/10 04:54:29.049, 0 %, 4 MiB, 35, 49.10 W, 210 MHz, 1512 MHz
2026/09/10 04:54:31.050, 0 %, 4 MiB, 35, 49.10 W, 210 MHz, 1512 MHz
2026/09/10 04:54:33.051, 0 %, 4 MiB, 35, 49.10 W, 210 MHz, 1512 MHz
2026/09/10 04:54:35.052, 0 %, 4 MiB, 35, 49.12 W, 210 MHz, 1512 MHz
2026/09/10 04:54:37.054, 0 %, 4 MiB, 35, 49.01 W, 210 MHz, 1512 MHz
2026/09/10 04:54:39.055, 0 %, 4 MiB, 35, 49.02 W, 210 MHz, 1512 MHz
2026/09/10 04:54:41.056, 0 %, 4 MiB, 35, 49.14 W, 210 MHz, 1512 MHz
2026/09/10 04:54:43.057, 0 %, 513 MiB, 38, 98.93 W, 1410 MHz, 1512 MHz
2026/09/10 04:54:45.059, 0 %, 513 MiB, 40, 100.21 W, 1410 MHz, 1512 MHz
2026/09/10 04:54:47.060, 0 %, 513 MiB, 41, 100.71 W, 1410 MHz, 1512 MHz
2026/09/10 04:54:49.061, 0 %, 513 MiB, 42, 101.19 W, 1410 MHz, 1512 MHz
2026/09/10 04:54:51.062, 0 %, 513 MiB, 42, 101.59 W, 1410 MHz, 1512 MHz
2026/09/10 04:54:53.063, 0 %, 513 MiB, 43, 101.93 W, 1410 MHz, 1512 MHz
2026/09/10 04:54:55.064, 0 %, 513 MiB, 43, 102.22 W, 1410 MHz, 1512 MHz
2026/09/10 04:54:57.065, 0 %, 513 MiB, 44, 103.85 W, 1410 MHz, 1512 MHz
2026/09/10 04:54:59.066, 0 %, 513 MiB, 44, 103.91 W, 1410 MHz, 1512 MHz
2026/09/10 04:55:01.067, 0 %, 513 MiB, 44, 102.77 W, 1410 MHz, 1512 MHz
2026/09/10 04:55:03.068, 0 %, 593 MiB, 45, 104.35 W, 1410 MHz, 1512 MHz
2026/09/10 04:55:05.069, 0 %, 593 MiB, 45, 104.40 W, 1410 MHz, 1512 MHz
2026/09/10 04:55:07.072, 0 %, 633 MiB, 45, 104.79 W, 1410 MHz, 1512 MHz
2026/09/10 04:55:09.073, 0 %, 801 MiB, 45, 104.94 W, 1410 MHz, 1512 MHz
2026/09/10 04:55:11.074, 0 %, 0 MiB, 46, 105.14 W, 1410 MHz, 1512 MHz
2026/09/10 04:55:13.075, 0 %, 0 MiB, 43, 53.47 W, 285 MHz, 1512 MHz
2026/09/10 04:55:15.078, 0 %, 0 MiB, 41, 51.09 W, 210 MHz, 1512 MHz
2026/09/10 04:55:17.079, 0 %, 0 MiB, 40, 50.72 W, 210 MHz, 1512 MHz
2026/09/10 04:55:19.080, 0 %, 0 MiB, 39, 50.49 W, 210 MHz, 1512 MHz
2026/09/10 04:55:21.081, 0 %, 0 MiB, 39, 50.49 W, 210 MHz, 1512 MHz
2026/09/10 04:55:23.082, 0 %, 0 MiB, 38, 50.20 W, 210 MHz, 1512 MHz
2026/09/10 04:55:25.084, 0 %, 0 MiB, 38, 50.10 W, 210 MHz, 1512 MHz
2026/09/10 04:55:27.085, 0 %, 0 MiB, 38, 49.92 W, 210 MHz, 1512 MHz
2026/09/10 04:55:29.086, 0 %, 0 MiB, 38, 49.91 W, 210 MHz, 1512 MHz
2026/09/10 04:55:31.087, 0 %, 0 MiB, 37, 49.91 W, 210 MHz, 1512 MHz
2026/09/10 04:55:33.088, 0 %, 0 MiB, 37, 49.91 W, 210 MHz, 1512 MHz
2026/09/10 04:55:35.090, 0 %, 0 MiB, 37, 49.82 W, 210 MHz, 1512 MHz
2026/09/10 04:55:37.091, 0 %, 0 MiB, 37, 49.71 W, 210 MHz, 1512 MHz
2026/09/10 04:55:39.095, 0 %, 0 MiB, 37, 49.74 W, 210 MHz, 1512 MHz
2026/09/10 04:55:41.096, 0 %, 0 MiB, 37, 49.64 W, 210 MHz, 1512 MHz
2026/09/10 04:55:43.098, 0 %, 0 MiB, 37, 49.64 W, 210 MHz, 1512 MHz
2026/09/10 04:55:45.103, 0 %, 0 MiB, 37, 49.60 W, 210 MHz, 1512 MHz
2026/09/10 04:55:47.104, 0 %, 0 MiB, 37, 49.52 W, 210 MHz, 1512 MHz
2026/09/10 04:55:49.105, 0 %, 0 MiB, 37, 49.41 W, 210 MHz, 1512 MHz
2026/09/10 04:55:51.106, 0 %, 0 MiB, 36, 49.51 W, 210 MHz, 1512 MHz
2026/09/10 04:55:53.107, 0 %, 0 MiB, 36, 49.51 W, 210 MHz, 1512 MHz
2026/09/10 04:55:55.109, 0 %, 0 MiB, 36, 49.52 W, 210 MHz, 1512 MHz
2026/09/10 04:55:57.110, 0 %, 0 MiB, 36, 49.44 W, 210 MHz, 1512 MHz
2026/09/10 04:55:59.111, 0 %, 0 MiB, 36, 49.29 W, 210 MHz, 1512 MHz
2026/09/10 04:56:01.113, 0 %, 0 MiB, 36, 49.41 W, 210 MHz, 1512 MHz
2026/09/10 04:56:03.114, 0 %, 0 MiB, 36, 49.41 W, 210 MHz, 1512 MHz
2026/09/10 04:56:05.115, 0 %, 0 MiB, 36, 49.33 W, 210 MHz, 1512 MHz
2026/09/10 04:56:07.116, 0 %, 0 MiB, 36, 49.30 W, 210 MHz, 1512 MHz
2026/09/10 04:56:09.118, 0 %, 0 MiB, 36, 49.41 W, 210 MHz, 1512 MHz
2026/09/10 04:56:11.119, 0 %, 0 MiB, 36, 49.41 W, 210 MHz, 1512 MHz
2026/09/10 04:56:13.120, 0 %, 0 MiB, 36, 49.41 W, 210 MHz, 1512 MHz
2026/09/10 04:56:15.122, 0 %, 0 MiB, 36, 49.31 W, 210 MHz, 1512 MHz
2026/09/10 04:56:17.123, 0 %, 0 MiB, 36, 49.21 W, 210 MHz, 1512 MHz
2026/09/10 04:56:19.124, 0 %, 0 MiB, 36, 49.20 W, 210 MHz, 1512 MHz
2026/09/10 04:56:21.125, 0 %, 0 MiB, 36, 49.21 W, 210 MHz, 1512 MHz
2026/09/10 04:56:23.126, 0 %, 0 MiB, 36, 49.30 W, 210 MHz, 1512 MHz
2026/09/10 04:56:25.127, 0 %, 0 MiB, 36, 49.20 W, 210 MHz, 1512 MHz
2026/09/10 04:56:27.128, 0 %, 0 MiB, 36, 49.30 W, 210 MHz, 1512 MHz
2026/09/10 04:56:29.145, 0 %, 871 MiB, 37, 98.83 W, 1410 MHz, 1512 MHz
2026/09/10 04:56:31.146, 1 %, 1255 MiB, 40, 100.41 W, 1410 MHz, 1512 MHz
2026/09/10 04:56:33.147, 1 %, 1689 MiB, 41, 101.02 W, 1410 MHz, 1512 MHz
2026/09/10 04:56:35.148, 1 %, 2159 MiB, 42, 101.35 W, 1410 MHz, 1512 MHz
2026/09/10 04:56:37.149, 1 %, 2621 MiB, 43, 101.76 W, 1410 MHz, 1512 MHz
2026/09/10 04:56:39.150, 1 %, 3119 MiB, 43, 102.06 W, 1410 MHz, 1512 MHz
2026/09/10 04:56:41.151, 1 %, 3559 MiB, 44, 103.59 W, 1410 MHz, 1512 MHz
2026/09/10 04:56:43.152, 22 %, 4123 MiB, 47, 179.08 W, 1410 MHz, 1512 MHz
2026/09/10 04:56:45.203, 33 %, 4123 MiB, 48, 129.43 W, 1410 MHz, 1512 MHz
2026/09/10 04:56:47.205, 40 %, 4123 MiB, 48, 136.29 W, 1410 MHz, 1512 MHz
2026/09/10 04:56:49.206, 34 %, 4123 MiB, 49, 137.98 W, 1410 MHz, 1512 MHz
2026/09/10 04:56:51.207, 40 %, 4125 MiB, 49, 132.59 W, 1410 MHz, 1512 MHz
2026/09/10 04:56:53.209, 39 %, 4125 MiB, 50, 134.84 W, 1410 MHz, 1512 MHz
2026/09/10 04:56:55.210, 34 %, 4125 MiB, 50, 138.72 W, 1410 MHz, 1512 MHz
2026/09/10 04:56:57.218, 41 %, 4125 MiB, 50, 134.16 W, 1410 MHz, 1512 MHz
2026/09/10 04:56:59.220, 34 %, 4125 MiB, 51, 137.26 W, 1410 MHz, 1512 MHz
2026/09/10 04:57:01.220, 34 %, 4125 MiB, 51, 136.26 W, 1410 MHz, 1512 MHz
2026/09/10 04:57:03.221, 41 %, 4125 MiB, 51, 135.84 W, 1410 MHz, 1512 MHz
2026/09/10 04:57:05.222, 35 %, 4125 MiB, 52, 137.65 W, 1410 MHz, 1512 MHz
2026/09/10 04:57:07.224, 35 %, 4125 MiB, 52, 134.74 W, 1410 MHz, 1512 MHz
2026/09/10 04:57:09.225, 37 %, 4125 MiB, 52, 135.14 W, 1410 MHz, 1512 MHz
2026/09/10 04:57:11.226, 32 %, 4125 MiB, 52, 136.99 W, 1410 MHz, 1512 MHz
2026/09/10 04:57:13.227, 38 %, 4125 MiB, 53, 146.57 W, 1410 MHz, 1512 MHz
2026/09/10 04:57:15.229, 32 %, 4125 MiB, 53, 135.71 W, 1410 MHz, 1512 MHz
2026/09/10 04:57:17.231, 63 %, 4125 MiB, 54, 137.01 W, 1410 MHz, 1512 MHz
2026/09/10 04:57:19.232, 51 %, 4125 MiB, 54, 142.72 W, 1410 MHz, 1512 MHz
2026/09/10 04:57:21.233, 34 %, 4125 MiB, 54, 138.64 W, 1410 MHz, 1512 MHz
2026/09/10 04:57:23.235, 44 %, 4125 MiB, 55, 250.37 W, 1350 MHz, 1512 MHz
2026/09/10 04:57:25.236, 39 %, 4125 MiB, 55, 141.51 W, 1410 MHz, 1512 MHz
2026/09/10 04:57:27.238, 45 %, 4125 MiB, 57, 135.50 W, 1395 MHz, 1512 MHz
2026/09/10 04:57:29.239, 43 %, 4125 MiB, 56, 140.52 W, 1410 MHz, 1512 MHz
2026/09/10 04:57:31.241, 23 %, 4131 MiB, 55, 144.55 W, 1410 MHz, 1512 MHz
2026/09/10 04:57:33.242, 32 %, 4131 MiB, 55, 142.73 W, 1410 MHz, 1512 MHz
2026/09/10 04:57:35.243, 40 %, 4131 MiB, 57, 143.87 W, 1335 MHz, 1512 MHz
2026/09/10 04:57:37.246, 31 %, 4131 MiB, 56, 138.06 W, 1410 MHz, 1512 MHz
2026/09/10 04:57:39.249, 41 %, 4131 MiB, 56, 137.80 W, 1410 MHz, 1512 MHz
2026/09/10 04:57:41.250, 32 %, 4131 MiB, 56, 139.69 W, 1410 MHz, 1512 MHz
2026/09/10 04:57:43.251, 37 %, 4131 MiB, 56, 138.99 W, 1410 MHz, 1512 MHz
2026/09/10 04:57:45.252, 32 %, 4131 MiB, 56, 137.81 W, 1410 MHz, 1512 MHz
2026/09/10 04:57:47.253, 35 %, 4131 MiB, 56, 143.65 W, 1410 MHz, 1512 MHz
2026/09/10 04:57:49.254, 37 %, 4149 MiB, 57, 154.61 W, 1410 MHz, 1512 MHz
2026/09/10 04:57:51.255, 36 %, 4149 MiB, 56, 141.59 W, 1410 MHz, 1512 MHz
2026/09/10 04:57:53.259, 30 %, 4149 MiB, 56, 143.68 W, 1410 MHz, 1512 MHz
2026/09/10 04:57:55.260, 40 %, 4149 MiB, 57, 144.10 W, 1410 MHz, 1512 MHz
2026/09/10 04:57:57.261, 36 %, 4149 MiB, 57, 141.13 W, 1410 MHz, 1512 MHz
2026/09/10 04:57:59.263, 44 %, 4149 MiB, 57, 136.29 W, 1410 MHz, 1512 MHz
2026/09/10 04:58:01.264, 39 %, 4149 MiB, 57, 142.51 W, 1410 MHz, 1512 MHz
2026/09/10 04:58:03.266, 55 %, 4149 MiB, 58, 143.13 W, 1410 MHz, 1512 MHz
2026/09/10 04:58:05.267, 38 %, 4149 MiB, 57, 144.17 W, 1410 MHz, 1512 MHz
2026/09/10 04:58:07.268, 34 %, 4149 MiB, 57, 139.96 W, 1410 MHz, 1512 MHz
2026/09/10 04:58:09.270, 24 %, 4149 MiB, 57, 140.79 W, 1410 MHz, 1512 MHz
2026/09/10 04:58:11.271, 40 %, 4149 MiB, 57, 139.02 W, 1410 MHz, 1512 MHz
2026/09/10 04:58:13.272, 34 %, 4149 MiB, 57, 147.41 W, 1410 MHz, 1512 MHz
2026/09/10 04:58:15.274, 36 %, 4149 MiB, 58, 144.43 W, 1410 MHz, 1512 MHz
2026/09/10 04:58:17.275, 43 %, 4149 MiB, 58, 149.03 W, 1410 MHz, 1512 MHz
2026/09/10 04:58:19.278, 32 %, 4149 MiB, 58, 149.02 W, 1410 MHz, 1512 MHz
2026/09/10 04:58:21.279, 21 %, 4149 MiB, 58, 149.91 W, 1410 MHz, 1512 MHz
2026/09/10 04:58:23.281, 35 %, 4149 MiB, 58, 173.65 W, 1410 MHz, 1512 MHz
2026/09/10 04:58:25.282, 32 %, 4149 MiB, 58, 143.32 W, 1410 MHz, 1512 MHz
2026/09/10 04:58:27.283, 37 %, 4149 MiB, 58, 145.98 W, 1410 MHz, 1512 MHz
2026/09/10 04:58:29.284, 32 %, 4149 MiB, 58, 143.26 W, 1410 MHz, 1512 MHz
2026/09/10 04:58:31.285, 37 %, 4149 MiB, 59, 145.58 W, 1410 MHz, 1512 MHz
2026/09/10 04:58:33.286, 42 %, 4149 MiB, 61, 324.36 W, 1335 MHz, 1512 MHz
2026/09/10 04:58:35.287, 35 %, 4149 MiB, 59, 151.05 W, 1410 MHz, 1512 MHz
2026/09/10 04:58:37.289, 34 %, 4149 MiB, 59, 149.86 W, 1410 MHz, 1512 MHz
2026/09/10 04:58:39.290, 32 %, 4149 MiB, 59, 148.50 W, 1410 MHz, 1512 MHz
2026/09/10 04:58:41.291, 34 %, 4149 MiB, 60, 141.96 W, 1410 MHz, 1512 MHz
2026/09/10 04:58:43.293, 31 %, 4149 MiB, 60, 143.03 W, 1410 MHz, 1512 MHz
2026/09/10 04:58:45.296, 35 %, 4149 MiB, 61, 147.35 W, 1410 MHz, 1512 MHz
2026/09/10 04:58:47.302, 38 %, 4149 MiB, 60, 146.36 W, 1410 MHz, 1512 MHz
2026/09/10 04:58:49.304, 33 %, 4149 MiB, 60, 149.98 W, 1410 MHz, 1512 MHz
2026/09/10 04:58:51.308, 45 %, 4149 MiB, 61, 151.12 W, 1410 MHz, 1512 MHz
2026/09/10 04:58:53.309, 32 %, 4149 MiB, 61, 146.15 W, 1410 MHz, 1512 MHz
2026/09/10 04:58:55.310, 35 %, 4149 MiB, 61, 145.01 W, 1410 MHz, 1512 MHz
2026/09/10 04:58:57.311, 31 %, 4149 MiB, 62, 362.62 W, 1380 MHz, 1512 MHz
2026/09/10 04:58:59.313, 33 %, 4149 MiB, 61, 146.90 W, 1410 MHz, 1512 MHz
2026/09/10 04:59:01.318, 0 %, 4149 MiB, 61, 121.16 W, 1410 MHz, 1512 MHz
2026/09/10 04:59:03.320, 14 %, 4149 MiB, 61, 146.56 W, 1395 MHz, 1512 MHz
2026/09/10 04:59:05.333, 33 %, 4149 MiB, 61, 154.09 W, 1410 MHz, 1512 MHz
2026/09/10 04:59:07.338, 36 %, 4149 MiB, 61, 148.25 W, 1410 MHz, 1512 MHz
2026/09/10 04:59:09.346, 39 %, 4149 MiB, 62, 150.79 W, 1410 MHz, 1512 MHz
2026/09/10 04:59:11.354, 37 %, 4149 MiB, 61, 149.11 W, 1410 MHz, 1512 MHz
2026/09/10 04:59:13.357, 31 %, 4149 MiB, 62, 149.76 W, 1410 MHz, 1512 MHz
2026/09/10 04:59:15.359, 36 %, 4149 MiB, 62, 144.30 W, 1410 MHz, 1512 MHz
2026/09/10 04:59:17.380, 33 %, 4149 MiB, 62, 146.68 W, 1410 MHz, 1512 MHz
2026/09/10 04:59:19.381, 39 %, 4149 MiB, 62, 149.22 W, 1410 MHz, 1512 MHz
2026/09/10 04:59:21.382, 33 %, 4149 MiB, 62, 147.25 W, 1410 MHz, 1512 MHz
2026/09/10 04:59:23.383, 38 %, 4149 MiB, 62, 152.84 W, 1410 MHz, 1512 MHz
2026/09/10 04:59:25.385, 38 %, 4149 MiB, 62, 122.18 W, 1410 MHz, 1512 MHz
2026/09/10 04:59:27.386, 32 %, 4149 MiB, 62, 150.86 W, 1410 MHz, 1512 MHz
2026/09/10 04:59:29.387, 38 %, 4149 MiB, 62, 148.10 W, 1410 MHz, 1512 MHz
2026/09/10 04:59:31.388, 32 %, 4149 MiB, 63, 143.89 W, 1395 MHz, 1512 MHz
2026/09/10 04:59:33.389, 37 %, 4149 MiB, 63, 141.97 W, 1410 MHz, 1512 MHz
2026/09/10 04:59:35.391, 32 %, 4149 MiB, 62, 142.98 W, 1410 MHz, 1512 MHz
2026/09/10 04:59:37.391, 38 %, 4149 MiB, 62, 149.77 W, 1410 MHz, 1512 MHz
2026/09/10 04:59:39.392, 0 %, 4149 MiB, 61, 121.98 W, 1410 MHz, 1512 MHz
2026/09/10 04:59:41.393, 32 %, 4149 MiB, 62, 152.65 W, 1410 MHz, 1512 MHz
2026/09/10 04:59:43.394, 37 %, 4149 MiB, 62, 155.46 W, 1410 MHz, 1512 MHz
2026/09/10 04:59:45.396, 23 %, 4149 MiB, 62, 147.65 W, 1410 MHz, 1512 MHz
2026/09/10 04:59:47.400, 6 %, 4149 MiB, 62, 131.73 W, 1410 MHz, 1512 MHz
2026/09/10 04:59:49.403, 38 %, 4149 MiB, 62, 151.04 W, 1410 MHz, 1512 MHz
2026/09/10 04:59:51.405, 27 %, 4149 MiB, 62, 145.52 W, 1410 MHz, 1512 MHz
2026/09/10 04:59:53.405, 32 %, 4149 MiB, 62, 143.21 W, 1410 MHz, 1512 MHz
2026/09/10 04:59:55.407, 37 %, 4149 MiB, 62, 145.58 W, 1410 MHz, 1512 MHz
2026/09/10 04:59:57.408, 31 %, 4149 MiB, 62, 149.49 W, 1410 MHz, 1512 MHz
2026/09/10 04:59:59.409, 37 %, 4149 MiB, 62, 152.72 W, 1410 MHz, 1512 MHz
2026/09/10 05:00:01.410, 33 %, 4149 MiB, 62, 151.95 W, 1410 MHz, 1512 MHz
2026/09/10 05:00:03.411, 32 %, 4149 MiB, 62, 154.07 W, 1410 MHz, 1512 MHz
2026/09/10 05:00:05.412, 0 %, 4149 MiB, 62, 141.79 W, 1410 MHz, 1512 MHz
2026/09/10 05:00:07.413, 12 %, 4149 MiB, 62, 151.15 W, 1410 MHz, 1512 MHz
2026/09/10 05:00:09.414, 37 %, 4149 MiB, 62, 157.03 W, 1410 MHz, 1512 MHz
2026/09/10 05:00:11.415, 29 %, 4149 MiB, 62, 146.12 W, 1410 MHz, 1512 MHz
2026/09/10 05:00:13.416, 32 %, 4149 MiB, 62, 149.48 W, 1410 MHz, 1512 MHz
2026/09/10 05:00:15.419, 33 %, 4149 MiB, 62, 144.40 W, 1410 MHz, 1512 MHz
2026/09/10 05:00:17.420, 35 %, 4149 MiB, 62, 148.93 W, 1410 MHz, 1512 MHz
2026/09/10 05:00:19.422, 27 %, 4149 MiB, 62, 146.62 W, 1410 MHz, 1512 MHz
2026/09/10 05:00:21.423, 35 %, 4149 MiB, 62, 149.14 W, 1410 MHz, 1512 MHz
2026/09/10 05:00:23.425, 33 %, 4149 MiB, 62, 150.46 W, 1410 MHz, 1512 MHz
2026/09/10 05:00:25.431, 32 %, 4149 MiB, 62, 145.24 W, 1410 MHz, 1512 MHz
2026/09/10 05:00:27.438, 31 %, 4149 MiB, 62, 148.43 W, 1410 MHz, 1512 MHz
2026/09/10 05:00:29.448, 37 %, 4149 MiB, 63, 153.47 W, 1410 MHz, 1512 MHz
2026/09/10 05:00:31.452, 32 %, 4149 MiB, 63, 145.74 W, 1410 MHz, 1512 MHz
2026/09/10 05:00:33.454, 15 %, 4149 MiB, 62, 146.05 W, 1410 MHz, 1512 MHz
2026/09/10 05:00:35.456, 33 %, 4149 MiB, 64, 155.93 W, 1410 MHz, 1512 MHz
2026/09/10 05:00:37.503, 22 %, 4149 MiB, 63, 126.09 W, 1410 MHz, 1512 MHz
2026/09/10 05:00:39.510, 32 %, 4149 MiB, 63, 151.64 W, 1410 MHz, 1512 MHz
2026/09/10 05:00:41.511, 54 %, 4149 MiB, 65, 152.07 W, 1410 MHz, 1512 MHz
2026/09/10 05:00:43.512, 38 %, 4149 MiB, 64, 159.33 W, 1410 MHz, 1512 MHz
2026/09/10 05:00:45.517, 0 %, 4149 MiB, 63, 136.22 W, 1410 MHz, 1512 MHz
2026/09/10 05:00:47.518, 31 %, 4149 MiB, 63, 157.22 W, 1410 MHz, 1512 MHz
2026/09/10 05:00:49.525, 45 %, 4149 MiB, 64, 151.09 W, 1410 MHz, 1512 MHz
2026/09/10 05:00:51.526, 35 %, 4149 MiB, 63, 148.86 W, 1410 MHz, 1512 MHz
2026/09/10 05:00:53.527, 14 %, 4149 MiB, 64, 183.34 W, 1395 MHz, 1512 MHz
2026/09/10 05:00:55.528, 36 %, 4149 MiB, 63, 126.54 W, 1410 MHz, 1512 MHz
2026/09/10 05:00:57.529, 33 %, 4149 MiB, 64, 155.47 W, 1410 MHz, 1512 MHz
2026/09/10 05:00:59.531, 36 %, 4149 MiB, 64, 153.77 W, 1410 MHz, 1512 MHz
2026/09/10 05:01:01.532, 30 %, 4149 MiB, 63, 155.29 W, 1410 MHz, 1512 MHz
2026/09/10 05:01:03.533, 29 %, 4149 MiB, 63, 155.45 W, 1410 MHz, 1512 MHz
2026/09/10 05:01:05.534, 38 %, 4149 MiB, 63, 154.12 W, 1410 MHz, 1512 MHz
2026/09/10 05:01:07.535, 31 %, 4149 MiB, 64, 146.70 W, 1410 MHz, 1512 MHz
2026/09/10 05:01:09.543, 36 %, 4149 MiB, 63, 146.92 W, 1410 MHz, 1512 MHz
2026/09/10 05:01:11.550, 33 %, 4149 MiB, 63, 152.93 W, 1410 MHz, 1512 MHz
2026/09/10 05:01:13.551, 52 %, 4149 MiB, 64, 247.01 W, 1380 MHz, 1512 MHz
2026/09/10 05:01:15.554, 36 %, 4149 MiB, 65, 148.93 W, 1410 MHz, 1512 MHz
2026/09/10 05:01:17.555, 33 %, 4149 MiB, 64, 151.31 W, 1410 MHz, 1512 MHz
2026/09/10 05:01:19.556, 40 %, 4149 MiB, 64, 157.66 W, 1410 MHz, 1512 MHz
2026/09/10 05:01:21.558, 44 %, 4149 MiB, 65, 164.35 W, 1410 MHz, 1512 MHz
2026/09/10 05:01:23.559, 33 %, 4149 MiB, 64, 151.78 W, 1410 MHz, 1512 MHz
2026/09/10 05:01:25.560, 31 %, 4149 MiB, 64, 152.87 W, 1380 MHz, 1512 MHz
2026/09/10 05:01:27.562, 40 %, 4149 MiB, 64, 153.61 W, 1410 MHz, 1512 MHz
2026/09/10 05:01:29.563, 40 %, 4149 MiB, 64, 156.21 W, 1410 MHz, 1512 MHz
2026/09/10 05:01:31.564, 40 %, 4149 MiB, 64, 159.48 W, 1410 MHz, 1512 MHz
2026/09/10 05:01:33.565, 35 %, 4149 MiB, 64, 157.20 W, 1410 MHz, 1512 MHz
2026/09/10 05:01:35.567, 34 %, 4149 MiB, 64, 153.70 W, 1410 MHz, 1512 MHz
2026/09/10 05:01:37.568, 32 %, 4149 MiB, 64, 152.37 W, 1410 MHz, 1512 MHz
2026/09/10 05:01:39.570, 37 %, 4149 MiB, 64, 152.62 W, 1410 MHz, 1512 MHz
2026/09/10 05:01:41.572, 41 %, 4149 MiB, 64, 158.54 W, 1410 MHz, 1512 MHz
2026/09/10 05:01:43.574, 33 %, 4149 MiB, 64, 159.70 W, 1410 MHz, 1512 MHz
2026/09/10 05:01:45.577, 32 %, 4149 MiB, 64, 150.47 W, 1410 MHz, 1512 MHz
2026/09/10 05:01:47.578, 33 %, 4149 MiB, 64, 154.65 W, 1410 MHz, 1512 MHz
2026/09/10 05:01:49.579, 41 %, 4149 MiB, 64, 155.68 W, 1410 MHz, 1512 MHz
2026/09/10 05:01:51.581, 38 %, 4149 MiB, 64, 153.52 W, 1410 MHz, 1512 MHz
2026/09/10 05:01:53.582, 36 %, 4149 MiB, 65, 156.37 W, 1410 MHz, 1512 MHz
2026/09/10 05:01:55.583, 31 %, 4149 MiB, 64, 152.19 W, 1410 MHz, 1512 MHz
2026/09/10 05:01:57.588, 39 %, 4149 MiB, 65, 154.53 W, 1410 MHz, 1512 MHz
2026/09/10 05:01:59.589, 60 %, 4149 MiB, 65, 148.02 W, 1395 MHz, 1512 MHz
2026/09/10 05:02:01.590, 36 %, 4149 MiB, 67, 377.45 W, 1260 MHz, 1512 MHz
2026/09/10 05:02:03.591, 30 %, 4149 MiB, 66, 161.49 W, 1320 MHz, 1512 MHz
2026/09/10 05:02:05.592, 39 %, 4149 MiB, 65, 156.92 W, 1410 MHz, 1512 MHz
2026/09/10 05:02:07.593, 41 %, 4149 MiB, 65, 157.91 W, 1410 MHz, 1512 MHz
2026/09/10 05:02:09.593, 33 %, 4149 MiB, 65, 157.63 W, 1410 MHz, 1512 MHz
2026/09/10 05:02:11.595, 61 %, 4149 MiB, 65, 161.99 W, 1410 MHz, 1512 MHz
2026/09/10 05:02:13.596, 34 %, 4149 MiB, 65, 156.26 W, 1410 MHz, 1512 MHz
2026/09/10 05:02:15.598, 49 %, 4149 MiB, 65, 153.39 W, 1410 MHz, 1512 MHz
2026/09/10 05:02:17.599, 38 %, 4149 MiB, 65, 155.53 W, 1410 MHz, 1512 MHz
2026/09/10 05:02:19.600, 29 %, 4149 MiB, 65, 151.20 W, 1410 MHz, 1512 MHz
2026/09/10 05:02:21.601, 31 %, 4149 MiB, 64, 153.58 W, 1410 MHz, 1512 MHz
2026/09/10 05:02:23.602, 39 %, 4149 MiB, 65, 149.63 W, 1410 MHz, 1512 MHz
2026/09/10 05:02:25.603, 39 %, 4149 MiB, 65, 160.05 W, 1410 MHz, 1512 MHz
2026/09/10 05:02:27.605, 32 %, 4149 MiB, 65, 153.26 W, 1410 MHz, 1512 MHz
2026/09/10 05:02:29.606, 31 %, 4149 MiB, 64, 149.23 W, 1410 MHz, 1512 MHz
2026/09/10 05:02:31.607, 40 %, 4149 MiB, 65, 166.26 W, 1380 MHz, 1512 MHz
2026/09/10 05:02:33.609, 40 %, 4149 MiB, 65, 155.92 W, 1410 MHz, 1512 MHz
2026/09/10 05:02:35.610, 44 %, 4149 MiB, 65, 154.39 W, 1410 MHz, 1512 MHz
2026/09/10 05:02:37.611, 35 %, 4149 MiB, 65, 155.73 W, 1410 MHz, 1512 MHz
2026/09/10 05:02:39.613, 62 %, 4149 MiB, 65, 156.47 W, 1410 MHz, 1512 MHz
2026/09/10 05:02:41.614, 36 %, 4149 MiB, 65, 155.50 W, 1410 MHz, 1512 MHz
2026/09/10 05:02:43.616, 34 %, 4149 MiB, 65, 156.48 W, 1410 MHz, 1512 MHz
2026/09/10 05:02:45.619, 31 %, 4149 MiB, 65, 150.96 W, 1410 MHz, 1512 MHz
2026/09/10 05:02:47.620, 32 %, 4149 MiB, 64, 149.22 W, 1410 MHz, 1512 MHz
2026/09/10 05:02:49.622, 40 %, 4149 MiB, 64, 152.15 W, 1410 MHz, 1512 MHz
2026/09/10 05:02:51.623, 37 %, 4149 MiB, 65, 291.80 W, 1380 MHz, 1512 MHz
2026/09/10 05:02:53.625, 37 %, 4149 MiB, 65, 159.82 W, 1410 MHz, 1512 MHz
2026/09/10 05:02:55.626, 32 %, 4149 MiB, 65, 156.26 W, 1410 MHz, 1512 MHz
2026/09/10 05:02:57.628, 36 %, 4149 MiB, 65, 154.51 W, 1410 MHz, 1512 MHz
2026/09/10 05:02:59.629, 37 %, 4149 MiB, 65, 158.83 W, 1410 MHz, 1512 MHz
2026/09/10 05:03:01.630, 32 %, 4149 MiB, 65, 154.74 W, 1410 MHz, 1512 MHz
2026/09/10 05:03:03.631, 30 %, 4149 MiB, 64, 156.88 W, 1410 MHz, 1512 MHz
2026/09/10 05:03:05.634, 40 %, 4149 MiB, 66, 155.37 W, 1320 MHz, 1512 MHz
2026/09/10 05:03:07.640, 35 %, 4149 MiB, 64, 127.43 W, 1410 MHz, 1512 MHz
2026/09/10 05:03:09.642, 53 %, 4149 MiB, 65, 163.09 W, 1410 MHz, 1512 MHz
2026/09/10 05:03:11.643, 33 %, 4149 MiB, 65, 155.98 W, 1410 MHz, 1512 MHz
2026/09/10 05:03:13.644, 38 %, 4149 MiB, 64, 157.39 W, 1410 MHz, 1512 MHz
2026/09/10 05:03:15.646, 34 %, 4149 MiB, 64, 156.07 W, 1410 MHz, 1512 MHz
2026/09/10 05:03:17.647, 34 %, 4149 MiB, 65, 149.87 W, 1410 MHz, 1512 MHz
2026/09/10 05:03:19.648, 38 %, 4149 MiB, 64, 151.12 W, 1410 MHz, 1512 MHz
2026/09/10 05:03:21.649, 65 %, 4149 MiB, 65, 162.49 W, 1410 MHz, 1512 MHz
2026/09/10 05:03:23.650, 31 %, 4149 MiB, 65, 154.95 W, 1410 MHz, 1512 MHz
2026/09/10 05:03:25.651, 34 %, 4149 MiB, 65, 154.53 W, 1410 MHz, 1512 MHz
2026/09/10 05:03:27.653, 40 %, 4149 MiB, 65, 155.76 W, 1410 MHz, 1512 MHz
2026/09/10 05:03:29.654, 35 %, 4149 MiB, 65, 154.70 W, 1410 MHz, 1512 MHz
2026/09/10 05:03:31.656, 32 %, 4149 MiB, 64, 152.08 W, 1410 MHz, 1512 MHz
2026/09/10 05:03:33.657, 28 %, 4149 MiB, 67, 297.95 W, 1260 MHz, 1512 MHz
2026/09/10 05:03:35.658, 41 %, 4149 MiB, 66, 161.97 W, 1230 MHz, 1512 MHz
2026/09/10 05:03:37.660, 41 %, 4149 MiB, 65, 156.10 W, 1410 MHz, 1512 MHz
2026/09/10 05:03:39.661, 35 %, 4149 MiB, 65, 157.16 W, 1410 MHz, 1512 MHz
2026/09/10 05:03:41.662, 32 %, 4149 MiB, 65, 156.99 W, 1410 MHz, 1512 MHz
2026/09/10 05:03:43.663, 39 %, 4149 MiB, 65, 160.62 W, 1410 MHz, 1512 MHz
2026/09/10 05:03:45.665, 36 %, 4149 MiB, 65, 157.64 W, 1410 MHz, 1512 MHz
2026/09/10 05:03:47.666, 38 %, 4149 MiB, 65, 157.93 W, 1410 MHz, 1512 MHz
2026/09/10 05:03:49.666, 31 %, 4149 MiB, 65, 153.42 W, 1410 MHz, 1512 MHz
2026/09/10 05:03:51.668, 31 %, 4149 MiB, 64, 153.67 W, 1410 MHz, 1512 MHz
2026/09/10 05:03:53.669, 41 %, 4149 MiB, 64, 156.92 W, 1410 MHz, 1512 MHz
2026/09/10 05:03:55.670, 32 %, 4149 MiB, 65, 157.84 W, 1410 MHz, 1512 MHz
2026/09/10 05:03:57.672, 32 %, 4149 MiB, 64, 154.57 W, 1410 MHz, 1512 MHz
2026/09/10 05:03:59.673, 35 %, 4149 MiB, 64, 154.75 W, 1410 MHz, 1512 MHz
2026/09/10 05:04:01.674, 40 %, 4149 MiB, 65, 157.67 W, 1410 MHz, 1512 MHz
2026/09/10 05:04:03.675, 41 %, 4149 MiB, 66, 141.58 W, 1395 MHz, 1512 MHz
2026/09/10 05:04:05.676, 32 %, 4149 MiB, 65, 156.32 W, 1410 MHz, 1512 MHz
2026/09/10 05:04:07.678, 32 %, 4149 MiB, 65, 153.26 W, 1410 MHz, 1512 MHz
2026/09/10 05:04:09.678, 34 %, 4149 MiB, 65, 155.67 W, 1410 MHz, 1512 MHz
2026/09/10 05:04:11.680, 37 %, 4149 MiB, 65, 155.92 W, 1410 MHz, 1512 MHz
2026/09/10 05:04:13.685, 36 %, 4149 MiB, 65, 158.20 W, 1410 MHz, 1512 MHz
2026/09/10 05:04:15.688, 38 %, 4149 MiB, 65, 156.05 W, 1410 MHz, 1512 MHz
2026/09/10 05:04:17.689, 31 %, 4149 MiB, 65, 153.02 W, 1410 MHz, 1512 MHz
2026/09/10 05:04:19.690, 34 %, 4149 MiB, 65, 154.21 W, 1410 MHz, 1512 MHz
2026/09/10 05:04:21.691, 40 %, 4149 MiB, 65, 156.68 W, 1410 MHz, 1512 MHz
2026/09/10 05:04:23.692, 37 %, 4149 MiB, 65, 155.40 W, 1410 MHz, 1512 MHz
2026/09/10 05:04:25.697, 36 %, 4149 MiB, 65, 158.50 W, 1410 MHz, 1512 MHz
2026/09/10 05:04:27.698, 35 %, 4149 MiB, 65, 158.38 W, 1410 MHz, 1512 MHz
2026/09/10 05:04:29.699, 35 %, 4149 MiB, 65, 156.38 W, 1410 MHz, 1512 MHz
2026/09/10 05:04:31.700, 41 %, 4149 MiB, 65, 159.86 W, 1410 MHz, 1512 MHz
2026/09/10 05:04:33.702, 42 %, 4149 MiB, 65, 161.52 W, 1410 MHz, 1512 MHz
2026/09/10 05:04:35.703, 46 %, 4149 MiB, 66, 146.46 W, 1395 MHz, 1512 MHz
2026/09/10 05:04:37.705, 35 %, 4149 MiB, 65, 154.54 W, 1410 MHz, 1512 MHz
2026/09/10 05:04:39.706, 35 %, 4149 MiB, 65, 156.02 W, 1410 MHz, 1512 MHz
2026/09/10 05:04:41.707, 39 %, 4149 MiB, 65, 154.52 W, 1410 MHz, 1512 MHz
2026/09/10 05:04:43.709, 41 %, 4149 MiB, 65, 156.37 W, 1410 MHz, 1512 MHz
2026/09/10 05:04:45.711, 31 %, 4149 MiB, 64, 151.40 W, 1410 MHz, 1512 MHz
2026/09/10 05:04:47.712, 31 %, 4149 MiB, 64, 152.97 W, 1410 MHz, 1512 MHz
2026/09/10 05:04:49.713, 35 %, 4149 MiB, 64, 152.88 W, 1410 MHz, 1512 MHz
2026/09/10 05:04:51.714, 41 %, 4149 MiB, 65, 154.12 W, 1410 MHz, 1512 MHz
2026/09/10 05:04:53.715, 40 %, 4149 MiB, 65, 156.87 W, 1410 MHz, 1512 MHz
2026/09/10 05:04:55.717, 30 %, 4149 MiB, 65, 146.77 W, 1410 MHz, 1512 MHz
2026/09/10 05:04:57.718, 61 %, 4149 MiB, 66, 178.06 W, 1395 MHz, 1512 MHz
2026/09/10 05:04:59.720, 33 %, 4149 MiB, 66, 154.25 W, 1410 MHz, 1512 MHz
2026/09/10 05:05:01.721, 45 %, 4149 MiB, 66, 161.05 W, 1410 MHz, 1512 MHz
2026/09/10 05:05:03.722, 60 %, 4149 MiB, 67, 159.48 W, 1410 MHz, 1512 MHz
2026/09/10 05:05:05.724, 32 %, 4149 MiB, 66, 155.48 W, 1410 MHz, 1512 MHz
2026/09/10 05:05:07.725, 33 %, 4149 MiB, 66, 157.46 W, 1410 MHz, 1512 MHz
2026/09/10 05:05:09.726, 47 %, 4149 MiB, 66, 156.39 W, 1410 MHz, 1512 MHz
2026/09/10 05:05:11.730, 32 %, 4149 MiB, 65, 156.18 W, 1410 MHz, 1512 MHz
2026/09/10 05:05:13.731, 49 %, 4149 MiB, 66, 159.60 W, 1410 MHz, 1512 MHz
2026/09/10 05:05:15.733, 34 %, 4149 MiB, 66, 155.33 W, 1410 MHz, 1512 MHz
2026/09/10 05:05:17.734, 40 %, 4149 MiB, 66, 160.52 W, 1410 MHz, 1512 MHz
2026/09/10 05:05:19.735, 41 %, 4149 MiB, 65, 158.43 W, 1410 MHz, 1512 MHz
2026/09/10 05:05:21.736, 33 %, 4149 MiB, 65, 154.24 W, 1410 MHz, 1512 MHz
2026/09/10 05:05:23.737, 33 %, 4149 MiB, 68, 313.12 W, 1305 MHz, 1512 MHz
2026/09/10 05:05:25.742, 40 %, 4149 MiB, 66, 158.98 W, 1410 MHz, 1512 MHz
2026/09/10 05:05:27.743, 37 %, 4149 MiB, 65, 153.17 W, 1410 MHz, 1512 MHz
2026/09/10 05:05:29.744, 30 %, 4149 MiB, 65, 156.41 W, 1410 MHz, 1512 MHz
2026/09/10 05:05:31.745, 31 %, 4149 MiB, 65, 151.92 W, 1410 MHz, 1512 MHz
2026/09/10 05:05:33.747, 44 %, 4149 MiB, 68, 156.28 W, 1245 MHz, 1512 MHz
2026/09/10 05:05:35.748, 40 %, 4149 MiB, 66, 156.51 W, 1410 MHz, 1512 MHz
2026/09/10 05:05:37.750, 40 %, 4149 MiB, 65, 158.57 W, 1410 MHz, 1512 MHz
2026/09/10 05:05:39.751, 43 %, 4149 MiB, 66, 164.91 W, 1410 MHz, 1512 MHz
2026/09/10 05:05:41.752, 41 %, 4149 MiB, 66, 160.40 W, 1410 MHz, 1512 MHz
2026/09/10 05:05:43.753, 41 %, 4149 MiB, 66, 163.61 W, 1410 MHz, 1512 MHz
2026/09/10 05:05:45.755, 35 %, 4149 MiB, 66, 159.72 W, 1410 MHz, 1512 MHz
2026/09/10 05:05:47.757, 35 %, 4149 MiB, 65, 158.01 W, 1410 MHz, 1512 MHz
2026/09/10 05:05:49.758, 34 %, 4149 MiB, 65, 160.30 W, 1410 MHz, 1512 MHz
2026/09/10 05:05:51.760, 41 %, 4149 MiB, 65, 158.09 W, 1410 MHz, 1512 MHz
2026/09/10 05:05:53.761, 40 %, 4149 MiB, 65, 156.66 W, 1410 MHz, 1512 MHz
2026/09/10 05:05:55.762, 41 %, 4149 MiB, 65, 157.01 W, 1410 MHz, 1512 MHz
2026/09/10 05:05:57.763, 35 %, 4149 MiB, 65, 155.34 W, 1410 MHz, 1512 MHz
2026/09/10 05:05:59.766, 34 %, 4149 MiB, 65, 155.76 W, 1410 MHz, 1512 MHz
2026/09/10 05:06:01.767, 35 %, 4149 MiB, 65, 155.87 W, 1410 MHz, 1512 MHz
2026/09/10 05:06:03.768, 40 %, 4149 MiB, 65, 155.59 W, 1410 MHz, 1512 MHz
2026/09/10 05:06:05.769, 34 %, 4149 MiB, 65, 153.17 W, 1410 MHz, 1512 MHz
2026/09/10 05:06:07.770, 50 %, 4149 MiB, 65, 160.10 W, 1410 MHz, 1512 MHz
2026/09/10 05:06:09.771, 34 %, 4149 MiB, 65, 153.14 W, 1410 MHz, 1512 MHz
2026/09/10 05:06:11.773, 37 %, 4149 MiB, 65, 161.74 W, 1410 MHz, 1512 MHz
2026/09/10 05:06:13.774, 41 %, 4149 MiB, 66, 158.48 W, 1335 MHz, 1512 MHz
2026/09/10 05:06:15.776, 40 %, 4149 MiB, 65, 158.00 W, 1410 MHz, 1512 MHz
2026/09/10 05:06:17.777, 65 %, 4149 MiB, 66, 154.49 W, 1395 MHz, 1512 MHz
2026/09/10 05:06:19.779, 34 %, 4149 MiB, 65, 157.77 W, 1410 MHz, 1512 MHz
2026/09/10 05:06:21.780, 37 %, 4149 MiB, 66, 159.46 W, 1410 MHz, 1512 MHz
2026/09/10 05:06:23.781, 42 %, 4149 MiB, 65, 160.19 W, 1410 MHz, 1512 MHz
2026/09/10 05:06:25.782, 36 %, 4149 MiB, 65, 152.28 W, 1410 MHz, 1512 MHz
2026/09/10 05:06:27.784, 34 %, 4149 MiB, 65, 152.23 W, 1410 MHz, 1512 MHz
2026/09/10 05:06:29.785, 37 %, 4149 MiB, 65, 152.88 W, 1410 MHz, 1512 MHz
2026/09/10 05:06:31.786, 33 %, 4149 MiB, 65, 151.61 W, 1410 MHz, 1512 MHz
2026/09/10 05:06:33.787, 41 %, 4149 MiB, 65, 154.65 W, 1410 MHz, 1512 MHz
2026/09/10 05:06:35.788, 40 %, 4149 MiB, 64, 157.34 W, 1410 MHz, 1512 MHz
2026/09/10 05:06:37.789, 34 %, 4149 MiB, 64, 153.86 W, 1410 MHz, 1512 MHz
2026/09/10 05:06:39.792, 32 %, 4149 MiB, 64, 151.45 W, 1410 MHz, 1512 MHz
2026/09/10 05:06:41.793, 40 %, 4149 MiB, 64, 159.87 W, 1410 MHz, 1512 MHz
2026/09/10 05:06:43.794, 39 %, 4149 MiB, 64, 153.61 W, 1410 MHz, 1512 MHz
2026/09/10 05:06:45.796, 34 %, 4149 MiB, 64, 158.04 W, 1410 MHz, 1512 MHz
2026/09/10 05:06:47.796, 43 %, 4149 MiB, 64, 148.68 W, 1410 MHz, 1512 MHz
2026/09/10 05:06:49.798, 37 %, 4149 MiB, 65, 155.09 W, 1410 MHz, 1512 MHz
2026/09/10 05:06:51.799, 41 %, 4149 MiB, 64, 161.35 W, 1410 MHz, 1512 MHz
2026/09/10 05:06:53.800, 36 %, 4149 MiB, 64, 155.24 W, 1410 MHz, 1512 MHz
2026/09/10 05:06:55.802, 35 %, 4149 MiB, 64, 156.41 W, 1410 MHz, 1512 MHz
2026/09/10 05:06:57.803, 33 %, 4149 MiB, 64, 154.06 W, 1410 MHz, 1512 MHz
2026/09/10 05:06:59.804, 35 %, 4149 MiB, 64, 153.22 W, 1410 MHz, 1512 MHz
2026/09/10 05:07:01.805, 53 %, 4149 MiB, 64, 152.59 W, 1410 MHz, 1512 MHz
2026/09/10 05:07:03.806, 33 %, 4149 MiB, 63, 151.61 W, 1410 MHz, 1512 MHz
2026/09/10 05:07:05.807, 20 %, 4149 MiB, 63, 151.25 W, 1410 MHz, 1512 MHz
2026/09/10 05:07:07.809, 40 %, 4149 MiB, 63, 157.58 W, 1410 MHz, 1512 MHz
2026/09/10 05:07:09.809, 37 %, 4149 MiB, 63, 152.83 W, 1410 MHz, 1512 MHz
2026/09/10 05:07:11.811, 32 %, 4149 MiB, 64, 149.36 W, 1410 MHz, 1512 MHz
2026/09/10 05:07:13.812, 32 %, 4149 MiB, 63, 151.93 W, 1410 MHz, 1512 MHz
2026/09/10 05:07:15.815, 39 %, 4149 MiB, 63, 154.60 W, 1410 MHz, 1512 MHz
2026/09/10 05:07:17.816, 40 %, 4149 MiB, 63, 155.13 W, 1410 MHz, 1512 MHz
2026/09/10 05:07:19.816, 33 %, 4149 MiB, 63, 150.94 W, 1410 MHz, 1512 MHz
2026/09/10 05:07:21.817, 34 %, 4149 MiB, 64, 154.01 W, 1395 MHz, 1512 MHz
2026/09/10 05:07:23.819, 39 %, 4149 MiB, 63, 152.43 W, 1410 MHz, 1512 MHz
2026/09/10 05:07:25.820, 67 %, 4149 MiB, 64, 159.60 W, 1410 MHz, 1512 MHz
2026/09/10 05:07:27.821, 41 %, 4149 MiB, 63, 155.19 W, 1410 MHz, 1512 MHz
2026/09/10 05:07:29.822, 34 %, 4149 MiB, 63, 149.67 W, 1410 MHz, 1512 MHz
2026/09/10 05:07:31.824, 50 %, 4149 MiB, 63, 151.05 W, 1410 MHz, 1512 MHz
2026/09/10 05:07:33.825, 35 %, 4149 MiB, 63, 149.81 W, 1410 MHz, 1512 MHz
2026/09/10 05:07:35.827, 43 %, 4149 MiB, 63, 156.60 W, 1410 MHz, 1512 MHz
2026/09/10 05:07:37.828, 38 %, 4149 MiB, 63, 155.37 W, 1410 MHz, 1512 MHz
2026/09/10 05:07:39.829, 34 %, 4149 MiB, 63, 152.23 W, 1410 MHz, 1512 MHz
2026/09/10 05:07:41.830, 35 %, 4149 MiB, 63, 154.01 W, 1410 MHz, 1512 MHz
2026/09/10 05:07:43.831, 37 %, 4149 MiB, 63, 153.62 W, 1410 MHz, 1512 MHz
2026/09/10 05:07:45.833, 37 %, 4149 MiB, 62, 152.04 W, 1410 MHz, 1512 MHz
2026/09/10 05:07:47.835, 39 %, 4149 MiB, 62, 151.35 W, 1410 MHz, 1512 MHz
2026/09/10 05:07:49.835, 35 %, 4149 MiB, 63, 156.68 W, 1410 MHz, 1512 MHz
2026/09/10 05:07:51.837, 32 %, 4149 MiB, 63, 152.24 W, 1410 MHz, 1512 MHz
2026/09/10 05:07:53.838, 37 %, 4149 MiB, 63, 151.65 W, 1410 MHz, 1512 MHz
2026/09/10 05:07:55.840, 37 %, 4149 MiB, 62, 151.79 W, 1410 MHz, 1512 MHz
2026/09/10 05:07:57.841, 36 %, 4149 MiB, 64, 153.57 W, 1410 MHz, 1512 MHz
2026/09/10 05:07:59.842, 33 %, 4149 MiB, 63, 153.07 W, 1410 MHz, 1512 MHz
2026/09/10 05:08:01.844, 47 %, 4149 MiB, 63, 149.02 W, 1410 MHz, 1512 MHz
2026/09/10 05:08:03.845, 38 %, 4149 MiB, 62, 150.35 W, 1410 MHz, 1512 MHz
2026/09/10 05:08:05.846, 36 %, 4149 MiB, 62, 152.06 W, 1410 MHz, 1512 MHz
2026/09/10 05:08:07.847, 31 %, 4149 MiB, 62, 146.38 W, 1410 MHz, 1512 MHz
2026/09/10 05:08:09.849, 34 %, 4149 MiB, 62, 151.36 W, 1410 MHz, 1512 MHz
2026/09/10 05:08:11.850, 39 %, 4149 MiB, 62, 147.56 W, 1410 MHz, 1512 MHz
2026/09/10 05:08:13.851, 37 %, 4149 MiB, 62, 152.33 W, 1410 MHz, 1512 MHz
2026/09/10 05:08:15.853, 33 %, 4149 MiB, 62, 152.19 W, 1410 MHz, 1512 MHz
2026/09/10 05:08:17.854, 33 %, 4149 MiB, 64, 149.32 W, 1260 MHz, 1512 MHz
2026/09/10 05:08:19.855, 37 %, 4149 MiB, 62, 152.57 W, 1410 MHz, 1512 MHz
2026/09/10 05:08:21.903, 38 %, 4149 MiB, 62, 152.62 W, 1410 MHz, 1512 MHz
2026/09/10 05:08:23.904, 31 %, 4149 MiB, 62, 154.88 W, 1410 MHz, 1512 MHz
2026/09/10 05:08:25.906, 31 %, 4149 MiB, 62, 203.13 W, 1410 MHz, 1512 MHz
2026/09/10 05:08:27.908, 39 %, 4149 MiB, 61, 123.77 W, 1410 MHz, 1512 MHz
2026/09/10 05:08:29.909, 39 %, 4149 MiB, 62, 150.20 W, 1410 MHz, 1512 MHz
2026/09/10 05:08:31.910, 34 %, 4149 MiB, 62, 147.74 W, 1395 MHz, 1512 MHz
2026/09/10 05:08:33.916, 33 %, 4149 MiB, 62, 149.91 W, 1410 MHz, 1512 MHz
2026/09/10 05:08:35.917, 38 %, 4149 MiB, 62, 150.31 W, 1410 MHz, 1512 MHz
2026/09/10 05:08:37.918, 38 %, 4149 MiB, 62, 151.05 W, 1410 MHz, 1512 MHz
2026/09/10 05:08:39.919, 39 %, 4149 MiB, 61, 152.48 W, 1410 MHz, 1512 MHz
2026/09/10 05:08:41.921, 36 %, 4149 MiB, 62, 147.41 W, 1410 MHz, 1512 MHz
2026/09/10 05:08:43.922, 14 %, 4149 MiB, 61, 121.55 W, 1410 MHz, 1512 MHz
2026/09/10 05:08:45.924, 36 %, 4149 MiB, 62, 152.33 W, 1410 MHz, 1512 MHz
2026/09/10 05:08:47.926, 41 %, 4149 MiB, 62, 154.29 W, 1410 MHz, 1512 MHz
2026/09/10 05:08:49.927, 40 %, 4149 MiB, 61, 151.49 W, 1410 MHz, 1512 MHz
2026/09/10 05:08:51.929, 33 %, 4149 MiB, 62, 152.05 W, 1410 MHz, 1512 MHz
2026/09/10 05:08:53.930, 31 %, 4149 MiB, 61, 151.52 W, 1410 MHz, 1512 MHz
2026/09/10 05:08:55.932, 37 %, 4149 MiB, 61, 151.10 W, 1410 MHz, 1512 MHz
2026/09/10 05:08:57.933, 35 %, 4149 MiB, 61, 151.24 W, 1410 MHz, 1512 MHz
2026/09/10 05:08:59.934, 35 %, 4149 MiB, 61, 151.09 W, 1410 MHz, 1512 MHz
2026/09/10 05:09:01.935, 32 %, 4149 MiB, 61, 152.44 W, 1410 MHz, 1512 MHz
2026/09/10 05:09:03.937, 38 %, 4149 MiB, 61, 147.91 W, 1410 MHz, 1512 MHz
2026/09/10 05:09:05.938, 37 %, 4149 MiB, 61, 154.23 W, 1410 MHz, 1512 MHz
2026/09/10 05:09:07.939, 38 %, 4149 MiB, 61, 155.65 W, 1410 MHz, 1512 MHz
2026/09/10 05:09:09.941, 33 %, 4149 MiB, 61, 149.89 W, 1410 MHz, 1512 MHz
2026/09/10 05:09:11.942, 32 %, 4149 MiB, 61, 151.90 W, 1410 MHz, 1512 MHz
2026/09/10 05:09:13.943, 37 %, 4149 MiB, 62, 153.52 W, 1410 MHz, 1512 MHz
2026/09/10 05:09:15.945, 38 %, 4149 MiB, 62, 147.59 W, 1410 MHz, 1512 MHz
2026/09/10 05:09:17.946, 33 %, 4149 MiB, 62, 153.77 W, 1410 MHz, 1512 MHz
2026/09/10 05:09:19.947, 34 %, 4149 MiB, 63, 150.58 W, 1410 MHz, 1512 MHz
2026/09/10 05:09:21.948, 40 %, 4149 MiB, 62, 151.90 W, 1410 MHz, 1512 MHz
2026/09/10 05:09:23.949, 40 %, 4149 MiB, 62, 149.48 W, 1410 MHz, 1512 MHz
2026/09/10 05:09:25.950, 36 %, 4149 MiB, 62, 152.42 W, 1410 MHz, 1512 MHz
2026/09/10 05:09:27.952, 34 %, 4149 MiB, 62, 150.95 W, 1410 MHz, 1512 MHz
2026/09/10 05:09:29.953, 36 %, 4149 MiB, 62, 153.02 W, 1410 MHz, 1512 MHz
2026/09/10 05:09:31.956, 52 %, 4149 MiB, 64, 157.36 W, 1290 MHz, 1512 MHz
2026/09/10 05:09:33.957, 41 %, 4149 MiB, 62, 155.59 W, 1410 MHz, 1512 MHz
2026/09/10 05:09:35.957, 37 %, 4149 MiB, 62, 156.25 W, 1410 MHz, 1512 MHz
2026/09/10 05:09:37.958, 33 %, 4149 MiB, 62, 149.13 W, 1410 MHz, 1512 MHz
2026/09/10 05:09:39.959, 33 %, 4149 MiB, 62, 150.20 W, 1410 MHz, 1512 MHz
2026/09/10 05:09:41.961, 38 %, 4149 MiB, 62, 152.24 W, 1410 MHz, 1512 MHz
2026/09/10 05:09:43.961, 40 %, 4149 MiB, 62, 149.95 W, 1410 MHz, 1512 MHz
2026/09/10 05:09:45.963, 33 %, 4149 MiB, 62, 151.55 W, 1410 MHz, 1512 MHz
2026/09/10 05:09:47.964, 55 %, 4149 MiB, 63, 168.86 W, 1395 MHz, 1512 MHz
2026/09/10 05:09:49.964, 36 %, 4149 MiB, 62, 149.83 W, 1410 MHz, 1512 MHz
2026/09/10 05:09:51.966, 36 %, 4149 MiB, 62, 152.71 W, 1410 MHz, 1512 MHz
2026/09/10 05:09:53.967, 39 %, 4149 MiB, 62, 147.32 W, 1410 MHz, 1512 MHz
2026/09/10 05:09:55.971, 0 %, 4149 MiB, 60, 120.16 W, 1410 MHz, 1512 MHz
2026/09/10 05:09:57.973, 0 %, 4149 MiB, 59, 119.18 W, 1410 MHz, 1512 MHz
2026/09/10 05:09:59.973, 0 %, 4149 MiB, 58, 118.59 W, 1410 MHz, 1512 MHz
2026/09/10 05:10:01.974, 0 %, 4149 MiB, 58, 118.15 W, 1410 MHz, 1512 MHz
2026/09/10 05:10:03.975, 0 %, 4149 MiB, 58, 117.61 W, 1410 MHz, 1512 MHz
2026/09/10 05:10:05.976, 0 %, 4149 MiB, 57, 117.48 W, 1410 MHz, 1512 MHz
2026/09/10 05:10:07.977, 20 %, 4161 MiB, 58, 133.27 W, 1410 MHz, 1512 MHz
2026/09/10 05:10:09.978, 29 %, 4161 MiB, 58, 143.84 W, 1410 MHz, 1512 MHz
2026/09/10 05:10:11.979, 0 %, 4161 MiB, 57, 116.81 W, 1410 MHz, 1512 MHz
2026/09/10 05:10:13.981, 0 %, 0 MiB, 57, 116.32 W, 1410 MHz, 1512 MHz
2026/09/10 05:10:15.983, 0 %, 0 MiB, 52, 55.43 W, 210 MHz, 1512 MHz
2026/09/10 05:10:17.984, 0 %, 0 MiB, 50, 54.25 W, 210 MHz, 1512 MHz
2026/09/10 05:10:19.986, 0 %, 0 MiB, 49, 54.04 W, 210 MHz, 1512 MHz
2026/09/10 05:10:21.988, 0 %, 0 MiB, 48, 53.75 W, 210 MHz, 1512 MHz
2026/09/10 05:10:23.989, 0 %, 0 MiB, 47, 53.27 W, 210 MHz, 1512 MHz
2026/09/10 05:10:25.990, 0 %, 0 MiB, 46, 52.87 W, 210 MHz, 1512 MHz
2026/09/10 05:10:27.991, 0 %, 0 MiB, 46, 52.77 W, 210 MHz, 1512 MHz
2026/09/10 05:10:29.993, 0 %, 0 MiB, 45, 52.48 W, 210 MHz, 1512 MHz
2026/09/10 05:10:31.994, 0 %, 0 MiB, 45, 52.68 W, 210 MHz, 1512 MHz
2026/09/10 05:10:33.995, 0 %, 0 MiB, 44, 52.60 W, 210 MHz, 1512 MHz
2026/09/10 05:10:35.996, 0 %, 0 MiB, 44, 52.29 W, 210 MHz, 1512 MHz
2026/09/10 05:10:37.997, 0 %, 0 MiB, 44, 52.19 W, 210 MHz, 1512 MHz
2026/09/10 05:10:39.999, 0 %, 0 MiB, 43, 52.08 W, 210 MHz, 1512 MHz
2026/09/10 05:10:42.002, 0 %, 0 MiB, 43, 51.98 W, 210 MHz, 1512 MHz
2026/09/10 05:10:44.003, 0 %, 0 MiB, 43, 51.70 W, 210 MHz, 1512 MHz
2026/09/10 05:10:46.011, 0 %, 0 MiB, 42, 51.58 W, 210 MHz, 1512 MHz
2026/09/10 05:10:48.013, 0 %, 0 MiB, 42, 51.47 W, 210 MHz, 1512 MHz
2026/09/10 05:10:50.014, 0 %, 0 MiB, 42, 51.29 W, 210 MHz, 1512 MHz
2026/09/10 05:10:52.015, 0 %, 0 MiB, 41, 51.30 W, 210 MHz, 1512 MHz
2026/09/10 05:10:54.017, 0 %, 0 MiB, 41, 51.19 W, 210 MHz, 1512 MHz
2026/09/10 05:10:56.018, 0 %, 0 MiB, 41, 51.09 W, 210 MHz, 1512 MHz
2026/09/10 05:10:58.019, 0 %, 0 MiB, 41, 51.02 W, 210 MHz, 1512 MHz
2026/09/10 05:11:00.020, 0 %, 0 MiB, 41, 50.99 W, 210 MHz, 1512 MHz
2026/09/10 05:11:02.021, 0 %, 0 MiB, 40, 50.70 W, 210 MHz, 1512 MHz
2026/09/10 05:11:04.023, 0 %, 0 MiB, 40, 50.91 W, 210 MHz, 1512 MHz
2026/09/10 05:11:06.024, 0 %, 0 MiB, 40, 50.81 W, 210 MHz, 1512 MHz
2026/09/10 05:11:08.025, 0 %, 0 MiB, 40, 50.63 W, 210 MHz, 1512 MHz
2026/09/10 05:11:10.027, 0 %, 0 MiB, 40, 50.62 W, 210 MHz, 1512 MHz
2026/09/10 05:11:12.030, 0 %, 0 MiB, 39, 50.40 W, 210 MHz, 1512 MHz
2026/09/10 05:11:14.031, 0 %, 0 MiB, 39, 50.49 W, 210 MHz, 1512 MHz
2026/09/10 05:11:16.034, 0 %, 0 MiB, 39, 50.40 W, 210 MHz, 1512 MHz
2026/09/10 05:11:18.035, 0 %, 0 MiB, 39, 50.30 W, 210 MHz, 1512 MHz
2026/09/10 05:11:20.037, 0 %, 0 MiB, 39, 50.39 W, 210 MHz, 1512 MHz
2026/09/10 05:11:22.038, 0 %, 0 MiB, 39, 50.29 W, 210 MHz, 1512 MHz
2026/09/10 05:11:24.040, 0 %, 0 MiB, 39, 50.19 W, 210 MHz, 1512 MHz
2026/09/10 05:11:26.047, 0 %, 0 MiB, 38, 50.08 W, 210 MHz, 1512 MHz
2026/09/10 05:11:28.048, 0 %, 0 MiB, 38, 50.18 W, 210 MHz, 1512 MHz
2026/09/10 05:11:30.049, 0 %, 0 MiB, 38, 49.99 W, 210 MHz, 1512 MHz
2026/09/10 05:11:32.050, 0 %, 0 MiB, 38, 50.08 W, 210 MHz, 1512 MHz
2026/09/10 05:11:34.052, 0 %, 0 MiB, 38, 50.01 W, 210 MHz, 1512 MHz
2026/09/10 05:11:36.054, 0 %, 0 MiB, 38, 49.90 W, 210 MHz, 1512 MHz
2026/09/10 05:11:38.055, 0 %, 0 MiB, 38, 49.81 W, 210 MHz, 1512 MHz
2026/09/10 05:11:40.056, 0 %, 0 MiB, 38, 49.91 W, 210 MHz, 1512 MHz
2026/09/10 05:11:42.057, 0 %, 0 MiB, 38, 49.71 W, 210 MHz, 1512 MHz
2026/09/10 05:11:44.059, 0 %, 0 MiB, 37, 49.71 W, 210 MHz, 1512 MHz
2026/09/10 05:11:46.062, 0 %, 0 MiB, 37, 49.70 W, 210 MHz, 1512 MHz
2026/09/10 05:11:48.063, 0 %, 0 MiB, 37, 49.73 W, 210 MHz, 1512 MHz
2026/09/10 05:11:50.064, 0 %, 0 MiB, 37, 49.63 W, 210 MHz, 1512 MHz
2026/09/10 05:11:52.066, 0 %, 0 MiB, 37, 49.62 W, 210 MHz, 1512 MHz
2026/09/10 05:11:54.067, 0 %, 0 MiB, 37, 49.74 W, 210 MHz, 1512 MHz
2026/09/10 05:11:56.069, 0 %, 0 MiB, 37, 49.63 W, 210 MHz, 1512 MHz
2026/09/10 05:11:58.071, 0 %, 0 MiB, 37, 49.64 W, 210 MHz, 1512 MHz
2026/09/10 05:12:00.072, 0 %, 0 MiB, 37, 49.62 W, 210 MHz, 1512 MHz
2026/09/10 05:12:02.074, 0 %, 0 MiB, 37, 49.41 W, 210 MHz, 1512 MHz
2026/09/10 05:12:04.075, 0 %, 0 MiB, 37, 49.51 W, 210 MHz, 1512 MHz
2026/09/10 05:12:06.077, 0 %, 0 MiB, 36, 49.31 W, 210 MHz, 1512 MHz
2026/09/10 05:12:08.079, 0 %, 0 MiB, 36, 49.41 W, 210 MHz, 1512 MHz
2026/09/10 05:12:10.080, 0 %, 0 MiB, 36, 49.30 W, 210 MHz, 1512 MHz
2026/09/10 05:12:12.081, 0 %, 0 MiB, 36, 49.31 W, 210 MHz, 1512 MHz
2026/09/10 05:12:14.084, 0 %, 0 MiB, 36, 49.33 W, 210 MHz, 1512 MHz
2026/09/10 05:12:16.086, 0 %, 0 MiB, 36, 49.33 W, 210 MHz, 1512 MHz
2026/09/10 05:12:18.088, 0 %, 0 MiB, 36, 49.43 W, 210 MHz, 1512 MHz
2026/09/10 05:12:20.089, 0 %, 0 MiB, 36, 49.31 W, 210 MHz, 1512 MHz
2026/09/10 05:12:22.091, 0 %, 0 MiB, 36, 49.23 W, 210 MHz, 1512 MHz
2026/09/10 05:12:24.093, 0 %, 0 MiB, 36, 49.23 W, 210 MHz, 1512 MHz
2026/09/10 05:12:26.093, 0 %, 0 MiB, 36, 49.23 W, 210 MHz, 1512 MHz
2026/09/10 05:12:28.095, 0 %, 0 MiB, 36, 49.20 W, 210 MHz, 1512 MHz
2026/09/10 05:12:30.097, 0 %, 0 MiB, 36, 49.10 W, 210 MHz, 1512 MHz
2026/09/10 05:12:32.100, 0 %, 0 MiB, 36, 49.20 W, 210 MHz, 1512 MHz
