unix_ts,elapsed_s,utc_time,running_requests,waiting_requests,waiting_capacity,waiting_deferred,kv_cache_usage,preemptions_total,gpu_util_pct,fb_used_mb,power_w,gpu_temp_c,engine_up,dcgm_up
1788785718,-20,2026-09-07 12:55:18+00:00,0.0,0.0,0.0,0.0,0.0,0.0,0.0,74382.0,104.314,47.0,1.0,1.0
1788785719,-19,2026-09-07 12:55:19+00:00,0.0,0.0,0.0,0.0,0.0,0.0,0.0,74382.0,104.025,47.0,1.0,1.0
1788785720,-18,2026-09-07 12:55:20+00:00,0.0,0.0,0.0,0.0,0.0,0.0,0.0,74382.0,103.829,46.0,1.0,1.0
1788785721,-17,2026-09-07 12:55:21+00:00,0.0,0.0,0.0,0.0,0.0,0.0,0.0,74382.0,103.866,46.0,1.0,1.0
1788785722,-16,2026-09-07 12:55:22+00:00,0.0,0.0,0.0,0.0,0.0,0.0,0.0,74382.0,103.737,46.0,1.0,1.0
1788785723,-15,2026-09-07 12:55:23+00:00,0.0,0.0,0.0,0.0,0.0,0.0,0.0,74382.0,103.566,46.0,1.0,1.0
1788785724,-14,2026-09-07 12:55:24+00:00,0.0,0.0,0.0,0.0,0.0,0.0,0.0,74382.0,103.476,46.0,1.0,1.0
1788785725,-13,2026-09-07 12:55:25+00:00,0.0,0.0,0.0,0.0,0.0,0.0,0.0,74382.0,103.537,46.0,1.0,1.0
1788785726,-12,2026-09-07 12:55:26+00:00,0.0,0.0,0.0,0.0,0.0,0.0,0.0,74382.0,103.829,46.0,1.0,1.0
1788785727,-11,2026-09-07 12:55:27+00:00,0.0,0.0,0.0,0.0,0.0,0.0,0.0,74382.0,103.697,46.0,1.0,1.0
1788785728,-10,2026-09-07 12:55:28+00:00,0.0,0.0,0.0,0.0,0.0,0.0,0.0,74382.0,103.599,46.0,1.0,1.0
1788785729,-9,2026-09-07 12:55:29+00:00,0.0,0.0,0.0,0.0,0.0,0.0,0.0,74382.0,103.248,46.0,1.0,1.0
1788785730,-8,2026-09-07 12:55:30+00:00,0.0,0.0,0.0,0.0,0.0,0.0,0.0,74382.0,103.627,46.0,1.0,1.0
1788785731,-7,2026-09-07 12:55:31+00:00,0.0,0.0,0.0,0.0,0.0,0.0,0.0,74382.0,103.437,46.0,1.0,1.0
1788785732,-6,2026-09-07 12:55:32+00:00,0.0,0.0,0.0,0.0,0.0,0.0,0.0,74382.0,103.5,46.0,1.0,1.0
1788785733,-5,2026-09-07 12:55:33+00:00,0.0,0.0,0.0,0.0,0.0,0.0,0.0,74382.0,103.438,46.0,1.0,1.0
1788785734,-4,2026-09-07 12:55:34+00:00,0.0,0.0,0.0,0.0,0.0,0.0,0.0,74382.0,103.167,46.0,1.0,1.0
1788785735,-3,2026-09-07 12:55:35+00:00,0.0,0.0,0.0,0.0,0.0,0.0,0.0,74382.0,103.473,46.0,1.0,1.0
1788785736,-2,2026-09-07 12:55:36+00:00,0.0,0.0,0.0,0.0,0.0,0.0,0.0,74382.0,103.308,46.0,1.0,1.0
1788785737,-1,2026-09-07 12:55:37+00:00,0.0,0.0,0.0,0.0,0.0,0.0,0.0,74382.0,103.432,46.0,1.0,1.0
1788785738,0,2026-09-07 12:55:38+00:00,0.0,0.0,0.0,0.0,0.0,0.0,0.0,74382.0,103.069,46.0,1.0,1.0
1788785739,1,2026-09-07 12:55:39+00:00,0.0,0.0,0.0,0.0,0.0,0.0,0.0,74382.0,103.272,45.0,1.0,1.0
1788785740,2,2026-09-07 12:55:40+00:00,0.0,0.0,0.0,0.0,0.0,0.0,0.0,74382.0,103.213,45.0,1.0,1.0
1788785741,3,2026-09-07 12:55:41+00:00,0.0,0.0,0.0,0.0,0.0,0.0,0.0,74382.0,103.243,45.0,1.0,1.0
1788785742,4,2026-09-07 12:55:42+00:00,0.0,0.0,0.0,0.0,0.0,0.0,0.0,74382.0,102.948,45.0,1.0,1.0
1788785743,5,2026-09-07 12:55:43+00:00,0.0,0.0,0.0,0.0,0.0,0.0,0.0,74382.0,103.098,45.0,1.0,1.0
1788785744,6,2026-09-07 12:55:44+00:00,0.0,0.0,0.0,0.0,0.0,0.0,0.0,74382.0,103.209,45.0,1.0,1.0
1788785745,7,2026-09-07 12:55:45+00:00,0.0,0.0,0.0,0.0,0.0,0.0,0.0,74382.0,103.113,45.0,1.0,1.0
1788785746,8,2026-09-07 12:55:46+00:00,0.0,0.0,0.0,0.0,0.0,0.0,0.0,74382.0,103.048,45.0,1.0,1.0
1788785747,9,2026-09-07 12:55:47+00:00,0.0,0.0,0.0,0.0,0.0,0.0,0.0,74382.0,103.206,45.0,1.0,1.0
1788785748,10,2026-09-07 12:55:48+00:00,0.0,0.0,0.0,0.0,0.0,0.0,0.0,74382.0,103.182,45.0,1.0,1.0
1788785749,11,2026-09-07 12:55:49+00:00,0.0,0.0,0.0,0.0,0.0,0.0,0.0,74382.0,102.92,45.0,1.0,1.0
1788785750,12,2026-09-07 12:55:50+00:00,0.0,0.0,0.0,0.0,0.0,0.0,0.0,74382.0,103.401,45.0,1.0,1.0
1788785751,13,2026-09-07 12:55:51+00:00,0.0,0.0,0.0,0.0,0.0,0.0,0.0,74382.0,102.837,45.0,1.0,1.0
1788785752,14,2026-09-07 12:55:52+00:00,0.0,0.0,0.0,0.0,0.0,0.0,0.0,74382.0,103.159,45.0,1.0,1.0
1788785753,15,2026-09-07 12:55:53+00:00,0.0,0.0,0.0,0.0,0.0,0.0,0.0,74382.0,102.996,45.0,1.0,1.0
1788785754,16,2026-09-07 12:55:54+00:00,0.0,0.0,0.0,0.0,0.0,0.0,0.0,74382.0,103.061,45.0,1.0,1.0
1788785755,17,2026-09-07 12:55:55+00:00,0.0,0.0,0.0,0.0,0.0,0.0,0.0,74382.0,102.969,45.0,1.0,1.0
1788785756,18,2026-09-07 12:55:56+00:00,0.0,0.0,0.0,0.0,0.0,0.0,0.0,74382.0,102.832,45.0,1.0,1.0
1788785757,19,2026-09-07 12:55:57+00:00,0.0,0.0,0.0,0.0,0.0,0.0,0.0,74382.0,102.886,45.0,1.0,1.0
1788785758,20,2026-09-07 12:55:58+00:00,0.0,0.0,0.0,0.0,0.0,0.0,0.0,74382.0,102.544,45.0,1.0,1.0
1788785759,21,2026-09-07 12:55:59+00:00,0.0,0.0,0.0,0.0,0.0,0.0,0.0,74382.0,103.099,45.0,1.0,1.0
1788785760,22,2026-09-07 12:56:00+00:00,0.0,0.0,0.0,0.0,0.0,0.0,0.0,74382.0,102.874,45.0,1.0,1.0
1788785761,23,2026-09-07 12:56:01+00:00,0.0,0.0,0.0,0.0,0.0,0.0,0.0,74382.0,102.85,45.0,1.0,1.0
1788785762,24,2026-09-07 12:56:02+00:00,0.0,0.0,0.0,0.0,0.0,0.0,0.0,74382.0,102.797,45.0,1.0,1.0
1788785763,25,2026-09-07 12:56:03+00:00,0.0,0.0,0.0,0.0,0.0,0.0,0.0,74382.0,102.776,45.0,1.0,1.0
1788785764,26,2026-09-07 12:56:04+00:00,64.0,0.0,0.0,0.0,0.014649617398308501,0.0,54.0,74382.0,303.478,50.0,1.0,1.0
1788785765,27,2026-09-07 12:56:05+00:00,59.0,5.0,5.0,0.0,0.012585581957309744,0.0,100.0,74382.0,298.257,51.0,1.0,1.0
1788785766,28,2026-09-07 12:56:06+00:00,40.0,18.0,18.0,0.0,0.008514146194120054,0.0,100.0,74382.0,295.714,51.0,1.0,1.0
1788785767,29,2026-09-07 12:56:07+00:00,40.0,17.0,17.0,0.0,0.009369965767217048,0.0,100.0,74382.0,289.602,51.0,1.0,1.0
1788785768,30,2026-09-07 12:56:08+00:00,51.0,0.0,0.0,0.0,0.013302960128876329,0.0,100.0,74382.0,292.011,51.0,1.0,1.0
1788785769,31,2026-09-07 12:56:09+00:00,64.0,0.0,0.0,0.0,0.016021445831655212,0.0,100.0,74382.0,280.392,53.0,1.0,1.0
1788785770,32,2026-09-07 12:56:10+00:00,64.0,0.0,0.0,0.0,0.01466220298026577,0.0,100.0,74382.0,300.859,54.0,1.0,1.0
1788785771,33,2026-09-07 12:56:11+00:00,62.0,2.0,2.0,0.0,0.013699405960531652,0.0,99.0,74382.0,358.664,54.0,1.0,1.0
1788785772,34,2026-09-07 12:56:12+00:00,41.0,17.0,17.0,0.0,0.008746979460330206,0.0,100.0,74382.0,305.049,53.0,1.0,1.0
1788785773,35,2026-09-07 12:56:13+00:00,30.0,26.0,26.0,0.0,0.0067332863471606386,0.0,100.0,74382.0,302.648,54.0,1.0,1.0
1788785774,36,2026-09-07 12:56:14+00:00,41.0,0.0,0.0,0.0,0.010911699556987564,0.0,100.0,74382.0,246.097,54.0,1.0,1.0
1788785775,37,2026-09-07 12:56:15+00:00,64.0,0.0,0.0,0.0,0.015920761175996723,0.0,100.0,74382.0,285.716,55.0,1.0,1.0
1788785776,38,2026-09-07 12:56:16+00:00,64.0,0.0,0.0,0.0,0.014580396697543296,0.0,100.0,74382.0,295.355,56.0,1.0,1.0
1788785777,39,2026-09-07 12:56:17+00:00,60.0,4.0,4.0,0.0,0.012849879178413182,0.0,97.0,74382.0,342.059,56.0,1.0,1.0
1788785778,40,2026-09-07 12:56:18+00:00,31.0,33.0,33.0,0.0,0.0067647503020539235,0.0,100.0,74382.0,302.476,55.0,1.0,1.0
1788785779,41,2026-09-07 12:56:19+00:00,23.0,2.0,2.0,0.0,0.005569120016109541,0.0,100.0,74382.0,278.259,56.0,1.0,1.0
1788785780,42,2026-09-07 12:56:20+00:00,64.0,0.0,0.0,0.0,0.016229107933950826,0.0,100.0,74382.0,295.241,57.0,1.0,1.0
1788785781,43,2026-09-07 12:56:21+00:00,64.0,0.0,0.0,0.0,0.015083819975835633,0.0,95.0,74382.0,304.021,57.0,1.0,1.0
1788785782,44,2026-09-07 12:56:22+00:00,64.0,0.0,0.0,0.0,0.014272049939589193,0.0,100.0,74382.0,311.227,57.0,1.0,1.0
1788785783,45,2026-09-07 12:56:23+00:00,46.0,18.0,18.0,0.0,0.009823046717680195,0.0,100.0,74382.0,299.323,57.0,1.0,1.0
1788785784,46,2026-09-07 12:56:24+00:00,22.0,34.0,34.0,0.0,0.004707007652033801,0.0,100.0,74382.0,300.448,57.0,1.0,1.0
1788785785,47,2026-09-07 12:56:25+00:00,64.0,0.0,0.0,0.0,0.016757702376157924,0.0,100.0,74382.0,254.405,57.0,1.0,1.0
1788785786,48,2026-09-07 12:56:26+00:00,64.0,0.0,0.0,0.0,0.015580950463149446,0.0,100.0,74382.0,292.605,59.0,1.0,1.0
1788785787,49,2026-09-07 12:56:27+00:00,64.0,0.0,0.0,0.0,0.014555225533628646,0.0,97.0,74382.0,297.226,59.0,1.0,1.0
1788785788,50,2026-09-07 12:56:28+00:00,51.0,13.0,13.0,0.0,0.011245217478856206,0.0,94.0,74382.0,281.495,58.0,1.0,1.0
1788785789,51,2026-09-07 12:56:29+00:00,29.0,28.0,28.0,0.0,0.006110300040273908,0.0,99.0,74382.0,301.882,59.0,1.0,1.0
1788785790,52,2026-09-07 12:56:30+00:00,29.0,0.0,0.0,0.0,0.007438078936770065,0.0,99.0,74382.0,305.787,59.0,1.0,1.0
1788785791,53,2026-09-07 12:56:31+00:00,64.0,0.0,0.0,0.0,0.016235400724929572,0.0,100.0,74382.0,286.521,60.0,1.0,1.0
1788785792,54,2026-09-07 12:56:32+00:00,64.0,0.0,0.0,0.0,0.015190797422472868,0.0,100.0,74382.0,288.495,61.0,1.0,1.0
1788785793,55,2026-09-07 12:56:33+00:00,64.0,0.0,0.0,0.0,0.014108437374144134,0.0,97.0,74382.0,339.462,61.0,1.0,1.0
1788785794,56,2026-09-07 12:56:34+00:00,43.0,21.0,21.0,0.0,0.00918118203785745,0.0,100.0,74382.0,300.044,60.0,1.0,1.0
1788785795,57,2026-09-07 12:56:35+00:00,22.0,35.0,35.0,0.0,0.004625201369311327,0.0,100.0,74382.0,300.214,60.0,1.0,1.0
1788785796,58,2026-09-07 12:56:36+00:00,44.0,0.0,0.0,0.0,0.011647956101490164,0.0,100.0,74382.0,237.258,60.0,1.0,1.0
1788785797,59,2026-09-07 12:56:37+00:00,64.0,0.0,0.0,0.0,0.015555779299234795,0.0,100.0,74382.0,282.018,61.0,1.0,1.0
1788785798,60,2026-09-07 12:56:38+00:00,64.0,0.0,0.0,0.0,0.014674788562223151,0.0,98.0,74382.0,298.048,62.0,1.0,1.0
1788785799,61,2026-09-07 12:56:39+00:00,58.0,6.0,6.0,0.0,0.012648509867096203,0.0,98.0,74382.0,282.948,62.0,1.0,1.0
1788785800,62,2026-09-07 12:56:40+00:00,34.0,30.0,30.0,0.0,0.00735627265404748,0.0,100.0,74382.0,306.011,61.0,1.0,1.0
1788785801,63,2026-09-07 12:56:41+00:00,9.0,4.0,4.0,0.0,0.0018500805477245086,0.0,99.0,74382.0,301.977,62.0,1.0,1.0
1788785802,64,2026-09-07 12:56:42+00:00,64.0,0.0,0.0,0.0,0.016317207007652046,0.0,100.0,74382.0,305.729,63.0,1.0,1.0
1788785803,65,2026-09-07 12:56:43+00:00,64.0,0.0,0.0,0.0,0.01546138743455494,0.0,100.0,74382.0,275.642,63.0,1.0,1.0
1788785804,66,2026-09-07 12:56:44+00:00,64.0,0.0,0.0,0.0,0.014020338300443025,0.0,97.0,74382.0,308.837,63.0,1.0,1.0
1788785805,67,2026-09-07 12:56:45+00:00,48.0,16.0,16.0,0.0,0.010219492549335518,0.0,100.0,74382.0,305.226,62.0,1.0,1.0
1788785806,68,2026-09-07 12:56:46+00:00,22.0,33.0,33.0,0.0,0.004707007652033801,0.0,99.0,74382.0,302.973,63.0,1.0,1.0
1788785807,69,2026-09-07 12:56:47+00:00,51.0,0.0,0.0,0.0,0.013416230366492199,0.0,100.0,74382.0,242.081,63.0,1.0,1.0
1788785808,70,2026-09-07 12:56:48+00:00,64.0,0.0,0.0,0.0,0.01573827023761576,0.0,100.0,74382.0,273.064,64.0,1.0,1.0
1788785809,71,2026-09-07 12:56:49+00:00,64.0,0.0,0.0,0.0,0.01469995972613769,0.0,95.0,74382.0,299.4,64.0,1.0,1.0
1788785810,72,2026-09-07 12:56:50+00:00,54.0,10.0,10.0,0.0,0.011849325412807143,0.0,100.0,74382.0,322.498,64.0,1.0,1.0
1788785811,73,2026-09-07 12:56:51+00:00,34.0,30.0,30.0,0.0,0.007161196133709247,0.0,100.0,74382.0,297.277,63.0,1.0,1.0
1788785812,74,2026-09-07 12:56:52+00:00,20.0,3.0,3.0,0.0,0.0049272553362867955,0.0,100.0,74382.0,294.405,63.0,1.0,1.0
1788785813,75,2026-09-07 12:56:53+00:00,64.0,0.0,0.0,0.0,0.016317207007652046,0.0,100.0,74382.0,288.117,65.0,1.0,1.0
1788785814,76,2026-09-07 12:56:54+00:00,64.0,0.0,0.0,0.0,0.015165626258558218,0.0,100.0,74382.0,285.626,65.0,1.0,1.0
1788785815,77,2026-09-07 12:56:55+00:00,64.0,0.0,0.0,0.0,0.013957410390656455,0.0,99.0,74382.0,362.362,65.0,1.0,1.0
1788785816,78,2026-09-07 12:56:56+00:00,39.0,25.0,25.0,0.0,0.008388290374546914,0.0,99.0,74382.0,301.481,64.0,1.0,1.0
1788785817,79,2026-09-07 12:56:57+00:00,24.0,19.0,19.0,0.0,0.005569120016109541,0.0,99.0,74382.0,304.174,64.0,1.0,1.0
1788785818,80,2026-09-07 12:56:58+00:00,64.0,0.0,0.0,0.0,0.016694774466371354,0.0,100.0,74382.0,273.911,64.0,1.0,1.0
1788785819,81,2026-09-07 12:56:59+00:00,64.0,0.0,0.0,0.0,0.015316653242045897,0.0,100.0,74382.0,287.811,65.0,1.0,1.0
1788785820,82,2026-09-07 12:57:00+00:00,64.0,0.0,0.0,0.0,0.014542639951671377,0.0,94.0,74382.0,299.352,66.0,1.0,1.0
1788785821,83,2026-09-07 12:57:01+00:00,43.0,21.0,21.0,0.0,0.009187474828836084,0.0,100.0,74382.0,282.072,65.0,1.0,1.0
1788785822,84,2026-09-07 12:57:02+00:00,20.0,34.0,34.0,0.0,0.004291683447442574,0.0,100.0,74382.0,297.867,65.0,1.0,1.0
1788785823,85,2026-09-07 12:57:03+00:00,45.0,0.0,0.0,0.0,0.011817861457913859,0.0,100.0,74382.0,301.578,65.0,1.0,1.0
1788785824,86,2026-09-07 12:57:04+00:00,64.0,0.0,0.0,0.0,0.01571309907370122,0.0,100.0,74382.0,302.856,66.0,1.0,1.0
1788785825,87,2026-09-07 12:57:05+00:00,64.0,0.0,0.0,0.0,0.014611860652436581,0.0,100.0,74382.0,282.047,66.0,1.0,1.0
1788785826,88,2026-09-07 12:57:06+00:00,56.0,8.0,8.0,0.0,0.012239478453483721,0.0,98.0,74382.0,297.261,67.0,1.0,1.0
1788785827,89,2026-09-07 12:57:07+00:00,31.0,33.0,33.0,0.0,0.0067647503020539235,0.0,99.0,74382.0,302.272,66.0,1.0,1.0
1788785828,90,2026-09-07 12:57:08+00:00,16.0,0.0,0.0,0.0,0.004203584373741465,0.0,98.0,74382.0,306.044,66.0,1.0,1.0
1788785829,91,2026-09-07 12:57:09+00:00,64.0,0.0,0.0,0.0,0.016141008860249717,0.0,100.0,74382.0,302.272,66.0,1.0,1.0
1788785830,92,2026-09-07 12:57:10+00:00,64.0,0.0,0.0,0.0,0.014706252517116436,0.0,96.0,74382.0,282.055,67.0,1.0,1.0
1788785831,93,2026-09-07 12:57:11+00:00,57.0,7.0,7.0,0.0,0.012491190092629889,0.0,98.0,74382.0,299.714,67.0,1.0,1.0
1788785832,94,2026-09-07 12:57:12+00:00,34.0,30.0,30.0,0.0,0.007173781715666516,0.0,99.0,74382.0,294.089,67.0,1.0,1.0
1788785833,95,2026-09-07 12:57:13+00:00,40.0,8.0,8.0,0.0,0.01004329440193319,0.0,100.0,74382.0,299.325,66.0,1.0,1.0
1788785834,96,2026-09-07 12:57:14+00:00,64.0,0.0,0.0,0.0,0.0164115988723319,0.0,100.0,74382.0,259.91,66.0,1.0,1.0
1788785835,97,2026-09-07 12:57:15+00:00,64.0,0.0,0.0,0.0,0.015291482078131247,0.0,100.0,74382.0,297.949,68.0,1.0,1.0
1788785836,98,2026-09-07 12:57:16+00:00,64.0,0.0,0.0,0.0,0.014209122029802623,0.0,97.0,74382.0,309.276,68.0,1.0,1.0
1788785837,99,2026-09-07 12:57:17+00:00,42.0,22.0,22.0,0.0,0.00900498389045512,0.0,99.0,74382.0,289.298,68.0,1.0,1.0
1788785838,100,2026-09-07 12:57:18+00:00,24.0,9.0,9.0,0.0,0.005392921868707212,0.0,99.0,74382.0,298.951,67.0,1.0,1.0
1788785839,101,2026-09-07 12:57:19+00:00,64.0,0.0,0.0,0.0,0.01666331051147807,0.0,99.0,74382.0,302.785,67.0,1.0,1.0
1788785840,102,2026-09-07 12:57:20+00:00,64.0,0.0,0.0,0.0,0.015505436971405606,0.0,100.0,74382.0,251.555,68.0,1.0,1.0
1788785841,103,2026-09-07 12:57:21+00:00,64.0,0.0,0.0,0.0,0.014139901329037419,0.0,100.0,74382.0,301.405,68.0,1.0,1.0
1788785842,104,2026-09-07 12:57:22+00:00,52.0,5.0,5.0,0.0,0.011685712847362084,0.0,100.0,74382.0,284.017,68.0,1.0,1.0
1788785843,105,2026-09-07 12:57:23+00:00,30.0,26.0,26.0,0.0,0.006815092629883224,0.0,100.0,74382.0,294.092,67.0,1.0,1.0
1788785844,106,2026-09-07 12:57:24+00:00,63.0,0.0,0.0,0.0,0.01649969794603301,0.0,100.0,74382.0,307.698,68.0,1.0,1.0
1788785845,107,2026-09-07 12:57:25+00:00,64.0,0.0,0.0,0.0,0.01582636931131698,0.0,100.0,74382.0,246.366,67.0,1.0,1.0
1788785846,108,2026-09-07 12:57:26+00:00,64.0,0.0,0.0,0.0,0.014523761578735361,0.0,100.0,74382.0,284.158,69.0,1.0,1.0
1788785847,109,2026-09-07 12:57:27+00:00,53.0,11.0,11.0,0.0,0.011434001208215916,0.0,98.0,74382.0,302.785,69.0,1.0,1.0
1788785848,110,2026-09-07 12:57:28+00:00,30.0,33.0,33.0,0.0,0.006355718888441442,0.0,100.0,74382.0,290.701,68.0,1.0,1.0
1788785849,111,2026-09-07 12:57:29+00:00,35.0,3.0,3.0,0.0,0.008621123640757178,0.0,100.0,74382.0,300.606,68.0,1.0,1.0
1788785850,112,2026-09-07 12:57:30+00:00,64.0,0.0,0.0,0.0,0.016329792589609315,0.0,100.0,74382.0,296.95,68.0,1.0,1.0
1788785851,113,2026-09-07 12:57:31+00:00,64.0,0.0,0.0,0.0,0.015197090213451503,0.0,100.0,74382.0,299.719,69.0,1.0,1.0
1788785852,114,2026-09-07 12:57:32+00:00,63.0,1.0,1.0,0.0,0.013680527587595637,0.0,100.0,74382.0,283.329,69.0,1.0,1.0
1788785853,115,2026-09-07 12:57:33+00:00,41.0,23.0,23.0,0.0,0.008734393878372937,0.0,99.0,74382.0,333.84,69.0,1.0,1.0
1788785854,116,2026-09-07 12:57:34+00:00,24.0,31.0,31.0,0.0,0.005531363270237621,0.0,100.0,74382.0,297.244,68.0,1.0,1.0
1788785855,117,2026-09-07 12:57:35+00:00,64.0,0.0,0.0,0.0,0.016669603302456704,0.0,100.0,74382.0,296.961,68.0,1.0,1.0
1788785856,118,2026-09-07 12:57:36+00:00,64.0,0.0,0.0,0.0,0.01557465767217081,0.0,100.0,74382.0,285.143,68.0,1.0,1.0
1788785857,119,2026-09-07 12:57:37+00:00,64.0,0.0,0.0,0.0,0.014555225533628646,0.0,100.0,74382.0,284.958,69.0,1.0,1.0
1788785858,120,2026-09-07 12:57:38+00:00,51.0,13.0,13.0,0.0,0.011024969794603323,0.0,97.0,74382.0,304.808,69.0,1.0,1.0
1788785859,121,2026-09-07 12:57:39+00:00,32.0,24.0,24.0,0.0,0.006903191703584333,0.0,100.0,74382.0,332.928,70.0,1.0,1.0
1788785860,122,2026-09-07 12:57:40+00:00,31.0,0.0,0.0,0.0,0.008123993153443365,0.0,100.0,74382.0,308.754,69.0,1.0,1.0
1788785861,123,2026-09-07 12:57:41+00:00,64.0,0.0,0.0,0.0,0.016046616995569862,0.0,100.0,74382.0,297.46,69.0,1.0,1.0
1788785862,124,2026-09-07 12:57:42+00:00,64.0,0.0,0.0,0.0,0.015064941602899729,0.0,100.0,74382.0,272.364,69.0,1.0,1.0
1788785863,125,2026-09-07 12:57:43+00:00,59.0,5.0,5.0,0.0,0.012925392670157021,0.0,98.0,74382.0,285.814,70.0,1.0,1.0
1788785864,126,2026-09-07 12:57:44+00:00,37.0,27.0,27.0,0.0,0.008048479661699526,0.0,98.0,74382.0,285.814,70.0,1.0,1.0
1788785865,127,2026-09-07 12:57:45+00:00,27.0,4.0,4.0,0.0,0.006374597261377346,0.0,100.0,74382.0,297.072,70.0,1.0,1.0
1788785866,128,2026-09-07 12:57:46+00:00,64.0,0.0,0.0,0.0,0.016329792589609315,0.0,100.0,74382.0,299.108,69.0,1.0,1.0
1788785867,129,2026-09-07 12:57:47+00:00,64.0,0.0,0.0,0.0,0.01548655859846959,0.0,100.0,74382.0,298.807,69.0,1.0,1.0
1788785868,130,2026-09-07 12:57:48+00:00,64.0,0.0,0.0,0.0,0.01403921667337893,0.0,100.0,74382.0,256.906,69.0,1.0,1.0
1788785869,131,2026-09-07 12:57:49+00:00,46.0,18.0,18.0,0.0,0.010011830447039904,0.0,100.0,74382.0,282.751,70.0,1.0,1.0
1788785870,132,2026-09-07 12:57:50+00:00,24.0,32.0,32.0,0.0,0.005323701167942008,0.0,97.0,74382.0,297.375,70.0,1.0,1.0
1788785871,133,2026-09-07 12:57:51+00:00,63.0,0.0,0.0,0.0,0.01662555376560615,0.0,100.0,74382.0,286.239,70.0,1.0,1.0
1788785872,134,2026-09-07 12:57:52+00:00,64.0,0.0,0.0,0.0,0.01558724325412808,0.0,99.0,74382.0,303.484,69.0,1.0,1.0
1788785873,135,2026-09-07 12:57:53+00:00,64.0,0.0,0.0,0.0,0.014379027386226317,0.0,100.0,74382.0,297.681,69.0,1.0,1.0
1788785874,136,2026-09-07 12:57:54+00:00,56.0,8.0,8.0,0.0,0.012075865888038662,0.0,100.0,74382.0,302.487,70.0,1.0,1.0
1788785875,137,2026-09-07 12:57:55+00:00,33.0,24.0,24.0,0.0,0.007098268223922677,0.0,100.0,74382.0,284.588,70.0,1.0,1.0
1788785876,138,2026-09-07 12:57:56+00:00,15.0,3.0,3.0,0.0,0.0035743052758759886,0.0,98.0,74382.0,298.844,70.0,1.0,1.0
1788785877,139,2026-09-07 12:57:57+00:00,64.0,0.0,0.0,0.0,0.016078080950463147,0.0,100.0,74382.0,306.612,69.0,1.0,1.0
1788785878,140,2026-09-07 12:57:58+00:00,64.0,0.0,0.0,0.0,0.014945378574305224,0.0,100.0,74382.0,300.717,69.0,1.0,1.0
1788785879,141,2026-09-07 12:57:59+00:00,64.0,0.0,0.0,0.0,0.013907068062827266,0.0,100.0,74382.0,292.235,69.0,1.0,1.0
1788785880,142,2026-09-07 12:58:00+00:00,43.0,21.0,21.0,0.0,0.009382551349174428,0.0,100.0,74382.0,279.992,70.0,1.0,1.0
1788785881,143,2026-09-07 12:58:01+00:00,31.0,25.0,25.0,0.0,0.007110853805879946,0.0,96.0,74382.0,297.469,70.0,1.0,1.0
1788785882,144,2026-09-07 12:58:02+00:00,64.0,0.0,0.0,0.0,0.016789166331051097,0.0,100.0,74382.0,311.964,70.0,1.0,1.0
1788785883,145,2026-09-07 12:58:03+00:00,64.0,0.0,0.0,0.0,0.01565017116391465,0.0,100.0,74382.0,299.526,69.0,1.0,1.0
1788785884,146,2026-09-07 12:58:04+00:00,64.0,0.0,0.0,0.0,0.014429369714055618,0.0,100.0,74382.0,298.061,69.0,1.0,1.0
1788785885,147,2026-09-07 12:58:05+00:00,53.0,11.0,11.0,0.0,0.011421415626258535,0.0,100.0,74382.0,244.217,69.0,1.0,1.0
1788785886,148,2026-09-07 12:58:06+00:00,27.0,37.0,37.0,0.0,0.005751610954490505,0.0,100.0,74382.0,280.999,70.0,1.0,1.0
1788785887,149,2026-09-07 12:58:07+00:00,27.0,0.0,0.0,0.0,0.0071674889246878815,0.0,98.0,74382.0,299.724,71.0,1.0,1.0
1788785888,150,2026-09-07 12:58:08+00:00,64.0,0.0,0.0,0.0,0.015989981876761927,0.0,100.0,74382.0,297.971,70.0,1.0,1.0
1788785889,151,2026-09-07 12:58:09+00:00,64.0,0.0,0.0,0.0,0.014832108336689465,0.0,100.0,74382.0,300.719,70.0,1.0,1.0
1788785890,152,2026-09-07 12:58:10+00:00,60.0,4.0,4.0,0.0,0.013208568264196585,0.0,100.0,74382.0,257.699,70.0,1.0,1.0
1788785891,153,2026-09-07 12:58:11+00:00,36.0,28.0,28.0,0.0,0.007759011276681438,0.0,100.0,74382.0,291.519,71.0,1.0,1.0
1788785892,154,2026-09-07 12:58:12+00:00,19.0,9.0,9.0,0.0,0.004392368103101063,0.0,96.0,74382.0,303.569,71.0,1.0,1.0
1788785893,155,2026-09-07 12:58:13+00:00,64.0,0.0,0.0,0.0,0.016556333064840945,0.0,100.0,74382.0,325.008,71.0,1.0,1.0
1788785894,156,2026-09-07 12:58:14+00:00,64.0,0.0,0.0,0.0,0.015260018123238073,0.0,100.0,74382.0,302.755,70.0,1.0,1.0
1788785895,157,2026-09-07 12:58:15+00:00,64.0,0.0,0.0,0.0,0.014284635521546463,0.0,100.0,74382.0,303.447,70.0,1.0,1.0
1788785896,158,2026-09-07 12:58:16+00:00,47.0,17.0,17.0,0.0,0.010181735803463599,0.0,100.0,74382.0,293.516,71.0,1.0,1.0
1788785897,159,2026-09-07 12:58:17+00:00,40.0,17.0,17.0,0.0,0.009439186467982252,0.0,100.0,74382.0,292.108,71.0,1.0,1.0
1788785898,160,2026-09-07 12:58:18+00:00,43.0,0.0,0.0,0.0,0.011220046314941556,0.0,97.0,74382.0,300.203,71.0,1.0,1.0
1788785899,161,2026-09-07 12:58:19+00:00,64.0,0.0,0.0,0.0,0.01585154047523163,0.0,100.0,74382.0,302.57,70.0,1.0,1.0
1788785900,162,2026-09-07 12:58:20+00:00,64.0,0.0,0.0,0.0,0.01475030205396699,0.0,100.0,74382.0,301.19,70.0,1.0,1.0
1788785901,163,2026-09-07 12:58:21+00:00,58.0,6.0,6.0,0.0,0.012434554973821954,0.0,100.0,74382.0,300.62,70.0,1.0,1.0
1788785902,164,2026-09-07 12:58:22+00:00,34.0,30.0,30.0,0.0,0.00740661498187678,0.0,100.0,74382.0,287.028,71.0,1.0,1.0
1788785903,165,2026-09-07 12:58:23+00:00,6.0,3.0,3.0,0.0,0.0012396798227950478,0.0,100.0,74382.0,308.575,71.0,1.0,1.0
1788785904,166,2026-09-07 12:58:24+00:00,64.0,0.0,0.0,0.0,0.016505990737011644,0.0,95.0,74382.0,387.664,71.0,1.0,1.0
1788785905,167,2026-09-07 12:58:25+00:00,64.0,0.0,0.0,0.0,0.01462444623439385,0.0,99.0,74382.0,301.7,70.0,1.0,1.0
1788785906,168,2026-09-07 12:58:26+00:00,62.0,2.0,2.0,0.0,0.013435108739428103,0.0,100.0,74382.0,299.162,70.0,1.0,1.0
1788785907,169,2026-09-07 12:58:27+00:00,35.0,26.0,26.0,0.0,0.007607984293193759,0.0,100.0,74382.0,302.3,70.0,1.0,1.0
1788785908,170,2026-09-07 12:58:28+00:00,20.0,4.0,4.0,0.0,0.004486759967780918,0.0,95.0,74382.0,285.776,71.0,1.0,1.0
1788785909,171,2026-09-07 12:58:29+00:00,64.0,0.0,0.0,0.0,0.016392720499395885,0.0,100.0,74382.0,298.827,71.0,1.0,1.0
1788785910,172,2026-09-07 12:58:30+00:00,64.0,0.0,0.0,0.0,0.015209675795408772,0.0,99.0,74382.0,303.663,70.0,1.0,1.0
1788785911,173,2026-09-07 12:58:31+00:00,64.0,0.0,0.0,0.0,0.014209122029802623,0.0,99.0,74382.0,301.038,70.0,1.0,1.0
1788785912,174,2026-09-07 12:58:32+00:00,41.0,23.0,23.0,0.0,0.008822492952074157,0.0,100.0,74382.0,272.723,70.0,1.0,1.0
1788785913,175,2026-09-07 12:58:33+00:00,34.0,22.0,22.0,0.0,0.008136578735400746,0.0,98.0,74382.0,290.081,71.0,1.0,1.0
1788785914,176,2026-09-07 12:58:34+00:00,64.0,0.0,0.0,0.0,0.016870972613773683,0.0,96.0,74382.0,306.184,71.0,1.0,1.0
1788785915,177,2026-09-07 12:58:35+00:00,64.0,0.0,0.0,0.0,0.015505436971405606,0.0,100.0,74382.0,295.983,70.0,1.0,1.0
1788785916,178,2026-09-07 12:58:36+00:00,64.0,0.0,0.0,0.0,0.014423076923076872,0.0,98.0,74382.0,298.746,70.0,1.0,1.0
1788785917,179,2026-09-07 12:58:37+00:00,46.0,18.0,18.0,0.0,0.00985451067257348,0.0,100.0,74382.0,248.118,70.0,1.0,1.0
1788785918,180,2026-09-07 12:58:38+00:00,24.0,27.0,27.0,0.0,0.005455849778493782,0.0,100.0,74382.0,280.754,71.0,1.0,1.0
1788785919,181,2026-09-07 12:58:39+00:00,64.0,0.0,0.0,0.0,0.016820630285944382,0.0,97.0,74382.0,298.765,71.0,1.0,1.0
1788785920,182,2026-09-07 12:58:40+00:00,64.0,0.0,0.0,0.0,0.015473973016512321,0.0,98.0,74382.0,299.407,70.0,1.0,1.0
1788785921,183,2026-09-07 12:58:41+00:00,64.0,0.0,0.0,0.0,0.014328685058397128,0.0,98.0,74382.0,295.502,70.0,1.0,1.0
1788785922,184,2026-09-07 12:58:42+00:00,51.0,13.0,13.0,0.0,0.010974627466774023,0.0,100.0,74382.0,291.167,70.0,1.0,1.0
1788785923,185,2026-09-07 12:58:43+00:00,28.0,36.0,36.0,0.0,0.006129178413209813,0.0,100.0,74382.0,291.636,71.0,1.0,1.0
1788785924,186,2026-09-07 12:58:44+00:00,41.0,0.0,0.0,0.0,0.010873942811115533,0.0,98.0,74382.0,288.091,71.0,1.0,1.0
1788785925,187,2026-09-07 12:58:45+00:00,64.0,0.0,0.0,0.0,0.015669049536850554,0.0,99.0,74382.0,290.323,71.0,1.0,1.0
1788785926,188,2026-09-07 12:58:46+00:00,64.0,0.0,0.0,0.0,0.014492297623842076,0.0,100.0,74382.0,300.532,70.0,1.0,1.0
1788785927,189,2026-09-07 12:58:47+00:00,55.0,9.0,9.0,0.0,0.011843032621828398,0.0,100.0,74382.0,299.426,70.0,1.0,1.0
1788785928,190,2026-09-07 12:58:48+00:00,22.0,13.0,13.0,0.0,0.0047825211437776405,0.0,100.0,74382.0,300.124,71.0,1.0,1.0
1788785929,191,2026-09-07 12:58:49+00:00,60.0,0.0,0.0,0.0,0.01548655859846959,0.0,95.0,74382.0,298.241,71.0,1.0,1.0
1788785930,192,2026-09-07 12:58:50+00:00,64.0,0.0,0.0,0.0,0.015518022553362876,0.0,96.0,74382.0,273.469,70.0,1.0,1.0
1788785931,193,2026-09-07 12:58:51+00:00,64.0,0.0,0.0,0.0,0.014095851792186864,0.0,99.0,74382.0,300.394,70.0,1.0,1.0
1788785932,194,2026-09-07 12:58:52+00:00,38.0,26.0,26.0,0.0,0.00807994361659281,0.0,100.0,74382.0,243.292,70.0,1.0,1.0
1788785933,195,2026-09-07 12:58:53+00:00,3.0,0.0,0.0,0.0,0.0006733286347160305,0.0,96.0,74382.0,298.322,71.0,1.0,1.0
1788785934,196,2026-09-07 12:58:54+00:00,64.0,0.0,0.0,0.0,0.016040324204591228,0.0,95.0,74382.0,326.316,71.0,1.0,1.0
1788785935,197,2026-09-07 12:58:55+00:00,64.0,0.0,0.0,0.0,0.014674788562223151,0.0,97.0,74382.0,316.136,70.0,1.0,1.0
1788785936,198,2026-09-07 12:58:56+00:00,45.0,19.0,19.0,0.0,0.00987968183648813,0.0,100.0,74382.0,297.864,71.0,1.0,1.0
1788785937,199,2026-09-07 12:58:57+00:00,22.0,22.0,22.0,0.0,0.004631494160289962,0.0,100.0,74382.0,301.0,71.0,1.0,1.0
1788785938,200,2026-09-07 12:58:58+00:00,64.0,0.0,0.0,0.0,0.016556333064840945,0.0,99.0,74382.0,302.928,72.0,1.0,1.0
1788785939,201,2026-09-07 12:58:59+00:00,64.0,0.0,0.0,0.0,0.01553690092629878,0.0,99.0,74382.0,288.172,70.0,1.0,1.0
1788785940,202,2026-09-07 12:59:00+00:00,63.0,0.0,0.0,0.0,0.01407697341925096,0.0,97.0,74382.0,300.911,70.0,1.0,1.0
1788785941,203,2026-09-07 12:59:01+00:00,41.0,23.0,23.0,0.0,0.008803614579138141,0.0,100.0,74382.0,237.137,71.0,1.0,1.0
1788785942,204,2026-09-07 12:59:02+00:00,16.0,5.0,5.0,0.0,0.0035743052758759886,0.0,97.0,74382.0,293.623,71.0,1.0,1.0
1788785943,205,2026-09-07 12:59:03+00:00,64.0,0.0,0.0,0.0,0.016342378171566696,0.0,99.0,74382.0,296.857,72.0,1.0,1.0
1788785944,206,2026-09-07 12:59:04+00:00,64.0,0.0,0.0,0.0,0.015203383004430138,0.0,97.0,74382.0,292.102,70.0,1.0,1.0
1788785945,207,2026-09-07 12:59:05+00:00,62.0,2.0,2.0,0.0,0.01326520338300441,0.0,100.0,74382.0,303.575,71.0,1.0,1.0
1788785946,208,2026-09-07 12:59:06+00:00,40.0,24.0,24.0,0.0,0.008589659685863893,0.0,100.0,74382.0,245.933,70.0,1.0,1.0
1788785947,209,2026-09-07 12:59:07+00:00,13.0,9.0,9.0,0.0,0.002674436165928329,0.0,100.0,74382.0,280.583,71.0,1.0,1.0
1788785948,210,2026-09-07 12:59:08+00:00,64.0,0.0,0.0,0.0,0.016531161900926294,0.0,95.0,74382.0,298.241,72.0,1.0,1.0
1788785949,211,2026-09-07 12:59:09+00:00,64.0,0.0,0.0,0.0,0.015159333467579583,0.0,98.0,74382.0,297.079,71.0,1.0,1.0
1788785950,212,2026-09-07 12:59:10+00:00,64.0,0.0,0.0,0.0,0.014007752718485755,0.0,88.0,74382.0,301.695,71.0,1.0,1.0
1788785951,213,2026-09-07 12:59:11+00:00,44.0,20.0,20.0,0.0,0.009571335078534027,0.0,100.0,74382.0,289.764,70.0,1.0,1.0
1788785952,214,2026-09-07 12:59:12+00:00,15.0,9.0,9.0,0.0,0.0031149315344342066,0.0,100.0,74382.0,284.943,71.0,1.0,1.0
1788785953,215,2026-09-07 12:59:13+00:00,64.0,0.0,0.0,0.0,0.01651228352799028,0.0,98.0,74382.0,294.264,72.0,1.0,1.0
1788785954,216,2026-09-07 12:59:14+00:00,64.0,0.0,0.0,0.0,0.015266310914216707,0.0,100.0,74382.0,304.447,71.0,1.0,1.0
1788785955,217,2026-09-07 12:59:15+00:00,64.0,0.0,0.0,0.0,0.014303513894482478,0.0,100.0,74382.0,301.715,71.0,1.0,1.0
1788785956,218,2026-09-07 12:59:16+00:00,46.0,18.0,18.0,0.0,0.01000553765606127,0.0,100.0,74382.0,276.501,70.0,1.0,1.0
1788785957,219,2026-09-07 12:59:17+00:00,24.0,34.0,34.0,0.0,0.005172674184454329,0.0,100.0,74382.0,280.871,71.0,1.0,1.0
1788785958,220,2026-09-07 12:59:18+00:00,45.0,0.0,0.0,0.0,0.011893374949657698,0.0,98.0,74382.0,294.592,72.0,1.0,1.0
1788785959,221,2026-09-07 12:59:19+00:00,64.0,0.0,0.0,0.0,0.015669049536850554,0.0,100.0,74382.0,348.984,72.0,1.0,1.0
1788785960,222,2026-09-07 12:59:20+00:00,64.0,0.0,0.0,0.0,0.014574103906564662,0.0,100.0,74382.0,306.599,71.0,1.0,1.0
1788785961,223,2026-09-07 12:59:21+00:00,53.0,11.0,11.0,0.0,0.01145287958115182,0.0,100.0,74382.0,306.596,71.0,1.0,1.0
1788785962,224,2026-09-07 12:59:22+00:00,26.0,33.0,33.0,0.0,0.00578307490938379,0.0,100.0,74382.0,309.468,72.0,1.0,1.0
1788785963,225,2026-09-07 12:59:23+00:00,20.0,0.0,0.0,0.0,0.005329993958920642,0.0,99.0,74382.0,282.597,72.0,1.0,1.0
1788785964,226,2026-09-07 12:59:24+00:00,64.0,0.0,0.0,0.0,0.015876711639146168,0.0,100.0,74382.0,277.65,72.0,1.0,1.0
1788785965,227,2026-09-07 12:59:25+00:00,64.0,0.0,0.0,0.0,0.014668495771244516,0.0,100.0,74382.0,297.459,71.0,1.0,1.0
1788785966,228,2026-09-07 12:59:26+00:00,55.0,9.0,9.0,0.0,0.012063280306081392,0.0,100.0,74382.0,303.737,71.0,1.0,1.0
1788785967,229,2026-09-07 12:59:27+00:00,31.0,31.0,31.0,0.0,0.006487867498993105,0.0,100.0,74382.0,288.311,72.0,1.0,1.0
1788785968,230,2026-09-07 12:59:28+00:00,2.0,0.0,0.0,0.0,0.0005348872331856214,0.0,99.0,74382.0,293.489,72.0,1.0,1.0
1788785969,231,2026-09-07 12:59:29+00:00,64.0,0.0,0.0,0.0,0.015920761175996723,0.0,100.0,74382.0,366.578,72.0,1.0,1.0
1788785970,232,2026-09-07 12:59:30+00:00,64.0,0.0,0.0,0.0,0.014857279500604115,0.0,100.0,74382.0,301.506,71.0,1.0,1.0
1788785971,233,2026-09-07 12:59:31+00:00,57.0,7.0,7.0,0.0,0.01241567660088605,0.0,97.0,74382.0,302.495,71.0,1.0,1.0
1788785972,234,2026-09-07 12:59:32+00:00,35.0,25.0,25.0,0.0,0.007733840112766788,0.0,100.0,74382.0,258.303,71.0,1.0,1.0
1788785973,235,2026-09-07 12:59:33+00:00,49.0,5.0,5.0,0.0,0.012308699154248925,0.0,100.0,74382.0,286.396,72.0,1.0,1.0
1788785974,236,2026-09-07 12:59:34+00:00,64.0,0.0,0.0,0.0,0.01639901329037452,0.0,98.0,74382.0,287.748,72.0,1.0,1.0
1788785975,237,2026-09-07 12:59:35+00:00,64.0,0.0,0.0,0.0,0.015241139750302057,0.0,100.0,74382.0,303.557,71.0,1.0,1.0
1788785976,238,2026-09-07 12:59:36+00:00,64.0,0.0,0.0,0.0,0.01397628876359247,0.0,100.0,74382.0,303.186,71.0,1.0,1.0
1788785977,239,2026-09-07 12:59:37+00:00,42.0,22.0,22.0,0.0,0.009168596455900069,0.0,100.0,74382.0,250.619,71.0,1.0,1.0
1788785978,240,2026-09-07 12:59:38+00:00,21.0,15.0,15.0,0.0,0.004411246476037078,0.0,100.0,74382.0,280.394,72.0,1.0,1.0
1788785979,241,2026-09-07 12:59:39+00:00,64.0,0.0,0.0,0.0,0.016594089810712864,0.0,98.0,74382.0,288.369,72.0,1.0,1.0
1788785980,242,2026-09-07 12:59:40+00:00,64.0,0.0,0.0,0.0,0.015071234393878363,0.0,94.0,74382.0,302.279,71.0,1.0,1.0
1788785981,243,2026-09-07 12:59:41+00:00,64.0,0.0,0.0,0.0,0.014183950865888084,0.0,96.0,74382.0,290.659,71.0,1.0,1.0
1788785982,244,2026-09-07 12:59:42+00:00,33.0,31.0,31.0,0.0,0.007161196133709247,0.0,100.0,74382.0,207.888,71.0,1.0,1.0
1788785983,245,2026-09-07 12:59:43+00:00,27.0,3.0,3.0,0.0,0.006922070076520348,0.0,91.0,74382.0,303.571,72.0,1.0,1.0
1788785984,246,2026-09-07 12:59:44+00:00,64.0,0.0,0.0,0.0,0.016059202577527132,0.0,95.0,74382.0,303.748,72.0,1.0,1.0
1788785985,247,2026-09-07 12:59:45+00:00,64.0,0.0,0.0,0.0,0.01478805879983891,0.0,98.0,74382.0,309.588,71.0,1.0,1.0
1788785986,248,2026-09-07 12:59:46+00:00,49.0,15.0,15.0,0.0,0.010697744663713205,0.0,100.0,74382.0,310.291,71.0,1.0,1.0
1788785987,249,2026-09-07 12:59:47+00:00,20.0,7.0,7.0,0.0,0.004316854611357224,0.0,100.0,74382.0,302.407,72.0,1.0,1.0
1788785988,250,2026-09-07 12:59:48+00:00,63.0,0.0,0.0,0.0,0.01638642770841725,0.0,87.0,74382.0,300.914,72.0,1.0,1.0
1788785989,251,2026-09-07 12:59:49+00:00,64.0,0.0,0.0,0.0,0.015266310914216707,0.0,95.0,74382.0,188.461,70.0,1.0,1.0
1788785990,252,2026-09-07 12:59:50+00:00,63.0,1.0,1.0,0.0,0.013699405960531652,0.0,98.0,74382.0,294.519,71.0,1.0,1.0
1788785991,253,2026-09-07 12:59:51+00:00,37.0,27.0,27.0,0.0,0.007803060813531992,0.0,100.0,74382.0,266.984,71.0,1.0,1.0
1788785992,254,2026-09-07 12:59:52+00:00,8.0,0.0,0.0,0.0,0.0016612968183649102,0.0,99.0,74382.0,281.376,72.0,1.0,1.0
1788785993,255,2026-09-07 12:59:53+00:00,64.0,0.0,0.0,0.0,0.016354963753523966,0.0,97.0,74382.0,290.661,72.0,1.0,1.0
1788785994,256,2026-09-07 12:59:54+00:00,64.0,0.0,0.0,0.0,0.014643324607329866,0.0,98.0,74382.0,308.803,71.0,1.0,1.0
1788785995,257,2026-09-07 12:59:55+00:00,50.0,14.0,14.0,0.0,0.010836186065243614,0.0,100.0,74382.0,296.572,71.0,1.0,1.0
1788785996,258,2026-09-07 12:59:56+00:00,20.0,27.0,27.0,0.0,0.00419729158276283,0.0,100.0,74382.0,303.967,72.0,1.0,1.0
1788785997,259,2026-09-07 12:59:57+00:00,64.0,0.0,0.0,0.0,0.01668848167539272,0.0,80.0,74382.0,303.978,72.0,1.0,1.0
1788785998,260,2026-09-07 12:59:58+00:00,64.0,0.0,0.0,0.0,0.015385873942811101,0.0,98.0,74382.0,281.86,70.0,1.0,1.0
1788785999,261,2026-09-07 12:59:59+00:00,64.0,0.0,0.0,0.0,0.0138630185259766,0.0,98.0,74382.0,297.393,71.0,1.0,1.0
1788786000,262,2026-09-07 13:00:00+00:00,31.0,33.0,33.0,0.0,0.006745871929118019,0.0,100.0,74382.0,272.848,71.0,1.0,1.0
1788786001,263,2026-09-07 13:00:01+00:00,24.0,3.0,3.0,0.0,0.00587117398308501,0.0,100.0,74382.0,300.611,72.0,1.0,1.0
1788786002,264,2026-09-07 13:00:02+00:00,64.0,0.0,0.0,0.0,0.01658779701973423,0.0,98.0,74382.0,303.245,72.0,1.0,1.0
1788786003,265,2026-09-07 13:00:03+00:00,64.0,0.0,0.0,0.0,0.014995720902134524,0.0,100.0,74382.0,302.686,71.0,1.0,1.0
1788786004,266,2026-09-07 13:00:04+00:00,60.0,4.0,4.0,0.0,0.01311417639951673,0.0,100.0,74382.0,301.121,71.0,1.0,1.0
1788786005,267,2026-09-07 13:00:05+00:00,37.0,27.0,27.0,0.0,0.007972966169955686,0.0,100.0,74382.0,305.354,71.0,1.0,1.0
1788786006,268,2026-09-07 13:00:06+00:00,20.0,6.0,6.0,0.0,0.004587444623439407,0.0,100.0,74399.0,286.937,72.0,1.0,1.0
1788786007,269,2026-09-07 13:00:07+00:00,64.0,0.0,0.0,0.0,0.016329792589609315,0.0,98.0,74804.0,298.135,72.0,1.0,1.0
1788786008,270,2026-09-07 13:00:08+00:00,64.0,0.0,0.0,0.0,0.015278896496173977,0.0,100.0,74382.0,282.948,72.0,1.0,1.0
1788786009,271,2026-09-07 13:00:09+00:00,64.0,0.0,0.0,0.0,0.01407697341925096,0.0,97.0,74382.0,297.449,72.0,1.0,1.0
1788786010,272,2026-09-07 13:00:10+00:00,44.0,20.0,20.0,0.0,0.009432893677003618,0.0,100.0,74382.0,303.167,71.0,1.0,1.0
1788786011,273,2026-09-07 13:00:11+00:00,27.0,30.0,30.0,0.0,0.005990737011679403,0.0,100.0,74382.0,301.772,71.0,1.0,1.0
1788786012,274,2026-09-07 13:00:12+00:00,64.0,0.0,0.0,0.0,0.016738824003221908,0.0,100.0,74382.0,258.811,71.0,1.0,1.0
1788786013,275,2026-09-07 13:00:13+00:00,64.0,0.0,0.0,0.0,0.015606121627063985,0.0,99.0,74382.0,294.401,72.0,1.0,1.0
1788786014,276,2026-09-07 13:00:14+00:00,64.0,0.0,0.0,0.0,0.014460833668948903,0.0,100.0,74382.0,295.978,72.0,1.0,1.0
1788786015,277,2026-09-07 13:00:15+00:00,48.0,16.0,16.0,0.0,0.010420861860652386,0.0,100.0,74382.0,287.379,71.0,1.0,1.0
1788786016,278,2026-09-07 13:00:16+00:00,24.0,40.0,40.0,0.0,0.005122331856625029,0.0,99.0,74382.0,305.641,71.0,1.0,1.0
1788786017,279,2026-09-07 13:00:17+00:00,30.0,0.0,0.0,0.0,0.007897452678211847,0.0,100.0,74382.0,252.416,71.0,1.0,1.0
1788786018,280,2026-09-07 13:00:18+00:00,64.0,0.0,0.0,0.0,0.015744563028594394,0.0,100.0,74382.0,279.265,72.0,1.0,1.0
1788786019,281,2026-09-07 13:00:19+00:00,64.0,0.0,0.0,0.0,0.01466220298026577,0.0,98.0,74382.0,294.111,72.0,1.0,1.0
1788786020,282,2026-09-07 13:00:20+00:00,53.0,11.0,11.0,0.0,0.011484343536045105,0.0,100.0,74382.0,293.015,73.0,1.0,1.0
1788786021,283,2026-09-07 13:00:21+00:00,30.0,34.0,34.0,0.0,0.00655708819975831,0.0,100.0,74382.0,303.387,71.0,1.0,1.0
1788786022,284,2026-09-07 13:00:22+00:00,30.0,0.0,0.0,0.0,0.007897452678211847,0.0,100.0,74382.0,305.834,72.0,1.0,1.0
1788786023,285,2026-09-07 13:00:23+00:00,64.0,0.0,0.0,0.0,0.016059202577527132,0.0,100.0,74382.0,302.887,72.0,1.0,1.0
1788786024,286,2026-09-07 13:00:24+00:00,64.0,0.0,0.0,0.0,0.01491391461941205,0.0,99.0,74382.0,295.014,72.0,1.0,1.0
1788786025,287,2026-09-07 13:00:25+00:00,61.0,3.0,3.0,0.0,0.01307641965364481,0.0,100.0,74382.0,283.04,72.0,1.0,1.0
1788786026,288,2026-09-07 13:00:26+00:00,38.0,26.0,26.0,0.0,0.008224677809101855,0.0,100.0,74382.0,306.919,72.0,1.0,1.0
1788786027,289,2026-09-07 13:00:27+00:00,17.0,6.0,6.0,0.0,0.003763089005235587,0.0,100.0,74382.0,302.459,71.0,1.0,1.0
1788786028,290,2026-09-07 13:00:28+00:00,64.0,0.0,0.0,0.0,0.016329792589609315,0.0,100.0,74382.0,295.894,71.0,1.0,1.0
1788786029,291,2026-09-07 13:00:29+00:00,64.0,0.0,0.0,0.0,0.015348117196939182,0.0,100.0,74382.0,283.557,72.0,1.0,1.0
1788786030,292,2026-09-07 13:00:30+00:00,64.0,0.0,0.0,0.0,0.014102144583165499,0.0,98.0,74382.0,304.352,72.0,1.0,1.0
1788786031,293,2026-09-07 13:00:31+00:00,46.0,18.0,18.0,0.0,0.00984192509061621,0.0,100.0,74382.0,304.635,72.0,1.0,1.0
1788786032,294,2026-09-07 13:00:32+00:00,22.0,38.0,38.0,0.0,0.004713300443012436,0.0,100.0,74382.0,301.993,72.0,1.0,1.0
1788786033,295,2026-09-07 13:00:33+00:00,64.0,0.0,0.0,0.0,0.016883558195730952,0.0,100.0,74382.0,247.961,71.0,1.0,1.0
1788786034,296,2026-09-07 13:00:34+00:00,64.0,0.0,0.0,0.0,0.015631292790978635,0.0,99.0,74382.0,282.439,72.0,1.0,1.0
1788786035,297,2026-09-07 13:00:35+00:00,64.0,0.0,0.0,0.0,0.014460833668948903,0.0,100.0,74382.0,292.666,73.0,1.0,1.0
1788786036,298,2026-09-07 13:00:36+00:00,52.0,12.0,12.0,0.0,0.011245217478856206,0.0,100.0,74382.0,289.281,72.0,1.0,1.0
1788786037,299,2026-09-07 13:00:37+00:00,30.0,32.0,32.0,0.0,0.006336840515505426,0.0,100.0,74382.0,303.159,72.0,1.0,1.0
1788786038,300,2026-09-07 13:00:38+00:00,33.0,0.0,0.0,0.0,0.008539317358034593,0.0,100.0,74382.0,297.16,71.0,1.0,1.0
1788786039,301,2026-09-07 13:00:39+00:00,64.0,0.0,0.0,0.0,0.016002567458719308,0.0,100.0,74382.0,290.962,72.0,1.0,1.0
1788786040,302,2026-09-07 13:00:40+00:00,64.0,0.0,0.0,0.0,0.015052356020942459,0.0,96.0,74382.0,277.208,72.0,1.0,1.0
1788786041,303,2026-09-07 13:00:41+00:00,60.0,4.0,4.0,0.0,0.012881343133306467,0.0,100.0,74382.0,337.256,73.0,1.0,1.0
1788786042,304,2026-09-07 13:00:42+00:00,38.0,26.0,26.0,0.0,0.008174335481272665,0.0,100.0,74382.0,304.253,72.0,1.0,1.0
1788786043,305,2026-09-07 13:00:43+00:00,38.0,16.0,16.0,0.0,0.009262988320579923,0.0,100.0,74382.0,300.298,72.0,1.0,1.0
1788786044,306,2026-09-07 13:00:44+00:00,64.0,0.0,0.0,0.0,0.01643677003624644,0.0,100.0,74382.0,296.978,71.0,1.0,1.0
1788786045,307,2026-09-07 13:00:45+00:00,64.0,0.0,0.0,0.0,0.015423630688683021,0.0,100.0,74382.0,280.992,72.0,1.0,1.0
1788786046,308,2026-09-07 13:00:46+00:00,64.0,0.0,0.0,0.0,0.014272049939589193,0.0,98.0,74382.0,294.475,73.0,1.0,1.0
1788786047,309,2026-09-07 13:00:47+00:00,47.0,17.0,17.0,0.0,0.010181735803463599,0.0,100.0,74382.0,299.924,72.0,1.0,1.0
1788786048,310,2026-09-07 13:00:48+00:00,35.0,22.0,22.0,0.0,0.007947795006041036,0.0,100.0,74382.0,293.938,72.0,1.0,1.0
1788786049,311,2026-09-07 13:00:49+00:00,26.0,0.0,0.0,0.0,0.006827678211840493,0.0,100.0,74382.0,289.979,71.0,1.0,1.0
1788786050,312,2026-09-07 13:00:50+00:00,64.0,0.0,0.0,0.0,0.015908175594039453,0.0,100.0,74382.0,293.685,72.0,1.0,1.0
1788786051,313,2026-09-07 13:00:51+00:00,64.0,0.0,0.0,0.0,0.014718838099073706,0.0,98.0,74382.0,289.004,73.0,1.0,1.0
1788786052,314,2026-09-07 13:00:52+00:00,54.0,10.0,10.0,0.0,0.011855618203785778,0.0,100.0,74382.0,313.564,72.0,1.0,1.0
1788786053,315,2026-09-07 13:00:53+00:00,31.0,25.0,25.0,0.0,0.0067081151832460995,0.0,100.0,74382.0,297.946,72.0,1.0,1.0
1788786054,316,2026-09-07 13:00:54+00:00,32.0,0.0,0.0,0.0,0.008400875956504184,0.0,100.0,74382.0,290.36,72.0,1.0,1.0
1788786055,317,2026-09-07 13:00:55+00:00,64.0,0.0,0.0,0.0,0.01588929722110355,0.0,100.0,74382.0,289.083,73.0,1.0,1.0
1788786056,318,2026-09-07 13:00:56+00:00,64.0,0.0,0.0,0.0,0.01490132903745467,0.0,100.0,74382.0,283.354,72.0,1.0,1.0
1788786057,319,2026-09-07 13:00:57+00:00,60.0,4.0,4.0,0.0,0.013095298026580715,0.0,100.0,74382.0,315.408,72.0,1.0,1.0
1788786058,320,2026-09-07 13:00:58+00:00,38.0,26.0,26.0,0.0,0.008174335481272665,0.0,100.0,74382.0,304.63,72.0,1.0,1.0
1788786059,321,2026-09-07 13:00:59+00:00,39.0,17.0,17.0,0.0,0.009502114377768822,0.0,100.0,74382.0,304.672,72.0,1.0,1.0
1788786060,322,2026-09-07 13:01:00+00:00,64.0,0.0,0.0,0.0,0.016329792589609315,0.0,100.0,74382.0,293.223,71.0,1.0,1.0
1788786061,323,2026-09-07 13:01:01+00:00,64.0,0.0,0.0,0.0,0.01546138743455494,0.0,99.0,74382.0,277.733,72.0,1.0,1.0
1788786062,324,2026-09-07 13:01:02+00:00,64.0,0.0,0.0,0.0,0.014284635521546463,0.0,100.0,74382.0,299.42,73.0,1.0,1.0
1788786063,325,2026-09-07 13:01:03+00:00,44.0,20.0,20.0,0.0,0.009646848570277866,0.0,100.0,74382.0,306.813,72.0,1.0,1.0
1788786064,326,2026-09-07 13:01:04+00:00,54.0,3.0,3.0,0.0,0.01318968989126057,0.0,100.0,74382.0,293.41,72.0,1.0,1.0
1788786065,327,2026-09-07 13:01:05+00:00,64.0,0.0,0.0,0.0,0.016751409585179178,0.0,100.0,74382.0,290.078,72.0,1.0,1.0
1788786066,328,2026-09-07 13:01:06+00:00,63.0,0.0,0.0,0.0,0.01548655859846959,0.0,100.0,74382.0,284.14,73.0,1.0,1.0
1788786067,329,2026-09-07 13:01:07+00:00,64.0,0.0,0.0,0.0,0.014731423681030975,0.0,100.0,74382.0,298.257,73.0,1.0,1.0
1788786068,330,2026-09-07 13:01:08+00:00,54.0,4.0,4.0,0.0,0.011742347966169908,0.0,100.0,74382.0,306.259,73.0,1.0,1.0
1788786069,331,2026-09-07 13:01:09+00:00,34.0,23.0,23.0,0.0,0.007689790575916233,0.0,100.0,74382.0,358.85,72.0,1.0,1.0
1788786070,332,2026-09-07 13:01:10+00:00,34.0,0.0,0.0,0.0,0.00887912807088198,0.0,100.0,74382.0,295.896,72.0,1.0,1.0
1788786071,333,2026-09-07 13:01:11+00:00,64.0,0.0,0.0,0.0,0.015939639548932738,0.0,100.0,74382.0,288.04,73.0,1.0,1.0
1788786072,334,2026-09-07 13:01:12+00:00,64.0,0.0,0.0,0.0,0.014939085783326589,0.0,98.0,74382.0,295.75,73.0,1.0,1.0
1788786073,335,2026-09-07 13:01:13+00:00,64.0,0.0,0.0,0.0,0.013705698751510287,0.0,100.0,74382.0,298.527,73.0,1.0,1.0
1788786074,336,2026-09-07 13:01:14+00:00,38.0,21.0,21.0,0.0,0.008161749899315396,0.0,100.0,74382.0,299.007,72.0,1.0,1.0
1788786075,337,2026-09-07 13:01:15+00:00,26.0,8.0,8.0,0.0,0.006034786548529958,0.0,100.0,74382.0,344.392,72.0,1.0,1.0
1788786076,338,2026-09-07 13:01:16+00:00,64.0,0.0,0.0,0.0,0.016392720499395885,0.0,100.0,74382.0,264.709,71.0,1.0,1.0
1788786077,339,2026-09-07 13:01:17+00:00,64.0,0.0,0.0,0.0,0.015272603705195342,0.0,100.0,74382.0,295.017,73.0,1.0,1.0
1788786078,340,2026-09-07 13:01:18+00:00,64.0,0.0,0.0,0.0,0.014253171566653289,0.0,97.0,74382.0,298.334,73.0,1.0,1.0
1788786079,341,2026-09-07 13:01:19+00:00,45.0,19.0,19.0,0.0,0.009596506242448677,0.0,100.0,74382.0,308.594,72.0,1.0,1.0
1788786080,342,2026-09-07 13:01:20+00:00,23.0,36.0,36.0,0.0,0.004958719291179969,0.0,100.0,74382.0,292.053,72.0,1.0,1.0
1788786081,343,2026-09-07 13:01:21+00:00,64.0,0.0,0.0,0.0,0.016915022150624237,0.0,100.0,74382.0,265.328,72.0,1.0,1.0
1788786082,344,2026-09-07 13:01:22+00:00,64.0,0.0,0.0,0.0,0.015555779299234795,0.0,98.0,74382.0,300.002,73.0,1.0,1.0
1788786083,345,2026-09-07 13:01:23+00:00,63.0,0.0,0.0,0.0,0.014007752718485755,0.0,100.0,74382.0,304.246,73.0,1.0,1.0
1788786084,346,2026-09-07 13:01:24+00:00,53.0,11.0,11.0,0.0,0.01149063632702374,0.0,100.0,74382.0,294.746,72.0,1.0,1.0
1788786085,347,2026-09-07 13:01:25+00:00,27.0,36.0,36.0,0.0,0.00578307490938379,0.0,100.0,74382.0,306.395,72.0,1.0,1.0
1788786086,348,2026-09-07 13:01:26+00:00,25.0,0.0,0.0,0.0,0.006777335884011304,0.0,100.0,74382.0,299.739,72.0,1.0,1.0
1788786087,349,2026-09-07 13:01:27+00:00,64.0,0.0,0.0,0.0,0.01588929722110355,0.0,100.0,74382.0,289.876,73.0,1.0,1.0
1788786088,350,2026-09-07 13:01:28+00:00,64.0,0.0,0.0,0.0,0.01462444623439385,0.0,97.0,74382.0,305.142,73.0,1.0,1.0
1788786089,351,2026-09-07 13:01:29+00:00,57.0,7.0,7.0,0.0,0.01230240636327029,0.0,100.0,74382.0,287.003,73.0,1.0,1.0
1788786090,352,2026-09-07 13:01:30+00:00,35.0,24.0,24.0,0.0,0.0073373942811115755,0.0,100.0,74382.0,305.718,72.0,1.0,1.0
1788786091,353,2026-09-07 13:01:31+00:00,23.0,2.0,2.0,0.0,0.0055879983890455565,0.0,100.0,74382.0,293.594,72.0,1.0,1.0
1788786092,354,2026-09-07 13:01:32+00:00,64.0,0.0,0.0,0.0,0.0161221304873137,0.0,100.0,74382.0,303.485,73.0,1.0,1.0
1788786093,355,2026-09-07 13:01:33+00:00,64.0,0.0,0.0,0.0,0.014995720902134524,0.0,96.0,74382.0,277.612,72.0,1.0,1.0
1788786094,356,2026-09-07 13:01:34+00:00,64.0,0.0,0.0,0.0,0.01390077527184852,0.0,100.0,74382.0,293.693,73.0,1.0,1.0
1788786095,357,2026-09-07 13:01:35+00:00,42.0,22.0,22.0,0.0,0.00904274063632704,0.0,100.0,74382.0,306.324,72.0,1.0,1.0
1788786096,358,2026-09-07 13:01:36+00:00,25.0,30.0,30.0,0.0,0.005543948852194891,0.0,100.0,74382.0,302.073,72.0,1.0,1.0
1788786097,359,2026-09-07 13:01:37+00:00,64.0,0.0,0.0,0.0,0.01666331051147807,0.0,100.0,74382.0,274.685,72.0,1.0,1.0
1788786098,360,2026-09-07 13:01:38+00:00,64.0,0.0,0.0,0.0,0.015593536045106715,0.0,100.0,74382.0,283.354,72.0,1.0,1.0
1788786099,361,2026-09-07 13:01:39+00:00,64.0,0.0,0.0,0.0,0.014360149013290413,0.0,98.0,74382.0,297.445,73.0,1.0,1.0
1788786100,362,2026-09-07 13:01:40+00:00,49.0,15.0,15.0,0.0,0.010628523962948,0.0,100.0,74382.0,367.387,72.0,1.0,1.0
1788786101,363,2026-09-07 13:01:41+00:00,35.0,22.0,22.0,0.0,0.008017015706806241,0.0,100.0,74382.0,302.609,72.0,1.0,1.0
1788786102,364,2026-09-07 13:01:42+00:00,43.0,0.0,0.0,0.0,0.011364780507450711,0.0,100.0,74382.0,279.936,72.0,1.0,1.0
1788786103,365,2026-09-07 13:01:43+00:00,64.0,0.0,0.0,0.0,0.01575085581957314,0.0,100.0,74382.0,287.075,73.0,1.0,1.0
1788786104,366,2026-09-07 13:01:44+00:00,64.0,0.0,0.0,0.0,0.01472513089005234,0.0,100.0,74382.0,294.79,72.0,1.0,1.0
1788786105,367,2026-09-07 13:01:45+00:00,61.0,3.0,3.0,0.0,0.01307641965364481,0.0,100.0,74382.0,325.159,73.0,1.0,1.0
1788786106,368,2026-09-07 13:01:46+00:00,36.0,28.0,28.0,0.0,0.007759011276681438,0.0,100.0,74382.0,300.999,72.0,1.0,1.0
1788786107,369,2026-09-07 13:01:47+00:00,39.0,15.0,15.0,0.0,0.009439186467982252,0.0,100.0,74382.0,300.94,72.0,1.0,1.0
1788786108,370,2026-09-07 13:01:48+00:00,64.0,0.0,0.0,0.0,0.01634867096254533,0.0,100.0,74382.0,249.523,72.0,1.0,1.0
1788786109,371,2026-09-07 13:01:49+00:00,64.0,0.0,0.0,0.0,0.015316653242045897,0.0,100.0,74382.0,276.025,72.0,1.0,1.0
1788786110,372,2026-09-07 13:01:50+00:00,64.0,0.0,0.0,0.0,0.014290928312525208,0.0,100.0,74382.0,296.872,73.0,1.0,1.0
1788786111,373,2026-09-07 13:01:51+00:00,44.0,20.0,20.0,0.0,0.009382551349174428,0.0,100.0,74382.0,293.481,72.0,1.0,1.0
1788786112,374,2026-09-07 13:01:52+00:00,24.0,32.0,32.0,0.0,0.005122331856625029,0.0,100.0,74382.0,298.941,72.0,1.0,1.0
1788786113,375,2026-09-07 13:01:53+00:00,54.0,0.0,0.0,0.0,0.014139901329037419,0.0,100.0,74382.0,250.241,72.0,1.0,1.0
1788786114,376,2026-09-07 13:01:54+00:00,64.0,0.0,0.0,0.0,0.015631292790978635,0.0,100.0,74382.0,278.297,72.0,1.0,1.0
1788786115,377,2026-09-07 13:01:55+00:00,64.0,0.0,0.0,0.0,0.014385320177204952,0.0,99.0,74382.0,296.91,73.0,1.0,1.0
1788786116,378,2026-09-07 13:01:56+00:00,51.0,13.0,13.0,0.0,0.011295559806685507,0.0,100.0,74382.0,301.868,73.0,1.0,1.0
1788786117,379,2026-09-07 13:01:57+00:00,26.0,38.0,38.0,0.0,0.005594291180024191,0.0,100.0,74382.0,305.318,72.0,1.0,1.0
1788786118,380,2026-09-07 13:01:58+00:00,27.0,0.0,0.0,0.0,0.007324808699154195,0.0,100.0,74382.0,291.159,72.0,1.0,1.0
1788786119,381,2026-09-07 13:01:59+00:00,64.0,0.0,0.0,0.0,0.016002567458719308,0.0,100.0,74382.0,289.829,73.0,1.0,1.0
1788786120,382,2026-09-07 13:02:00+00:00,64.0,0.0,0.0,0.0,0.014668495771244516,0.0,100.0,74382.0,291.325,73.0,1.0,1.0
1788786121,383,2026-09-07 13:02:01+00:00,56.0,8.0,8.0,0.0,0.012031816351188107,0.0,100.0,74382.0,307.064,73.0,1.0,1.0
1788786122,384,2026-09-07 13:02:02+00:00,32.0,32.0,32.0,0.0,0.006758457511075289,0.0,100.0,74382.0,308.319,72.0,1.0,1.0
1788786123,385,2026-09-07 13:02:03+00:00,19.0,3.0,3.0,0.0,0.004555980668546122,0.0,100.0,74382.0,302.987,72.0,1.0,1.0
1788786124,386,2026-09-07 13:02:04+00:00,64.0,0.0,0.0,0.0,0.01622281514297219,0.0,100.0,74382.0,302.008,73.0,1.0,1.0
1788786125,387,2026-09-07 13:02:05+00:00,64.0,0.0,0.0,0.0,0.014844693918646845,0.0,98.0,74382.0,290.391,73.0,1.0,1.0
1788786126,388,2026-09-07 13:02:06+00:00,63.0,1.0,1.0,0.0,0.013995167136528375,0.0,100.0,74382.0,296.036,73.0,1.0,1.0
1788786127,389,2026-09-07 13:02:07+00:00,39.0,25.0,25.0,0.0,0.008363119210632264,0.0,99.0,74382.0,302.284,72.0,1.0,1.0
1788786128,390,2026-09-07 13:02:08+00:00,20.0,9.0,9.0,0.0,0.004505638340716822,0.0,100.0,74382.0,302.796,72.0,1.0,1.0
1788786129,391,2026-09-07 13:02:09+00:00,64.0,0.0,0.0,0.0,0.01657521143777685,0.0,100.0,74382.0,289.18,71.0,1.0,1.0
1788786130,392,2026-09-07 13:02:10+00:00,64.0,0.0,0.0,0.0,0.015322946033024532,0.0,100.0,74382.0,278.523,73.0,1.0,1.0
1788786131,393,2026-09-07 13:02:11+00:00,64.0,0.0,0.0,0.0,0.014441955296012887,0.0,98.0,74382.0,325.421,73.0,1.0,1.0
1788786132,394,2026-09-07 13:02:12+00:00,45.0,16.0,16.0,0.0,0.009565042287555392,0.0,100.0,74382.0,303.858,72.0,1.0,1.0
1788786133,395,2026-09-07 13:02:13+00:00,31.0,25.0,25.0,0.0,0.007110853805879946,0.0,100.0,74382.0,303.394,72.0,1.0,1.0
1788786134,396,2026-09-07 13:02:14+00:00,35.0,0.0,0.0,0.0,0.0092063532017721,0.0,100.0,74382.0,280.892,72.0,1.0,1.0
1788786135,397,2026-09-07 13:02:15+00:00,64.0,0.0,0.0,0.0,0.01577602698348768,0.0,100.0,74382.0,277.482,73.0,1.0,1.0
1788786136,398,2026-09-07 13:02:16+00:00,64.0,0.0,0.0,0.0,0.014467126459927537,0.0,99.0,74382.0,295.448,73.0,1.0,1.0
1788786137,399,2026-09-07 13:02:17+00:00,56.0,8.0,8.0,0.0,0.012025523560209472,0.0,99.0,74382.0,301.202,73.0,1.0,1.0
1788786138,400,2026-09-07 13:02:18+00:00,35.0,22.0,22.0,0.0,0.007645741039065679,0.0,100.0,74382.0,301.296,72.0,1.0,1.0
1788786139,401,2026-09-07 13:02:19+00:00,34.0,1.0,1.0,0.0,0.008640002013693082,0.0,100.0,74382.0,296.934,72.0,1.0,1.0
1788786140,402,2026-09-07 13:02:20+00:00,64.0,0.0,0.0,0.0,0.016015153040676577,0.0,100.0,74382.0,292.691,73.0,1.0,1.0
1788786141,403,2026-09-07 13:02:21+00:00,64.0,0.0,0.0,0.0,0.015033477648006444,0.0,98.0,74382.0,294.016,72.0,1.0,1.0
1788786142,404,2026-09-07 13:02:22+00:00,64.0,0.0,0.0,0.0,0.013881896898912616,0.0,100.0,74382.0,294.698,73.0,1.0,1.0
1788786143,405,2026-09-07 13:02:23+00:00,39.0,25.0,25.0,0.0,0.00838199758356828,0.0,100.0,74382.0,303.458,72.0,1.0,1.0
1788786144,406,2026-09-07 13:02:24+00:00,29.0,16.0,16.0,0.0,0.006802507047925843,0.0,100.0,74382.0,288.565,72.0,1.0,1.0
1788786145,407,2026-09-07 13:02:25+00:00,64.0,0.0,0.0,0.0,0.01648711236407574,0.0,100.0,74382.0,290.376,73.0,1.0,1.0
1788786146,408,2026-09-07 13:02:26+00:00,64.0,0.0,0.0,0.0,0.01553690092629878,0.0,100.0,74382.0,278.427,72.0,1.0,1.0
1788786147,409,2026-09-07 13:02:27+00:00,64.0,0.0,0.0,0.0,0.01402663109142166,0.0,98.0,74382.0,306.794,73.0,1.0,1.0
1788786148,410,2026-09-07 13:02:28+00:00,48.0,16.0,16.0,0.0,0.010427154651631132,0.0,100.0,74382.0,305.546,72.0,1.0,1.0
1788786149,411,2026-09-07 13:02:29+00:00,20.0,9.0,9.0,0.0,0.004279097865485304,0.0,100.0,74382.0,297.147,72.0,1.0,1.0
1788786150,412,2026-09-07 13:02:30+00:00,0.0,0.0,0.0,0.0,0.0,0.0,100.0,74382.0,299.106,72.0,1.0,1.0
1788786151,413,2026-09-07 13:02:31+00:00,0.0,0.0,0.0,0.0,0.0,0.0,0.0,74382.0,127.878,68.0,1.0,1.0
1788786152,414,2026-09-07 13:02:32+00:00,0.0,0.0,0.0,0.0,0.0,0.0,0.0,74382.0,126.77,67.0,1.0,1.0
1788786153,415,2026-09-07 13:02:33+00:00,0.0,0.0,0.0,0.0,0.0,0.0,0.0,74382.0,126.147,67.0,1.0,1.0
1788786154,416,2026-09-07 13:02:34+00:00,0.0,0.0,0.0,0.0,0.0,0.0,0.0,74382.0,125.227,66.0,1.0,1.0
1788786155,417,2026-09-07 13:02:35+00:00,0.0,0.0,0.0,0.0,0.0,0.0,0.0,74382.0,125.187,66.0,1.0,1.0
1788786156,418,2026-09-07 13:02:36+00:00,0.0,0.0,0.0,0.0,0.0,0.0,0.0,74382.0,124.808,66.0,1.0,1.0
1788786157,419,2026-09-07 13:02:37+00:00,0.0,0.0,0.0,0.0,0.0,0.0,0.0,74382.0,124.312,65.0,1.0,1.0
1788786158,420,2026-09-07 13:02:38+00:00,0.0,0.0,0.0,0.0,0.0,0.0,0.0,74382.0,124.154,65.0,1.0,1.0
1788786159,421,2026-09-07 13:02:39+00:00,0.0,0.0,0.0,0.0,0.0,0.0,0.0,74382.0,123.724,65.0,1.0,1.0
1788786160,422,2026-09-07 13:02:40+00:00,0.0,0.0,0.0,0.0,0.0,0.0,0.0,74382.0,123.423,64.0,1.0,1.0
1788786161,423,2026-09-07 13:02:41+00:00,0.0,0.0,0.0,0.0,0.0,0.0,0.0,74382.0,123.257,64.0,1.0,1.0
1788786162,424,2026-09-07 13:02:42+00:00,0.0,0.0,0.0,0.0,0.0,0.0,0.0,74382.0,122.307,64.0,1.0,1.0
1788786163,425,2026-09-07 13:02:43+00:00,0.0,0.0,0.0,0.0,0.0,0.0,0.0,74382.0,122.7,64.0,1.0,1.0
1788786164,426,2026-09-07 13:02:44+00:00,0.0,0.0,0.0,0.0,0.0,0.0,0.0,74382.0,122.011,63.0,1.0,1.0
1788786165,427,2026-09-07 13:02:45+00:00,0.0,0.0,0.0,0.0,0.0,0.0,0.0,74382.0,121.872,63.0,1.0,1.0
1788786166,428,2026-09-07 13:02:46+00:00,0.0,0.0,0.0,0.0,0.0,0.0,0.0,74382.0,121.482,63.0,1.0,1.0
1788786167,429,2026-09-07 13:02:47+00:00,0.0,0.0,0.0,0.0,0.0,0.0,0.0,74382.0,119.815,63.0,1.0,1.0
1788786168,430,2026-09-07 13:02:48+00:00,0.0,0.0,0.0,0.0,0.0,0.0,0.0,74382.0,119.493,63.0,1.0,1.0
1788786169,431,2026-09-07 13:02:49+00:00,0.0,0.0,0.0,0.0,0.0,0.0,0.0,74382.0,119.247,62.0,1.0,1.0
1788786170,432,2026-09-07 13:02:50+00:00,0.0,0.0,0.0,0.0,0.0,0.0,0.0,74382.0,119.033,62.0,1.0,1.0
1788786171,433,2026-09-07 13:02:51+00:00,0.0,0.0,0.0,0.0,0.0,0.0,0.0,74382.0,118.772,62.0,1.0,1.0
1788786172,434,2026-09-07 13:02:52+00:00,0.0,0.0,0.0,0.0,0.0,0.0,0.0,74382.0,118.661,62.0,1.0,1.0
1788786173,435,2026-09-07 13:02:53+00:00,0.0,0.0,0.0,0.0,0.0,0.0,0.0,74382.0,118.519,62.0,1.0,1.0
1788786174,436,2026-09-07 13:02:54+00:00,0.0,0.0,0.0,0.0,0.0,0.0,0.0,74382.0,118.318,61.0,1.0,1.0
1788786175,437,2026-09-07 13:02:55+00:00,0.0,0.0,0.0,0.0,0.0,0.0,0.0,74382.0,117.774,61.0,1.0,1.0
1788786176,438,2026-09-07 13:02:56+00:00,0.0,0.0,0.0,0.0,0.0,0.0,0.0,74382.0,117.821,61.0,1.0,1.0
1788786177,439,2026-09-07 13:02:57+00:00,0.0,0.0,0.0,0.0,0.0,0.0,0.0,74382.0,117.739,61.0,1.0,1.0
1788786178,440,2026-09-07 13:02:58+00:00,0.0,0.0,0.0,0.0,0.0,0.0,0.0,74382.0,117.431,61.0,1.0,1.0
1788786179,441,2026-09-07 13:02:59+00:00,0.0,0.0,0.0,0.0,0.0,0.0,0.0,74382.0,117.393,61.0,1.0,1.0
1788786180,442,2026-09-07 13:03:00+00:00,0.0,0.0,0.0,0.0,0.0,0.0,0.0,74382.0,117.26,60.0,1.0,1.0
1788786181,443,2026-09-07 13:03:01+00:00,0.0,0.0,0.0,0.0,0.0,0.0,0.0,74382.0,116.902,60.0,1.0,1.0
1788786182,444,2026-09-07 13:03:02+00:00,0.0,0.0,0.0,0.0,0.0,0.0,0.0,74382.0,116.769,60.0,1.0,1.0
1788786183,445,2026-09-07 13:03:03+00:00,0.0,0.0,0.0,0.0,0.0,0.0,0.0,74382.0,116.473,60.0,1.0,1.0
1788786184,446,2026-09-07 13:03:04+00:00,64.0,0.0,0.0,0.0,0.014290928312525208,0.0,23.0,74382.0,296.631,64.0,1.0,1.0
1788786185,447,2026-09-07 13:03:05+00:00,49.0,15.0,15.0,0.0,0.010622231171969365,0.0,100.0,74382.0,309.063,64.0,1.0,1.0
1788786186,448,2026-09-07 13:03:06+00:00,28.0,29.0,29.0,0.0,0.006286498187676237,0.0,100.0,74382.0,296.388,64.0,1.0,1.0
1788786187,449,2026-09-07 13:03:07+00:00,24.0,0.0,0.0,0.0,0.006280205396697491,0.0,100.0,74382.0,287.446,65.0,1.0,1.0
1788786188,450,2026-09-07 13:03:08+00:00,64.0,0.0,0.0,0.0,0.016166180024164367,0.0,100.0,74382.0,292.395,66.0,1.0,1.0
1788786189,451,2026-09-07 13:03:09+00:00,64.0,0.0,0.0,0.0,0.015310360451067262,0.0,100.0,74382.0,292.942,66.0,1.0,1.0
1788786190,452,2026-09-07 13:03:10+00:00,60.0,4.0,4.0,0.0,0.013038662907772891,0.0,100.0,74382.0,296.482,67.0,1.0,1.0
1788786191,453,2026-09-07 13:03:11+00:00,37.0,27.0,27.0,0.0,0.008212092227144585,0.0,100.0,74382.0,299.323,66.0,1.0,1.0
1788786192,454,2026-09-07 13:03:12+00:00,14.0,8.0,8.0,0.0,0.002894683850181212,0.0,100.0,74382.0,298.157,66.0,1.0,1.0
1788786193,455,2026-09-07 13:03:13+00:00,64.0,0.0,0.0,0.0,0.01631091421667341,0.0,100.0,74382.0,291.18,67.0,1.0,1.0
1788786194,456,2026-09-07 13:03:14+00:00,64.0,0.0,0.0,0.0,0.015366995569875197,0.0,100.0,74382.0,288.644,67.0,1.0,1.0
1788786195,457,2026-09-07 13:03:15+00:00,64.0,0.0,0.0,0.0,0.014284635521546463,0.0,96.0,74382.0,290.928,67.0,1.0,1.0
1788786196,458,2026-09-07 13:03:16+00:00,51.0,13.0,13.0,0.0,0.011012384212645943,0.0,100.0,74382.0,302.77,67.0,1.0,1.0
1788786197,459,2026-09-07 13:03:17+00:00,28.0,30.0,30.0,0.0,0.006148056786145828,0.0,100.0,74382.0,301.21,67.0,1.0,1.0
1788786198,460,2026-09-07 13:03:18+00:00,41.0,0.0,0.0,0.0,0.010949456302859484,0.0,100.0,74382.0,282.248,67.0,1.0,1.0
1788786199,461,2026-09-07 13:03:19+00:00,64.0,0.0,0.0,0.0,0.015971103503826023,0.0,100.0,74382.0,280.973,68.0,1.0,1.0
1788786200,462,2026-09-07 13:03:20+00:00,64.0,0.0,0.0,0.0,0.014530054369714107,0.0,97.0,74382.0,293.33,68.0,1.0,1.0
1788786201,463,2026-09-07 13:03:21+00:00,57.0,7.0,7.0,0.0,0.012497482883608524,0.0,100.0,74382.0,355.356,69.0,1.0,1.0
1788786202,464,2026-09-07 13:03:22+00:00,35.0,29.0,29.0,0.0,0.0075387635924285545,0.0,100.0,74382.0,302.769,67.0,1.0,1.0
1788786203,465,2026-09-07 13:03:23+00:00,21.0,7.0,7.0,0.0,0.005116039065646394,0.0,100.0,74382.0,290.633,68.0,1.0,1.0
1788786204,466,2026-09-07 13:03:24+00:00,64.0,0.0,0.0,0.0,0.016468233991139725,0.0,100.0,74382.0,291.351,68.0,1.0,1.0
1788786205,467,2026-09-07 13:03:25+00:00,64.0,0.0,0.0,0.0,0.015411045106725751,0.0,100.0,74382.0,303.377,69.0,1.0,1.0
1788786206,468,2026-09-07 13:03:26+00:00,64.0,0.0,0.0,0.0,0.01395111759967782,0.0,100.0,74382.0,295.626,69.0,1.0,1.0
1788786207,469,2026-09-07 13:03:27+00:00,45.0,19.0,19.0,0.0,0.009823046717680195,0.0,100.0,74382.0,299.322,68.0,1.0,1.0
1788786208,470,2026-09-07 13:03:28+00:00,22.0,35.0,35.0,0.0,0.004625201369311327,0.0,100.0,74382.0,299.944,68.0,1.0,1.0
1788786209,471,2026-09-07 13:03:29+00:00,64.0,0.0,0.0,0.0,0.016713652839307258,0.0,100.0,74382.0,301.019,68.0,1.0,1.0
1788786210,472,2026-09-07 13:03:30+00:00,64.0,0.0,0.0,0.0,0.01549914418042686,0.0,100.0,74382.0,301.199,69.0,1.0,1.0
1788786211,473,2026-09-07 13:03:31+00:00,64.0,0.0,0.0,0.0,0.014618153443415216,0.0,98.0,74382.0,303.669,70.0,1.0,1.0
1788786212,474,2026-09-07 13:03:32+00:00,52.0,12.0,12.0,0.0,0.011238924687877572,0.0,100.0,74382.0,300.904,70.0,1.0,1.0
1788786213,475,2026-09-07 13:03:33+00:00,30.0,28.0,28.0,0.0,0.006324254933548157,0.0,100.0,74382.0,299.405,69.0,1.0,1.0
1788786214,476,2026-09-07 13:03:34+00:00,34.0,1.0,1.0,0.0,0.008633709222714447,0.0,100.0,74382.0,301.99,69.0,1.0,1.0
1788786215,477,2026-09-07 13:03:35+00:00,64.0,0.0,0.0,0.0,0.016084373741441782,0.0,100.0,74382.0,301.704,69.0,1.0,1.0
1788786216,478,2026-09-07 13:03:36+00:00,64.0,0.0,0.0,0.0,0.015153040676600837,0.0,100.0,74382.0,289.186,70.0,1.0,1.0
1788786217,479,2026-09-07 13:03:37+00:00,63.0,1.0,1.0,0.0,0.013711991542488922,0.0,99.0,74382.0,296.693,70.0,1.0,1.0
1788786218,480,2026-09-07 13:03:38+00:00,41.0,23.0,23.0,0.0,0.008803614579138141,0.0,100.0,74382.0,301.582,69.0,1.0,1.0
1788786219,481,2026-09-07 13:03:39+00:00,24.0,9.0,9.0,0.0,0.005468435360451052,0.0,100.0,74382.0,302.906,69.0,1.0,1.0
1788786220,482,2026-09-07 13:03:40+00:00,64.0,0.0,0.0,0.0,0.016518576318969025,0.0,100.0,74382.0,289.085,69.0,1.0,1.0
1788786221,483,2026-09-07 13:03:41+00:00,64.0,0.0,0.0,0.0,0.015448801852597671,0.0,100.0,74382.0,292.262,70.0,1.0,1.0
1788786222,484,2026-09-07 13:03:42+00:00,64.0,0.0,0.0,0.0,0.014404198550140968,0.0,100.0,74382.0,303.258,70.0,1.0,1.0
1788786223,485,2026-09-07 13:03:43+00:00,49.0,15.0,15.0,0.0,0.01065369512686265,0.0,100.0,74382.0,379.045,71.0,1.0,1.0
1788786224,486,2026-09-07 13:03:44+00:00,27.0,33.0,33.0,0.0,0.005518777688280352,0.0,100.0,74382.0,298.267,69.0,1.0,1.0
1788786225,487,2026-09-07 13:03:45+00:00,35.0,0.0,0.0,0.0,0.009300745066451843,0.0,100.0,74382.0,297.563,69.0,1.0,1.0
1788786226,488,2026-09-07 13:03:46+00:00,64.0,0.0,0.0,0.0,0.016090666532420417,0.0,100.0,74382.0,290.392,71.0,1.0,1.0
1788786227,489,2026-09-07 13:03:47+00:00,64.0,0.0,0.0,0.0,0.01476288763592426,0.0,99.0,74382.0,306.33,70.0,1.0,1.0
1788786228,490,2026-09-07 13:03:48+00:00,58.0,6.0,6.0,0.0,0.012654802658074948,0.0,98.0,74382.0,330.212,71.0,1.0,1.0
1788786229,491,2026-09-07 13:03:49+00:00,50.0,7.0,7.0,0.0,0.011314438179621411,0.0,100.0,74382.0,303.277,71.0,1.0,1.0
1788786230,492,2026-09-07 13:03:50+00:00,19.0,4.0,4.0,0.0,0.004386075312122428,0.0,100.0,74382.0,301.396,70.0,1.0,1.0
1788786231,493,2026-09-07 13:03:51+00:00,64.0,0.0,0.0,0.0,0.016229107933950826,0.0,100.0,74382.0,299.057,70.0,1.0,1.0
1788786232,494,2026-09-07 13:03:52+00:00,64.0,0.0,0.0,0.0,0.015492851389448226,0.0,100.0,74382.0,290.636,71.0,1.0,1.0
1788786233,495,2026-09-07 13:03:53+00:00,64.0,0.0,0.0,0.0,0.013907068062827266,0.0,85.0,74382.0,299.631,71.0,1.0,1.0
1788786234,496,2026-09-07 13:03:54+00:00,37.0,27.0,27.0,0.0,0.007991844542891702,0.0,96.0,74382.0,347.761,71.0,1.0,1.0
1788786235,497,2026-09-07 13:03:55+00:00,10.0,5.0,5.0,0.0,0.002070328231977392,0.0,100.0,74382.0,296.75,70.0,1.0,1.0
1788786236,498,2026-09-07 13:03:56+00:00,64.0,0.0,0.0,0.0,0.016354963753523966,0.0,100.0,74382.0,301.01,70.0,1.0,1.0
1788786237,499,2026-09-07 13:03:57+00:00,64.0,0.0,0.0,0.0,0.015071234393878363,0.0,100.0,74382.0,300.128,71.0,1.0,1.0
1788786238,500,2026-09-07 13:03:58+00:00,61.0,3.0,3.0,0.0,0.013435108739428103,0.0,100.0,74382.0,293.918,71.0,1.0,1.0
1788786239,501,2026-09-07 13:03:59+00:00,35.0,29.0,29.0,0.0,0.007456957309705969,0.0,94.0,74382.0,315.713,71.0,1.0,1.0
1788786240,502,2026-09-07 13:04:00+00:00,53.0,3.0,3.0,0.0,0.012956856625050306,0.0,100.0,74382.0,295.21,70.0,1.0,1.0
1788786241,503,2026-09-07 13:04:01+00:00,64.0,0.0,0.0,0.0,0.016367549335481235,0.0,100.0,74382.0,301.085,70.0,1.0,1.0
1788786242,504,2026-09-07 13:04:02+00:00,64.0,0.0,0.0,0.0,0.015322946033024532,0.0,100.0,74382.0,301.411,71.0,1.0,1.0
1788786243,505,2026-09-07 13:04:03+00:00,64.0,0.0,0.0,0.0,0.014234293193717273,0.0,100.0,74382.0,298.731,71.0,1.0,1.0
1788786244,506,2026-09-07 13:04:04+00:00,46.0,18.0,18.0,0.0,0.00980416834474429,0.0,98.0,74382.0,300.242,71.0,1.0,1.0
1788786245,507,2026-09-07 13:04:05+00:00,31.0,25.0,25.0,0.0,0.007073097060008027,0.0,100.0,74382.0,301.49,70.0,1.0,1.0
1788786246,508,2026-09-07 13:04:06+00:00,38.0,0.0,0.0,0.0,0.010099929520741013,0.0,100.0,74382.0,301.189,71.0,1.0,1.0
1788786247,509,2026-09-07 13:04:07+00:00,64.0,0.0,0.0,0.0,0.0158641260571889,0.0,100.0,74382.0,250.289,70.0,1.0,1.0
1788786248,510,2026-09-07 13:04:08+00:00,64.0,0.0,0.0,0.0,0.014611860652436581,0.0,100.0,74382.0,285.597,71.0,1.0,1.0
1788786249,511,2026-09-07 13:04:09+00:00,55.0,9.0,9.0,0.0,0.011786397503020574,0.0,98.0,74382.0,294.626,72.0,1.0,1.0
1788786250,512,2026-09-07 13:04:10+00:00,35.0,21.0,21.0,0.0,0.0074443717277487,0.0,100.0,74382.0,328.825,72.0,1.0,1.0
1788786251,513,2026-09-07 13:04:11+00:00,38.0,10.0,10.0,0.0,0.00974124043495772,0.0,100.0,74382.0,305.905,71.0,1.0,1.0
1788786252,514,2026-09-07 13:04:12+00:00,64.0,0.0,0.0,0.0,0.016329792589609315,0.0,100.0,74382.0,302.197,71.0,1.0,1.0
1788786253,515,2026-09-07 13:04:13+00:00,64.0,0.0,0.0,0.0,0.015121576721707664,0.0,100.0,74382.0,294.921,70.0,1.0,1.0
1788786254,516,2026-09-07 13:04:14+00:00,64.0,0.0,0.0,0.0,0.01401404550946439,0.0,96.0,74382.0,285.457,72.0,1.0,1.0
1788786255,517,2026-09-07 13:04:15+00:00,42.0,22.0,22.0,0.0,0.00904274063632704,0.0,100.0,74382.0,299.932,72.0,1.0,1.0
1788786256,518,2026-09-07 13:04:16+00:00,16.0,17.0,17.0,0.0,0.003328886427708455,0.0,100.0,74382.0,301.391,71.0,1.0,1.0
1788786257,519,2026-09-07 13:04:17+00:00,64.0,0.0,0.0,0.0,0.01665072492952069,0.0,100.0,74382.0,304.075,71.0,1.0,1.0
1788786258,520,2026-09-07 13:04:18+00:00,64.0,0.0,0.0,0.0,0.015580950463149446,0.0,100.0,74382.0,279.763,71.0,1.0,1.0
1788786259,521,2026-09-07 13:04:19+00:00,64.0,0.0,0.0,0.0,0.014209122029802623,0.0,100.0,74382.0,288.494,72.0,1.0,1.0
1788786260,522,2026-09-07 13:04:20+00:00,49.0,15.0,15.0,0.0,0.010647402335884015,0.0,98.0,74382.0,302.331,72.0,1.0,1.0
1788786261,523,2026-09-07 13:04:21+00:00,23.0,37.0,37.0,0.0,0.004952426500201335,0.0,100.0,74382.0,307.827,72.0,1.0,1.0
1788786262,524,2026-09-07 13:04:22+00:00,42.0,0.0,0.0,0.0,0.011131947241240447,0.0,100.0,74382.0,302.596,72.0,1.0,1.0
1788786263,525,2026-09-07 13:04:23+00:00,64.0,0.0,0.0,0.0,0.015731977446637124,0.0,100.0,74382.0,302.596,71.0,1.0,1.0
1788786264,526,2026-09-07 13:04:24+00:00,64.0,0.0,0.0,0.0,0.014435662505034252,0.0,100.0,74382.0,298.464,71.0,1.0,1.0
1788786265,527,2026-09-07 13:04:25+00:00,55.0,9.0,9.0,0.0,0.012044401933145377,0.0,100.0,74382.0,301.52,72.0,1.0,1.0
1788786266,528,2026-09-07 13:04:26+00:00,31.0,30.0,30.0,0.0,0.00658225936367296,0.0,98.0,74382.0,307.027,72.0,1.0,1.0
1788786267,529,2026-09-07 13:04:27+00:00,21.0,1.0,1.0,0.0,0.005273358840112818,0.0,100.0,74382.0,304.523,72.0,1.0,1.0
1788786268,530,2026-09-07 13:04:28+00:00,64.0,0.0,0.0,0.0,0.016178765606121637,0.0,100.0,74382.0,304.747,71.0,1.0,1.0
1788786269,531,2026-09-07 13:04:29+00:00,64.0,0.0,0.0,0.0,0.01492650020136932,0.0,100.0,74382.0,296.68,71.0,1.0,1.0
1788786270,532,2026-09-07 13:04:30+00:00,62.0,2.0,2.0,0.0,0.013453987112364119,0.0,100.0,74382.0,296.014,72.0,1.0,1.0
1788786271,533,2026-09-07 13:04:31+00:00,36.0,25.0,25.0,0.0,0.007941502215062402,0.0,100.0,74382.0,281.519,72.0,1.0,1.0
1788786272,534,2026-09-07 13:04:32+00:00,35.0,16.0,16.0,0.0,0.008375704792589644,0.0,97.0,74382.0,297.437,72.0,1.0,1.0
1788786273,535,2026-09-07 13:04:33+00:00,64.0,0.0,0.0,0.0,0.01649969794603301,0.0,100.0,74382.0,304.254,71.0,1.0,1.0
1788786274,536,2026-09-07 13:04:34+00:00,64.0,0.0,0.0,0.0,0.015366995569875197,0.0,100.0,74382.0,299.204,71.0,1.0,1.0
1788786275,537,2026-09-07 13:04:35+00:00,64.0,0.0,0.0,0.0,0.014095851792186864,0.0,100.0,74382.0,272.817,71.0,1.0,1.0
1788786276,538,2026-09-07 13:04:36+00:00,45.0,19.0,19.0,0.0,0.00987968183648813,0.0,100.0,74382.0,293.157,72.0,1.0,1.0
1788786277,539,2026-09-07 13:04:37+00:00,19.0,29.0,29.0,0.0,0.004102899718082975,0.0,97.0,74382.0,274.76,72.0,1.0,1.0
1788786278,540,2026-09-07 13:04:38+00:00,64.0,0.0,0.0,0.0,0.016870972613773683,0.0,100.0,74382.0,291.164,72.0,1.0,1.0
1788786279,541,2026-09-07 13:04:39+00:00,64.0,0.0,0.0,0.0,0.015455094643576306,0.0,99.0,74382.0,303.165,71.0,1.0,1.0
1788786280,542,2026-09-07 13:04:40+00:00,64.0,0.0,0.0,0.0,0.014246878775674543,0.0,100.0,74382.0,302.018,71.0,1.0,1.0
1788786281,543,2026-09-07 13:04:41+00:00,45.0,19.0,19.0,0.0,0.009835632299637576,0.0,100.0,74382.0,302.894,72.0,1.0,1.0
1788786282,544,2026-09-07 13:04:42+00:00,26.0,31.0,31.0,0.0,0.00580824607329844,0.0,99.0,74382.0,295.399,72.0,1.0,1.0
1788786283,545,2026-09-07 13:04:43+00:00,52.0,0.0,0.0,0.0,0.013649063632702352,0.0,100.0,74382.0,318.895,72.0,1.0,1.0
1788786284,546,2026-09-07 13:04:44+00:00,64.0,0.0,0.0,0.0,0.01585154047523163,0.0,100.0,74382.0,304.568,71.0,1.0,1.0
1788786285,547,2026-09-07 13:04:45+00:00,64.0,0.0,0.0,0.0,0.014567811115586027,0.0,100.0,74382.0,300.0,71.0,1.0,1.0
1788786286,548,2026-09-07 13:04:46+00:00,55.0,9.0,9.0,0.0,0.011994059605316187,0.0,100.0,74382.0,247.302,71.0,1.0,1.0
1788786287,549,2026-09-07 13:04:47+00:00,32.0,30.0,30.0,0.0,0.0069346556584776176,0.0,100.0,74382.0,281.646,72.0,1.0,1.0
1788786288,550,2026-09-07 13:04:48+00:00,40.0,6.0,6.0,0.0,0.010150271848570314,0.0,97.0,74382.0,307.138,72.0,1.0,1.0
1788786289,551,2026-09-07 13:04:49+00:00,64.0,0.0,0.0,0.0,0.016090666532420417,0.0,99.0,74382.0,279.593,71.0,1.0,1.0
1788786290,552,2026-09-07 13:04:50+00:00,64.0,0.0,0.0,0.0,0.015159333467579583,0.0,100.0,74382.0,307.996,71.0,1.0,1.0
1788786291,553,2026-09-07 13:04:51+00:00,62.0,2.0,2.0,0.0,0.013416230366492199,0.0,100.0,74382.0,260.624,71.0,1.0,1.0
1788786292,554,2026-09-07 13:04:52+00:00,39.0,25.0,25.0,0.0,0.00838199758356828,0.0,100.0,74382.0,281.146,72.0,1.0,1.0
1788786293,555,2026-09-07 13:04:53+00:00,29.0,6.0,6.0,0.0,0.006865434957712413,0.0,100.0,74382.0,288.836,72.0,1.0,1.0
1788786294,556,2026-09-07 13:04:54+00:00,64.0,0.0,0.0,0.0,0.01665072492952069,0.0,99.0,74382.0,344.87,72.0,1.0,1.0
1788786295,557,2026-09-07 13:04:55+00:00,64.0,0.0,0.0,0.0,0.01552431534434151,0.0,100.0,74382.0,303.737,71.0,1.0,1.0
1788786296,558,2026-09-07 13:04:56+00:00,64.0,0.0,0.0,0.0,0.01403921667337893,0.0,100.0,74382.0,291.658,71.0,1.0,1.0
1788786297,559,2026-09-07 13:04:57+00:00,46.0,18.0,18.0,0.0,0.010037001610954444,0.0,100.0,74382.0,297.937,72.0,1.0,1.0
1788786298,560,2026-09-07 13:04:58+00:00,21.0,38.0,38.0,0.0,0.004518223922674203,0.0,100.0,74382.0,283.631,72.0,1.0,1.0
1788786299,561,2026-09-07 13:04:59+00:00,64.0,0.0,0.0,0.0,0.016707360048328623,0.0,97.0,74382.0,301.479,72.0,1.0,1.0
1788786300,562,2026-09-07 13:05:00+00:00,64.0,0.0,0.0,0.0,0.01577602698348768,0.0,100.0,74382.0,294.011,71.0,1.0,1.0
1788786301,563,2026-09-07 13:05:01+00:00,64.0,0.0,0.0,0.0,0.014460833668948903,0.0,100.0,74382.0,302.395,71.0,1.0,1.0
1788786302,564,2026-09-07 13:05:02+00:00,50.0,14.0,14.0,0.0,0.010804722110350329,0.0,100.0,74382.0,298.241,71.0,1.0,1.0
1788786303,565,2026-09-07 13:05:03+00:00,36.0,21.0,21.0,0.0,0.008212092227144585,0.0,100.0,74382.0,293.354,72.0,1.0,1.0
1788786304,566,2026-09-07 13:05:04+00:00,0.0,0.0,0.0,0.0,0.0,0.0,96.0,74382.0,289.023,72.0,1.0,1.0
1788786305,567,2026-09-07 13:05:05+00:00,64.0,0.0,0.0,0.0,0.016015153040676577,0.0,99.0,74382.0,285.394,71.0,1.0,1.0
1788786306,568,2026-09-07 13:05:06+00:00,64.0,0.0,0.0,0.0,0.014486004832863442,0.0,100.0,74382.0,305.697,71.0,1.0,1.0
1788786307,569,2026-09-07 13:05:07+00:00,54.0,10.0,10.0,0.0,0.011629077728554149,0.0,100.0,74382.0,288.767,71.0,1.0,1.0
1788786308,570,2026-09-07 13:05:08+00:00,30.0,34.0,34.0,0.0,0.00654450261780104,0.0,100.0,74382.0,287.928,72.0,1.0,1.0
1788786309,571,2026-09-07 13:05:09+00:00,24.0,2.0,2.0,0.0,0.005820831655255709,0.0,98.0,74382.0,289.555,72.0,1.0,1.0
1788786310,572,2026-09-07 13:05:10+00:00,64.0,0.0,0.0,0.0,0.016235400724929572,0.0,99.0,74382.0,313.078,72.0,1.0,1.0
1788786311,573,2026-09-07 13:05:11+00:00,64.0,0.0,0.0,0.0,0.014907621828433304,0.0,100.0,74382.0,303.453,71.0,1.0,1.0
1788786312,574,2026-09-07 13:05:12+00:00,60.0,4.0,4.0,0.0,0.01311417639951673,0.0,100.0,74382.0,302.011,71.0,1.0,1.0
1788786313,575,2026-09-07 13:05:13+00:00,35.0,29.0,29.0,0.0,0.007532470801449809,0.0,100.0,74382.0,291.11,72.0,1.0,1.0
1788786314,576,2026-09-07 13:05:14+00:00,32.0,7.0,7.0,0.0,0.007897452678211847,0.0,98.0,74382.0,271.016,72.0,1.0,1.0
1788786315,577,2026-09-07 13:05:15+00:00,64.0,0.0,0.0,0.0,0.016317207007652046,0.0,100.0,74382.0,364.379,72.0,1.0,1.0
1788786316,578,2026-09-07 13:05:16+00:00,64.0,0.0,0.0,0.0,0.015190797422472868,0.0,100.0,74382.0,303.173,71.0,1.0,1.0
1788786317,579,2026-09-07 13:05:17+00:00,64.0,0.0,0.0,0.0,0.01393853201772055,0.0,100.0,74382.0,300.611,71.0,1.0,1.0
1788786318,580,2026-09-07 13:05:18+00:00,43.0,21.0,21.0,0.0,0.009162303664921434,0.0,100.0,74382.0,295.207,71.0,1.0,1.0
1788786319,581,2026-09-07 13:05:19+00:00,20.0,23.0,23.0,0.0,0.004386075312122428,0.0,100.0,74382.0,281.656,72.0,1.0,1.0
1788786320,582,2026-09-07 13:05:20+00:00,64.0,0.0,0.0,0.0,0.016657017720499434,0.0,98.0,74382.0,295.192,72.0,1.0,1.0
1788786321,583,2026-09-07 13:05:21+00:00,64.0,0.0,0.0,0.0,0.015511729762384241,0.0,99.0,74382.0,305.229,71.0,1.0,1.0
1788786322,584,2026-09-07 13:05:22+00:00,64.0,0.0,0.0,0.0,0.014095851792186864,0.0,100.0,74382.0,304.539,71.0,1.0,1.0
1788786323,585,2026-09-07 13:05:23+00:00,48.0,16.0,16.0,0.0,0.010194321385420868,0.0,100.0,74382.0,261.095,71.0,1.0,1.0
1788786324,586,2026-09-07 13:05:24+00:00,24.0,34.0,34.0,0.0,0.005304822795005992,0.0,100.0,74382.0,296.477,72.0,1.0,1.0
1788786325,587,2026-09-07 13:05:25+00:00,59.0,0.0,0.0,0.0,0.015631292790978635,0.0,100.0,74382.0,281.311,72.0,1.0,1.0
1788786326,588,2026-09-07 13:05:26+00:00,64.0,0.0,0.0,0.0,0.015908175594039453,0.0,98.0,74382.0,296.183,72.0,1.0,1.0
1788786327,589,2026-09-07 13:05:27+00:00,64.0,0.0,0.0,0.0,0.014599275070479312,0.0,100.0,74382.0,303.65,71.0,1.0,1.0
1788786328,590,2026-09-07 13:05:28+00:00,55.0,9.0,9.0,0.0,0.012050694724124011,0.0,100.0,74382.0,308.075,71.0,1.0,1.0
1788786329,591,2026-09-07 13:05:29+00:00,36.0,21.0,21.0,0.0,0.007985551751912956,0.0,100.0,74382.0,296.602,71.0,1.0,1.0
1788786330,592,2026-09-07 13:05:30+00:00,24.0,2.0,2.0,0.0,0.005946687474828849,0.0,100.0,74382.0,290.403,72.0,1.0,1.0
1788786331,593,2026-09-07 13:05:31+00:00,64.0,0.0,0.0,0.0,0.016002567458719308,0.0,98.0,74382.0,292.81,72.0,1.0,1.0
1788786332,594,2026-09-07 13:05:32+00:00,64.0,0.0,0.0,0.0,0.015108991139750283,0.0,100.0,74382.0,304.859,71.0,1.0,1.0
1788786333,595,2026-09-07 13:05:33+00:00,60.0,4.0,4.0,0.0,0.013082712444623446,0.0,100.0,74382.0,304.749,71.0,1.0,1.0
1788786334,596,2026-09-07 13:05:34+00:00,39.0,25.0,25.0,0.0,0.00836941200161101,0.0,100.0,74382.0,268.397,71.0,1.0,1.0
1788786335,597,2026-09-07 13:05:35+00:00,17.0,8.0,8.0,0.0,0.003788260169150237,0.0,100.0,74382.0,288.395,72.0,1.0,1.0
1788786336,598,2026-09-07 13:05:36+00:00,64.0,0.0,0.0,0.0,0.016430477245267805,0.0,98.0,74382.0,301.884,72.0,1.0,1.0
1788786337,599,2026-09-07 13:05:37+00:00,64.0,0.0,0.0,0.0,0.015492851389448226,0.0,100.0,74382.0,282.869,72.0,1.0,1.0
1788786338,600,2026-09-07 13:05:38+00:00,64.0,0.0,0.0,0.0,0.0141524869109948,0.0,100.0,74382.0,306.471,71.0,1.0,1.0
1788786339,601,2026-09-07 13:05:39+00:00,47.0,17.0,17.0,0.0,0.009986659283125254,0.0,100.0,74382.0,296.992,71.0,1.0,1.0
1788786340,602,2026-09-07 13:05:40+00:00,20.0,32.0,32.0,0.0,0.004316854611357224,0.0,100.0,74382.0,296.878,72.0,1.0,1.0
1788786341,603,2026-09-07 13:05:41+00:00,48.0,0.0,0.0,0.0,0.012591874748288379,0.0,100.0,74382.0,281.985,72.0,1.0,1.0
1788786342,604,2026-09-07 13:05:42+00:00,64.0,0.0,0.0,0.0,0.01559982883608535,0.0,98.0,74382.0,278.979,73.0,1.0,1.0
1788786343,605,2026-09-07 13:05:43+00:00,64.0,0.0,0.0,0.0,0.014360149013290413,0.0,100.0,74382.0,302.361,71.0,1.0,1.0
1788786344,606,2026-09-07 13:05:44+00:00,52.0,12.0,12.0,0.0,0.011207460732984287,0.0,100.0,74382.0,301.084,71.0,1.0,1.0
1788786345,607,2026-09-07 13:05:45+00:00,35.0,21.0,21.0,0.0,0.0075953987112363786,0.0,100.0,74382.0,294.435,71.0,1.0,1.0
1788786346,608,2026-09-07 13:05:46+00:00,21.0,2.0,2.0,0.0,0.005191552557390233,0.0,100.0,74382.0,284.006,72.0,1.0,1.0
1788786347,609,2026-09-07 13:05:47+00:00,64.0,0.0,0.0,0.0,0.01621022956101492,0.0,98.0,74382.0,296.471,72.0,1.0,1.0
1788786348,610,2026-09-07 13:05:48+00:00,64.0,0.0,0.0,0.0,0.0148384011276681,0.0,100.0,74382.0,270.943,73.0,1.0,1.0
1788786349,611,2026-09-07 13:05:49+00:00,59.0,5.0,5.0,0.0,0.012868757551349197,0.0,100.0,74382.0,307.969,71.0,1.0,1.0
1788786350,612,2026-09-07 13:05:50+00:00,34.0,28.0,28.0,0.0,0.00740661498187678,0.0,100.0,74382.0,300.984,71.0,1.0,1.0
1788786351,613,2026-09-07 13:05:51+00:00,8.0,4.0,4.0,0.0,0.0016738824003221797,0.0,100.0,74382.0,297.054,72.0,1.0,1.0
1788786352,614,2026-09-07 13:05:52+00:00,64.0,0.0,0.0,0.0,0.016178765606121637,0.0,97.0,74382.0,282.593,72.0,1.0,1.0
1788786353,615,2026-09-07 13:05:53+00:00,64.0,0.0,0.0,0.0,0.015165626258558218,0.0,100.0,74382.0,328.466,72.0,1.0,1.0
1788786354,616,2026-09-07 13:05:54+00:00,64.0,0.0,0.0,0.0,0.013907068062827266,0.0,100.0,74382.0,300.594,71.0,1.0,1.0
1788786355,617,2026-09-07 13:05:55+00:00,42.0,22.0,22.0,0.0,0.008816200161095411,0.0,100.0,74382.0,299.26,71.0,1.0,1.0
1788786356,618,2026-09-07 13:05:56+00:00,21.0,23.0,23.0,0.0,0.004600030205396677,0.0,100.0,74382.0,302.387,72.0,1.0,1.0
1788786357,619,2026-09-07 13:05:57+00:00,64.0,0.0,0.0,0.0,0.01651228352799028,0.0,98.0,74382.0,282.466,72.0,1.0,1.0
1788786358,620,2026-09-07 13:05:58+00:00,64.0,0.0,0.0,0.0,0.01546138743455494,0.0,100.0,74382.0,289.342,72.0,1.0,1.0
1788786359,621,2026-09-07 13:05:59+00:00,64.0,0.0,0.0,0.0,0.014316099476439748,0.0,100.0,74382.0,300.4,71.0,1.0,1.0
1788786360,622,2026-09-07 13:06:00+00:00,49.0,15.0,15.0,0.0,0.010496375352396337,0.0,100.0,74382.0,297.277,71.0,1.0,1.0
1788786361,623,2026-09-07 13:06:01+00:00,26.0,36.0,36.0,0.0,0.005594291180024191,0.0,100.0,74382.0,265.666,71.0,1.0,1.0
1788786362,624,2026-09-07 13:06:02+00:00,39.0,0.0,0.0,0.0,0.010376812323801832,0.0,100.0,74382.0,285.217,72.0,1.0,1.0
1788786363,625,2026-09-07 13:06:03+00:00,64.0,0.0,0.0,0.0,0.015719391864679855,0.0,98.0,74382.0,297.351,72.0,1.0,1.0
1788786364,626,2026-09-07 13:06:04+00:00,64.0,0.0,0.0,0.0,0.014643324607329866,0.0,100.0,74382.0,280.694,72.0,1.0,1.0
1788786365,627,2026-09-07 13:06:05+00:00,56.0,8.0,8.0,0.0,0.01228982078131291,0.0,100.0,74382.0,304.761,71.0,1.0,1.0
1788786366,628,2026-09-07 13:06:06+00:00,31.0,32.0,32.0,0.0,0.00654450261780104,0.0,100.0,74382.0,263.611,71.0,1.0,1.0
1788786367,629,2026-09-07 13:06:07+00:00,16.0,1.0,1.0,0.0,0.003989629480467216,0.0,100.0,74382.0,281.067,72.0,1.0,1.0
1788786368,630,2026-09-07 13:06:08+00:00,64.0,0.0,0.0,0.0,0.016109544905356432,0.0,98.0,74382.0,304.858,72.0,1.0,1.0
1788786369,631,2026-09-07 13:06:09+00:00,64.0,0.0,0.0,0.0,0.01490132903745467,0.0,100.0,74382.0,374.63,72.0,1.0,1.0
1788786370,632,2026-09-07 13:06:10+00:00,62.0,2.0,2.0,0.0,0.013705698751510287,0.0,99.0,74382.0,302.167,71.0,1.0,1.0
1788786371,633,2026-09-07 13:06:11+00:00,37.0,27.0,27.0,0.0,0.008035894079742256,0.0,100.0,74382.0,301.97,71.0,1.0,1.0
1788786372,634,2026-09-07 13:06:12+00:00,13.0,3.0,3.0,0.0,0.0026807289569069637,0.0,100.0,74382.0,295.886,72.0,1.0,1.0
1788786373,635,2026-09-07 13:06:13+00:00,64.0,0.0,0.0,0.0,0.016443062827225186,0.0,100.0,74382.0,281.295,72.0,1.0,1.0
1788786374,636,2026-09-07 13:06:14+00:00,64.0,0.0,0.0,0.0,0.015392166733789736,0.0,100.0,74382.0,297.26,72.0,1.0,1.0
1788786375,637,2026-09-07 13:06:15+00:00,64.0,0.0,0.0,0.0,0.014278342730567828,0.0,100.0,74382.0,306.902,71.0,1.0,1.0
1788786376,638,2026-09-07 13:06:16+00:00,47.0,17.0,17.0,0.0,0.010188028594442233,0.0,100.0,74382.0,299.446,71.0,1.0,1.0
1788786377,639,2026-09-07 13:06:17+00:00,32.0,24.0,24.0,0.0,0.007450664518727335,0.0,100.0,74382.0,308.977,71.0,1.0,1.0
1788786378,640,2026-09-07 13:06:18+00:00,54.0,0.0,0.0,0.0,0.014253171566653289,0.0,98.0,74382.0,281.94,72.0,1.0,1.0
1788786379,641,2026-09-07 13:06:19+00:00,64.0,0.0,0.0,0.0,0.015625,0.0,100.0,74382.0,300.007,72.0,1.0,1.0
1788786380,642,2026-09-07 13:06:20+00:00,64.0,0.0,0.0,0.0,0.014202829238823989,0.0,100.0,74382.0,293.124,71.0,1.0,1.0
1788786381,643,2026-09-07 13:06:21+00:00,50.0,14.0,14.0,0.0,0.01065369512686265,0.0,100.0,74382.0,297.348,71.0,1.0,1.0
1788786382,644,2026-09-07 13:06:22+00:00,28.0,32.0,32.0,0.0,0.005921516310914199,0.0,100.0,74382.0,263.568,71.0,1.0,1.0
1788786383,645,2026-09-07 13:06:23+00:00,35.0,0.0,0.0,0.0,0.009124546919049514,0.0,100.0,74382.0,286.144,72.0,1.0,1.0
1788786384,646,2026-09-07 13:06:24+00:00,64.0,0.0,0.0,0.0,0.015883004430124803,0.0,98.0,74382.0,302.174,72.0,1.0,1.0
1788786385,647,2026-09-07 13:06:25+00:00,64.0,0.0,0.0,0.0,0.015020892066049174,0.0,100.0,74382.0,326.361,72.0,1.0,1.0
1788786386,648,2026-09-07 13:06:26+00:00,59.0,5.0,5.0,0.0,0.013057541280708795,0.0,100.0,74382.0,301.872,71.0,1.0,1.0
1788786387,649,2026-09-07 13:06:27+00:00,35.0,29.0,29.0,0.0,0.007576520338300474,0.0,100.0,74382.0,300.797,71.0,1.0,1.0
1788786388,650,2026-09-07 13:06:28+00:00,21.0,5.0,5.0,0.0,0.005015354409987904,0.0,100.0,74382.0,297.289,72.0,1.0,1.0
1788786389,651,2026-09-07 13:06:29+00:00,64.0,0.0,0.0,0.0,0.01624798630688684,0.0,97.0,74382.0,280.008,72.0,1.0,1.0
1788786390,652,2026-09-07 13:06:30+00:00,64.0,0.0,0.0,0.0,0.015165626258558218,0.0,100.0,74382.0,287.098,72.0,1.0,1.0
1788786391,653,2026-09-07 13:06:31+00:00,64.0,0.0,0.0,0.0,0.013932239226741805,0.0,100.0,74382.0,304.532,71.0,1.0,1.0
1788786392,654,2026-09-07 13:06:32+00:00,40.0,24.0,24.0,0.0,0.008595952476842528,0.0,100.0,74382.0,302.506,71.0,1.0,1.0
1788786393,655,2026-09-07 13:06:33+00:00,24.0,6.0,6.0,0.0,0.005569120016109541,0.0,100.0,74382.0,295.494,72.0,1.0,1.0
1788786394,656,2026-09-07 13:06:34+00:00,64.0,0.0,0.0,0.0,0.016417891663310535,0.0,100.0,74382.0,290.021,72.0,1.0,1.0
1788786395,657,2026-09-07 13:06:35+00:00,64.0,0.0,0.0,0.0,0.01548655859846959,0.0,97.0,74382.0,295.744,72.0,1.0,1.0
1788786396,658,2026-09-07 13:06:36+00:00,64.0,0.0,0.0,0.0,0.014322392267418493,0.0,100.0,74382.0,298.826,71.0,1.0,1.0
1788786397,659,2026-09-07 13:06:37+00:00,50.0,14.0,14.0,0.0,0.011012384212645943,0.0,100.0,74382.0,298.232,71.0,1.0,1.0
1788786398,660,2026-09-07 13:06:38+00:00,40.0,17.0,17.0,0.0,0.009193767619814719,0.0,100.0,74382.0,270.845,71.0,1.0,1.0
1788786399,661,2026-09-07 13:06:39+00:00,18.0,0.0,0.0,0.0,0.004801399516713656,0.0,100.0,74382.0,287.244,72.0,1.0,1.0
1788786400,662,2026-09-07 13:06:40+00:00,64.0,0.0,0.0,0.0,0.015480265807490956,0.0,75.0,74382.0,298.718,72.0,1.0,1.0
1788786401,663,2026-09-07 13:06:41+00:00,64.0,0.0,0.0,0.0,0.014284635521546463,0.0,100.0,74382.0,299.612,71.0,1.0,1.0
1788786402,664,2026-09-07 13:06:42+00:00,52.0,12.0,12.0,0.0,0.010999798630688673,0.0,100.0,74382.0,301.49,71.0,1.0,1.0
1788786403,665,2026-09-07 13:06:43+00:00,35.0,22.0,22.0,0.0,0.007878574305275832,0.0,100.0,74382.0,292.652,71.0,1.0,1.0
1788786404,666,2026-09-07 13:06:44+00:00,26.0,0.0,0.0,0.0,0.0068213854208618585,0.0,100.0,74382.0,285.376,72.0,1.0,1.0
1788786405,667,2026-09-07 13:06:45+00:00,64.0,0.0,0.0,0.0,0.015996274667740673,0.0,99.0,74382.0,290.098,72.0,1.0,1.0
1788786406,668,2026-09-07 13:06:46+00:00,64.0,0.0,0.0,0.0,0.01485098670962548,0.0,100.0,74382.0,315.304,72.0,1.0,1.0
1788786407,669,2026-09-07 13:06:47+00:00,58.0,6.0,6.0,0.0,0.012661095449053583,0.0,100.0,74382.0,301.205,71.0,1.0,1.0
1788786408,670,2026-09-07 13:06:48+00:00,36.0,28.0,28.0,0.0,0.007752718485702803,0.0,100.0,74382.0,303.687,71.0,1.0,1.0
1788786409,671,2026-09-07 13:06:49+00:00,32.0,3.0,3.0,0.0,0.007853403141361293,0.0,100.0,74382.0,300.509,72.0,1.0,1.0
1788786410,672,2026-09-07 13:06:50+00:00,64.0,0.0,0.0,0.0,0.01629832863471603,0.0,98.0,74382.0,294.376,72.0,1.0,1.0
1788786411,673,2026-09-07 13:06:51+00:00,64.0,0.0,0.0,0.0,0.015140455094643568,0.0,100.0,74382.0,295.768,72.0,1.0,1.0
1788786412,674,2026-09-07 13:06:52+00:00,64.0,0.0,0.0,0.0,0.01408955900120823,0.0,100.0,74382.0,299.327,71.0,1.0,1.0
1788786413,675,2026-09-07 13:06:53+00:00,42.0,22.0,22.0,0.0,0.009162303664921434,0.0,100.0,74382.0,304.546,71.0,1.0,1.0
1788786414,676,2026-09-07 13:06:54+00:00,18.0,18.0,18.0,0.0,0.0039204087797020115,0.0,100.0,74382.0,243.711,71.0,1.0,1.0
1788786415,677,2026-09-07 13:06:55+00:00,64.0,0.0,0.0,0.0,0.016751409585179178,0.0,98.0,74382.0,281.698,72.0,1.0,1.0
1788786416,678,2026-09-07 13:06:56+00:00,64.0,0.0,0.0,0.0,0.015429923479661656,0.0,100.0,74382.0,310.657,72.0,1.0,1.0
1788786417,679,2026-09-07 13:06:57+00:00,64.0,0.0,0.0,0.0,0.01402663109142166,0.0,100.0,74382.0,301.188,71.0,1.0,1.0
1788786418,680,2026-09-07 13:06:58+00:00,46.0,18.0,18.0,0.0,0.009885974627466765,0.0,100.0,74382.0,301.21,71.0,1.0,1.0
1788786419,681,2026-09-07 13:06:59+00:00,25.0,31.0,31.0,0.0,0.005348872331856658,0.0,100.0,74382.0,296.393,71.0,1.0,1.0
1788786420,682,2026-09-07 13:07:00+00:00,64.0,0.0,0.0,0.0,0.016713652839307258,0.0,100.0,74382.0,297.767,72.0,1.0,1.0
1788786421,683,2026-09-07 13:07:01+00:00,64.0,0.0,0.0,0.0,0.015568364881192065,0.0,97.0,74382.0,336.913,72.0,1.0,1.0
1788786422,684,2026-09-07 13:07:02+00:00,64.0,0.0,0.0,0.0,0.014221707611760004,0.0,100.0,74382.0,299.23,71.0,1.0,1.0
1788786423,685,2026-09-07 13:07:03+00:00,53.0,11.0,11.0,0.0,0.011471757954087836,0.0,100.0,74382.0,302.513,71.0,1.0,1.0
1788786424,686,2026-09-07 13:07:04+00:00,29.0,31.0,31.0,0.0,0.006135471204188447,0.0,100.0,74382.0,244.26,71.0,1.0,1.0
1788786425,687,2026-09-07 13:07:05+00:00,27.0,0.0,0.0,0.0,0.007003876359242822,0.0,100.0,74382.0,288.114,72.0,1.0,1.0
1788786426,688,2026-09-07 13:07:06+00:00,64.0,0.0,0.0,0.0,0.016071788159484512,0.0,98.0,74382.0,301.876,72.0,1.0,1.0
1788786427,689,2026-09-07 13:07:07+00:00,64.0,0.0,0.0,0.0,0.014995720902134524,0.0,100.0,74382.0,295.616,72.0,1.0,1.0
1788786428,690,2026-09-07 13:07:08+00:00,59.0,5.0,5.0,0.0,0.012862464760370562,0.0,100.0,74382.0,303.274,71.0,1.0,1.0
1788786429,691,2026-09-07 13:07:09+00:00,38.0,26.0,26.0,0.0,0.00816804269029403,0.0,100.0,74382.0,239.839,71.0,1.0,1.0
1788786430,692,2026-09-07 13:07:10+00:00,24.0,11.0,11.0,0.0,0.005594291180024191,0.0,100.0,74382.0,280.963,72.0,1.0,1.0
1788786431,693,2026-09-07 13:07:11+00:00,64.0,0.0,0.0,0.0,0.016329792589609315,0.0,96.0,74382.0,298.855,72.0,1.0,1.0
1788786432,694,2026-09-07 13:07:12+00:00,64.0,0.0,0.0,0.0,0.015014599275070428,0.0,96.0,74382.0,291.089,72.0,1.0,1.0
1788786433,695,2026-09-07 13:07:13+00:00,64.0,0.0,0.0,0.0,0.014007752718485755,0.0,100.0,74382.0,300.718,71.0,1.0,1.0
1788786434,696,2026-09-07 13:07:14+00:00,42.0,22.0,22.0,0.0,0.009162303664921434,0.0,100.0,74382.0,292.639,71.0,1.0,1.0
1788786435,697,2026-09-07 13:07:15+00:00,20.0,39.0,39.0,0.0,0.004272805074506669,0.0,100.0,74382.0,295.291,72.0,1.0,1.0
1788786436,698,2026-09-07 13:07:16+00:00,64.0,0.0,0.0,0.0,0.016820630285944382,0.0,100.0,74382.0,286.467,72.0,1.0,1.0
1788786437,699,2026-09-07 13:07:17+00:00,64.0,0.0,0.0,0.0,0.015467680225533575,0.0,100.0,74382.0,291.514,72.0,1.0,1.0
1788786438,700,2026-09-07 13:07:18+00:00,64.0,0.0,0.0,0.0,0.014385320177204952,0.0,100.0,74382.0,298.754,71.0,1.0,1.0
1788786439,701,2026-09-07 13:07:19+00:00,50.0,14.0,14.0,0.0,0.010659987917841285,0.0,100.0,74382.0,302.854,71.0,1.0,1.0
1788786440,702,2026-09-07 13:07:20+00:00,24.0,40.0,40.0,0.0,0.005109746274667759,0.0,100.0,74382.0,260.988,71.0,1.0,1.0
1788786441,703,2026-09-07 13:07:21+00:00,30.0,0.0,0.0,0.0,0.007941502215062402,0.0,100.0,74382.0,287.524,72.0,1.0,1.0
1788786442,704,2026-09-07 13:07:22+00:00,64.0,0.0,0.0,0.0,0.0158137837293596,0.0,99.0,74382.0,288.997,72.0,1.0,1.0
1788786443,705,2026-09-07 13:07:23+00:00,64.0,0.0,0.0,0.0,0.014718838099073706,0.0,100.0,74382.0,302.467,72.0,1.0,1.0
1788786444,706,2026-09-07 13:07:24+00:00,58.0,6.0,6.0,0.0,0.012648509867096203,0.0,99.0,74382.0,301.118,71.0,1.0,1.0
1788786445,707,2026-09-07 13:07:25+00:00,35.0,22.0,22.0,0.0,0.007702376157873503,0.0,100.0,74382.0,252.561,71.0,1.0,1.0
1788786446,708,2026-09-07 13:07:26+00:00,33.0,5.0,5.0,0.0,0.00811770036246473,0.0,100.0,74382.0,290.75,72.0,1.0,1.0
1788786447,709,2026-09-07 13:07:27+00:00,64.0,0.0,0.0,0.0,0.016380134917438616,0.0,100.0,74382.0,303.15,72.0,1.0,1.0
1788786448,710,2026-09-07 13:07:28+00:00,64.0,0.0,0.0,0.0,0.015002013693113159,0.0,99.0,74382.0,313.543,72.0,1.0,1.0
1788786449,711,2026-09-07 13:07:29+00:00,64.0,0.0,0.0,0.0,0.013881896898912616,0.0,100.0,74382.0,305.23,71.0,1.0,1.0
1788786450,712,2026-09-07 13:07:30+00:00,42.0,22.0,22.0,0.0,0.00901756947241239,0.0,100.0,74382.0,307.118,71.0,1.0,1.0
1788786451,713,2026-09-07 13:07:31+00:00,37.0,20.0,20.0,0.0,0.008721808296415667,0.0,100.0,74382.0,297.947,72.0,1.0,1.0
1788786452,714,2026-09-07 13:07:32+00:00,64.0,0.0,0.0,0.0,0.016738824003221908,0.0,100.0,74382.0,280.384,72.0,1.0,1.0
1788786453,715,2026-09-07 13:07:33+00:00,64.0,0.0,0.0,0.0,0.015505436971405606,0.0,98.0,74382.0,293.351,72.0,1.0,1.0
1788786454,716,2026-09-07 13:07:34+00:00,64.0,0.0,0.0,0.0,0.014674788562223151,0.0,100.0,74382.0,304.076,71.0,1.0,1.0
1788786455,717,2026-09-07 13:07:35+00:00,50.0,14.0,14.0,0.0,0.01079213652839306,0.0,100.0,74382.0,303.148,71.0,1.0,1.0
1788786456,718,2026-09-07 13:07:36+00:00,38.0,18.0,18.0,0.0,0.008621123640757178,0.0,100.0,74382.0,306.22,71.0,1.0,1.0
1788786457,719,2026-09-07 13:07:37+00:00,38.0,0.0,0.0,0.0,0.010087343938783744,0.0,100.0,74382.0,287.052,72.0,1.0,1.0
1788786458,720,2026-09-07 13:07:38+00:00,64.0,0.0,0.0,0.0,0.015952225130890008,0.0,97.0,74382.0,295.594,72.0,1.0,1.0
1788786459,721,2026-09-07 13:07:39+00:00,64.0,0.0,0.0,0.0,0.01481322996375356,0.0,100.0,74382.0,309.057,71.0,1.0,1.0
1788786460,722,2026-09-07 13:07:40+00:00,60.0,4.0,4.0,0.0,0.01316451872734592,0.0,100.0,74382.0,302.898,71.0,1.0,1.0
1788786461,723,2026-09-07 13:07:41+00:00,36.0,23.0,23.0,0.0,0.0077401329037454225,0.0,100.0,74382.0,286.671,71.0,1.0,1.0
1788786462,724,2026-09-07 13:07:42+00:00,28.0,4.0,4.0,0.0,0.006859142166733778,0.0,100.0,74382.0,292.156,72.0,1.0,1.0
1788786463,725,2026-09-07 13:07:43+00:00,64.0,0.0,0.0,0.0,0.01634867096254533,0.0,97.0,74382.0,298.085,72.0,1.0,1.0
1788786464,726,2026-09-07 13:07:44+00:00,64.0,0.0,0.0,0.0,0.015234846959323423,0.0,100.0,74382.0,368.039,73.0,1.0,1.0
1788786465,727,2026-09-07 13:07:45+00:00,64.0,0.0,0.0,0.0,0.01393853201772055,0.0,100.0,74382.0,303.069,71.0,1.0,1.0
1788786466,728,2026-09-07 13:07:46+00:00,42.0,22.0,22.0,0.0,0.00897981272654047,0.0,100.0,74382.0,299.964,71.0,1.0,1.0
1788786467,729,2026-09-07 13:07:47+00:00,15.0,7.0,7.0,0.0,0.0031149315344342066,0.0,100.0,74382.0,292.263,72.0,1.0,1.0
1788786468,730,2026-09-07 13:07:48+00:00,64.0,0.0,0.0,0.0,0.01661296818364877,0.0,100.0,74382.0,281.561,72.0,1.0,1.0
1788786469,731,2026-09-07 13:07:49+00:00,64.0,0.0,0.0,0.0,0.015442509061619036,0.0,97.0,74382.0,310.919,72.0,1.0,1.0
1788786470,732,2026-09-07 13:07:50+00:00,64.0,0.0,0.0,0.0,0.014397905759162333,0.0,100.0,74382.0,303.182,71.0,1.0,1.0
1788786471,733,2026-09-07 13:07:51+00:00,45.0,19.0,19.0,0.0,0.00980416834474429,0.0,100.0,74382.0,298.947,71.0,1.0,1.0
1788786472,734,2026-09-07 13:07:52+00:00,22.0,35.0,35.0,0.0,0.004813985098670925,0.0,100.0,74382.0,301.69,71.0,1.0,1.0
1788786473,735,2026-09-07 13:07:53+00:00,48.0,0.0,0.0,0.0,0.012598167539267013,0.0,100.0,74382.0,288.8,72.0,1.0,1.0
1788786474,736,2026-09-07 13:07:54+00:00,64.0,0.0,0.0,0.0,0.01571309907370122,0.0,97.0,74382.0,291.458,72.0,1.0,1.0
1788786475,737,2026-09-07 13:07:55+00:00,64.0,0.0,0.0,0.0,0.014423076923076872,0.0,100.0,74382.0,308.481,71.0,1.0,1.0
1788786476,738,2026-09-07 13:07:56+00:00,52.0,12.0,12.0,0.0,0.011245217478856206,0.0,100.0,74382.0,302.288,71.0,1.0,1.0
1788786477,739,2026-09-07 13:07:57+00:00,27.0,37.0,37.0,0.0,0.005921516310914199,0.0,100.0,74382.0,271.576,71.0,1.0,1.0
1788786478,740,2026-09-07 13:07:58+00:00,19.0,0.0,0.0,0.0,0.005002768828030635,0.0,100.0,74382.0,281.808,72.0,1.0,1.0
1788786479,741,2026-09-07 13:07:59+00:00,64.0,0.0,0.0,0.0,0.015845247684252883,0.0,98.0,74382.0,305.376,72.0,1.0,1.0
1788786480,742,2026-09-07 13:08:00+00:00,64.0,0.0,0.0,0.0,0.014819522754732195,0.0,100.0,74382.0,319.723,71.0,1.0,1.0
1788786481,743,2026-09-07 13:08:01+00:00,59.0,5.0,5.0,0.0,0.012648509867096203,0.0,100.0,74382.0,303.242,71.0,1.0,1.0
1788786482,744,2026-09-07 13:08:02+00:00,42.0,14.0,14.0,0.0,0.009376258558195683,0.0,100.0,74382.0,283.578,71.0,1.0,1.0
1788786483,745,2026-09-07 13:08:03+00:00,39.0,16.0,16.0,0.0,0.009590213451470042,0.0,100.0,74382.0,286.95,72.0,1.0,1.0
1788786484,746,2026-09-07 13:08:04+00:00,64.0,0.0,0.0,0.0,0.016191351188078906,0.0,96.0,74382.0,296.684,72.0,1.0,1.0
1788786485,747,2026-09-07 13:08:05+00:00,64.0,0.0,0.0,0.0,0.015222261377366042,0.0,100.0,74382.0,385.166,72.0,1.0,1.0
1788786486,748,2026-09-07 13:08:06+00:00,64.0,0.0,0.0,0.0,0.014209122029802623,0.0,100.0,74382.0,304.247,71.0,1.0,1.0
1788786487,749,2026-09-07 13:08:07+00:00,48.0,16.0,16.0,0.0,0.010250956504228803,0.0,100.0,74382.0,302.389,71.0,1.0,1.0
1788786488,750,2026-09-07 13:08:08+00:00,38.0,18.0,18.0,0.0,0.008960934353604566,0.0,100.0,74382.0,291.967,72.0,1.0,1.0
1788786489,751,2026-09-07 13:08:09+00:00,48.0,0.0,0.0,0.0,0.012572996375352363,0.0,100.0,74382.0,286.527,72.0,1.0,1.0
1788786490,752,2026-09-07 13:08:10+00:00,64.0,0.0,0.0,0.0,0.01571309907370122,0.0,96.0,74382.0,304.024,72.0,1.0,1.0
1788786491,753,2026-09-07 13:08:11+00:00,64.0,0.0,0.0,0.0,0.014844693918646845,0.0,100.0,74382.0,307.02,71.0,1.0,1.0
1788786492,754,2026-09-07 13:08:12+00:00,52.0,12.0,12.0,0.0,0.011188582360048382,0.0,100.0,74382.0,305.63,71.0,1.0,1.0
1788786493,755,2026-09-07 13:08:13+00:00,30.0,34.0,34.0,0.0,0.006349426097462696,0.0,100.0,74382.0,290.349,71.0,1.0,1.0
1788786494,756,2026-09-07 13:08:14+00:00,18.0,0.0,0.0,0.0,0.004650372533225977,0.0,100.0,74382.0,281.59,72.0,1.0,1.0
1788786495,757,2026-09-07 13:08:15+00:00,64.0,0.0,0.0,0.0,0.016115837696335067,0.0,100.0,74382.0,301.683,72.0,1.0,1.0
1788786496,758,2026-09-07 13:08:16+00:00,64.0,0.0,0.0,0.0,0.014655910189287136,0.0,100.0,74382.0,301.39,71.0,1.0,1.0
1788786497,759,2026-09-07 13:08:17+00:00,54.0,10.0,10.0,0.0,0.011849325412807143,0.0,100.0,74382.0,303.075,71.0,1.0,1.0
1788786498,760,2026-09-07 13:08:18+00:00,29.0,35.0,35.0,0.0,0.006173227950060367,0.0,100.0,74382.0,281.704,71.0,1.0,1.0
1788786499,761,2026-09-07 13:08:19+00:00,15.0,0.0,0.0,0.0,0.003945579943616551,0.0,100.0,74382.0,288.329,72.0,1.0,1.0
1788786500,762,2026-09-07 13:08:20+00:00,64.0,0.0,0.0,0.0,0.016103252114377797,0.0,99.0,74382.0,309.902,72.0,1.0,1.0
1788786501,763,2026-09-07 13:08:21+00:00,64.0,0.0,0.0,0.0,0.01495167136528397,0.0,100.0,74382.0,284.109,71.0,1.0,1.0
1788786502,764,2026-09-07 13:08:22+00:00,61.0,3.0,3.0,0.0,0.013120469190495365,0.0,100.0,74382.0,301.707,71.0,1.0,1.0
1788786503,765,2026-09-07 13:08:23+00:00,39.0,18.0,18.0,0.0,0.00840716874748293,0.0,100.0,74382.0,301.19,71.0,1.0,1.0
1788786504,766,2026-09-07 13:08:24+00:00,35.0,12.0,12.0,0.0,0.008558195730970608,0.0,100.0,74382.0,302.593,72.0,1.0,1.0
1788786505,767,2026-09-07 13:08:25+00:00,64.0,0.0,0.0,0.0,0.01622281514297219,0.0,100.0,74382.0,309.091,72.0,1.0,1.0
1788786506,768,2026-09-07 13:08:26+00:00,64.0,0.0,0.0,0.0,0.01548655859846959,0.0,96.0,74382.0,287.84,72.0,1.0,1.0
1788786507,769,2026-09-07 13:08:27+00:00,64.0,0.0,0.0,0.0,0.0141524869109948,0.0,100.0,74382.0,271.227,71.0,1.0,1.0
1788786508,770,2026-09-07 13:08:28+00:00,44.0,20.0,20.0,0.0,0.009634262988320597,0.0,100.0,74382.0,302.774,71.0,1.0,1.0
1788786509,771,2026-09-07 13:08:29+00:00,32.0,25.0,25.0,0.0,0.007299637535239656,0.0,100.0,74382.0,296.19,71.0,1.0,1.0
1788786510,772,2026-09-07 13:08:30+00:00,64.0,0.0,0.0,0.0,0.016568918646798214,0.0,100.0,74382.0,280.996,72.0,1.0,1.0
1788786511,773,2026-09-07 13:08:31+00:00,64.0,0.0,0.0,0.0,0.015643878372936015,0.0,98.0,74382.0,297.855,72.0,1.0,1.0
1788786512,774,2026-09-07 13:08:32+00:00,64.0,0.0,0.0,0.0,0.014385320177204952,0.0,100.0,74382.0,306.69,71.0,1.0,1.0
1788786513,775,2026-09-07 13:08:33+00:00,53.0,11.0,11.0,0.0,0.011509514699959755,0.0,100.0,74382.0,285.401,71.0,1.0,1.0
1788786514,776,2026-09-07 13:08:34+00:00,39.0,17.0,17.0,0.0,0.008728101087394302,0.0,100.0,74382.0,281.337,71.0,1.0,1.0
1788786515,777,2026-09-07 13:08:35+00:00,25.0,0.0,0.0,0.0,0.006664065646395434,0.0,100.0,74382.0,288.097,72.0,1.0,1.0
1788786516,778,2026-09-07 13:08:36+00:00,64.0,0.0,0.0,0.0,0.015958517921868753,0.0,99.0,74382.0,303.332,72.0,1.0,1.0
1788786517,779,2026-09-07 13:08:37+00:00,64.0,0.0,0.0,0.0,0.014869865082561384,0.0,99.0,74382.0,337.906,72.0,1.0,1.0
1788786518,780,2026-09-07 13:08:38+00:00,61.0,3.0,3.0,0.0,0.013095298026580715,0.0,100.0,74382.0,304.648,71.0,1.0,1.0
1788786519,781,2026-09-07 13:08:39+00:00,51.0,6.0,6.0,0.0,0.011685712847362084,0.0,100.0,74382.0,334.482,71.0,1.0,1.0
1788786520,782,2026-09-07 13:08:40+00:00,19.0,12.0,12.0,0.0,0.0042665122835280345,0.0,100.0,74382.0,289.549,72.0,1.0,1.0
1788786521,783,2026-09-07 13:08:41+00:00,64.0,0.0,0.0,0.0,0.01652486910994766,0.0,100.0,74382.0,292.636,72.0,1.0,1.0
1788786522,784,2026-09-07 13:08:42+00:00,64.0,0.0,0.0,0.0,0.015184504631494122,0.0,98.0,74382.0,309.033,72.0,1.0,1.0
1788786523,785,2026-09-07 13:08:43+00:00,63.0,0.0,0.0,0.0,0.014045509464357675,0.0,100.0,74382.0,304.525,71.0,1.0,1.0
1788786524,786,2026-09-07 13:08:44+00:00,45.0,19.0,19.0,0.0,0.009785289971808275,0.0,100.0,74382.0,302.463,71.0,1.0,1.0
1788786525,787,2026-09-07 13:08:45+00:00,25.0,32.0,32.0,0.0,0.005518777688280352,0.0,100.0,74382.0,265.102,71.0,1.0,1.0
1788786526,788,2026-09-07 13:08:46+00:00,64.0,0.0,0.0,0.0,0.016845801449859032,0.0,100.0,74382.0,287.979,72.0,1.0,1.0
1788786527,789,2026-09-07 13:08:47+00:00,64.0,0.0,0.0,0.0,0.01575085581957314,0.0,98.0,74382.0,287.066,72.0,1.0,1.0
1788786528,790,2026-09-07 13:08:48+00:00,64.0,0.0,0.0,0.0,0.014228000402738639,0.0,100.0,74382.0,303.973,71.0,1.0,1.0
1788786529,791,2026-09-07 13:08:49+00:00,47.0,17.0,17.0,0.0,0.009986659283125254,0.0,99.0,74382.0,303.389,71.0,1.0,1.0
1788786530,792,2026-09-07 13:08:50+00:00,20.0,28.0,28.0,0.0,0.004285390656463939,0.0,100.0,74382.0,274.746,71.0,1.0,1.0
1788786531,793,2026-09-07 13:08:51+00:00,48.0,0.0,0.0,0.0,0.012705144985904138,0.0,100.0,74382.0,282.125,72.0,1.0,1.0
1788786532,794,2026-09-07 13:08:52+00:00,64.0,0.0,0.0,0.0,0.01563758558195727,0.0,97.0,74382.0,286.331,72.0,1.0,1.0
1788786533,795,2026-09-07 13:08:53+00:00,64.0,0.0,0.0,0.0,0.014523761578735361,0.0,100.0,74382.0,299.121,71.0,1.0,1.0
1788786534,796,2026-09-07 13:08:54+00:00,51.0,13.0,13.0,0.0,0.010905406766008818,0.0,99.0,74382.0,299.823,71.0,1.0,1.0
1788786535,797,2026-09-07 13:08:55+00:00,53.0,4.0,4.0,0.0,0.012321284736206195,0.0,100.0,74382.0,253.985,71.0,1.0,1.0
1788786536,798,2026-09-07 13:08:56+00:00,32.0,0.0,0.0,0.0,0.008570781312927878,0.0,100.0,74382.0,285.817,72.0,1.0,1.0
1788786537,799,2026-09-07 13:08:57+00:00,64.0,0.0,0.0,0.0,0.016034031413612593,0.0,98.0,74382.0,298.44,72.0,1.0,1.0
1788786538,800,2026-09-07 13:08:58+00:00,64.0,0.0,0.0,0.0,0.01478805879983891,0.0,100.0,74382.0,310.426,72.0,1.0,1.0
1788786539,801,2026-09-07 13:08:59+00:00,58.0,6.0,6.0,0.0,0.012648509867096203,0.0,100.0,74382.0,301.303,71.0,1.0,1.0
1788786540,802,2026-09-07 13:09:00+00:00,36.0,21.0,21.0,0.0,0.007752718485702803,0.0,100.0,74382.0,291.095,71.0,1.0,1.0
1788786541,803,2026-09-07 13:09:01+00:00,35.0,14.0,14.0,0.0,0.00840716874748293,0.0,100.0,74382.0,296.507,72.0,1.0,1.0
1788786542,804,2026-09-07 13:09:02+00:00,64.0,0.0,0.0,0.0,0.016505990737011644,0.0,100.0,74382.0,280.052,72.0,1.0,1.0
1788786543,805,2026-09-07 13:09:03+00:00,64.0,0.0,0.0,0.0,0.015606121627063985,0.0,94.0,74382.0,292.313,72.0,1.0,1.0
1788786544,806,2026-09-07 13:09:04+00:00,62.0,2.0,2.0,0.0,0.013510622231171943,0.0,99.0,74382.0,303.287,71.0,1.0,1.0
1788786545,807,2026-09-07 13:09:05+00:00,38.0,26.0,26.0,0.0,0.008186921063229935,0.0,100.0,74382.0,291.927,71.0,1.0,1.0
1788786546,808,2026-09-07 13:09:06+00:00,5.0,3.0,3.0,0.0,0.0010194321385420535,0.0,100.0,74382.0,291.789,72.0,1.0,1.0
1788786547,809,2026-09-07 13:09:07+00:00,64.0,0.0,0.0,0.0,0.0161221304873137,0.0,98.0,74382.0,301.213,72.0,1.0,1.0
1788786548,810,2026-09-07 13:09:08+00:00,64.0,0.0,0.0,0.0,0.014882450664518765,0.0,98.0,74382.0,283.342,70.0,1.0,1.0
1788786549,811,2026-09-07 13:09:09+00:00,53.0,11.0,11.0,0.0,0.0116542488924688,0.0,98.0,74382.0,290.765,71.0,1.0,1.0
1788786550,812,2026-09-07 13:09:10+00:00,22.0,11.0,11.0,0.0,0.004807692307692291,0.0,98.0,74382.0,289.57,71.0,1.0,1.0
1788786551,813,2026-09-07 13:09:11+00:00,35.0,0.0,0.0,0.0,0.009099375755134864,0.0,100.0,74382.0,301.211,72.0,1.0,1.0
1788786552,814,2026-09-07 13:09:12+00:00,64.0,0.0,0.0,0.0,0.015744563028594394,0.0,95.0,74382.0,301.17,72.0,1.0,1.0
1788786553,815,2026-09-07 13:09:13+00:00,64.0,0.0,0.0,0.0,0.014353856222311667,0.0,100.0,74382.0,293.443,71.0,1.0,1.0
1788786554,816,2026-09-07 13:09:14+00:00,54.0,10.0,10.0,0.0,0.01147805074506647,0.0,100.0,74382.0,302.571,71.0,1.0,1.0
1788786555,817,2026-09-07 13:09:15+00:00,29.0,34.0,34.0,0.0,0.006412354007249266,0.0,100.0,74382.0,269.028,71.0,1.0,1.0
1788786556,818,2026-09-07 13:09:16+00:00,6.0,0.0,0.0,0.0,0.0015165626258558662,0.0,100.0,74382.0,286.689,72.0,1.0,1.0
1788786557,819,2026-09-07 13:09:17+00:00,64.0,0.0,0.0,0.0,0.016008860249697943,0.0,100.0,74382.0,308.371,72.0,1.0,1.0
1788786558,820,2026-09-07 13:09:18+00:00,64.0,0.0,0.0,0.0,0.014895036246476034,0.0,98.0,74382.0,289.75,72.0,1.0,1.0
1788786559,821,2026-09-07 13:09:19+00:00,58.0,6.0,6.0,0.0,0.012604460330245648,0.0,100.0,74382.0,307.804,72.0,1.0,1.0
1788786560,822,2026-09-07 13:09:20+00:00,47.0,9.0,9.0,0.0,0.010301298832057992,0.0,100.0,74382.0,299.624,71.0,1.0,1.0
1788786561,823,2026-09-07 13:09:21+00:00,43.0,13.0,13.0,0.0,0.010446033024567036,0.0,100.0,74382.0,289.452,72.0,1.0,1.0
1788786562,824,2026-09-07 13:09:22+00:00,64.0,0.0,0.0,0.0,0.016392720499395885,0.0,100.0,74382.0,283.805,72.0,1.0,1.0
1788786563,825,2026-09-07 13:09:23+00:00,64.0,0.0,0.0,0.0,0.015310360451067262,0.0,100.0,74382.0,295.281,72.0,1.0,1.0
1788786564,826,2026-09-07 13:09:24+00:00,64.0,0.0,0.0,0.0,0.014058095046314945,0.0,99.0,74382.0,305.916,72.0,1.0,1.0
1788786565,827,2026-09-07 13:09:25+00:00,45.0,19.0,19.0,0.0,0.009609091824405946,0.0,100.0,74382.0,308.698,72.0,1.0,1.0
1788786566,828,2026-09-07 13:09:26+00:00,35.0,22.0,22.0,0.0,0.00834424083769636,0.0,100.0,74382.0,244.714,71.0,1.0,1.0
1788786567,829,2026-09-07 13:09:27+00:00,63.0,0.0,0.0,0.0,0.01633608538058795,0.0,100.0,74382.0,288.556,72.0,1.0,1.0
1788786568,830,2026-09-07 13:09:28+00:00,64.0,0.0,0.0,0.0,0.01561241441804273,0.0,98.0,74382.0,301.606,73.0,1.0,1.0
1788786569,831,2026-09-07 13:09:29+00:00,31.0,0.0,0.0,0.0,0.007872281514297197,0.0,100.0,74382.0,303.767,71.0,1.0,1.0
1788786570,832,2026-09-07 13:09:30+00:00,0.0,0.0,0.0,0.0,0.0,0.0,86.0,74382.0,130.821,69.0,1.0,1.0
1788786571,833,2026-09-07 13:09:31+00:00,0.0,0.0,0.0,0.0,0.0,0.0,0.0,74382.0,126.743,67.0,1.0,1.0
1788786572,834,2026-09-07 13:09:32+00:00,0.0,0.0,0.0,0.0,0.0,0.0,0.0,74382.0,126.377,67.0,1.0,1.0
1788786573,835,2026-09-07 13:09:33+00:00,0.0,0.0,0.0,0.0,0.0,0.0,0.0,74382.0,125.74,66.0,1.0,1.0
1788786574,836,2026-09-07 13:09:34+00:00,0.0,0.0,0.0,0.0,0.0,0.0,0.0,74382.0,125.231,66.0,1.0,1.0
1788786575,837,2026-09-07 13:09:35+00:00,0.0,0.0,0.0,0.0,0.0,0.0,0.0,74382.0,124.758,66.0,1.0,1.0
1788786576,838,2026-09-07 13:09:36+00:00,0.0,0.0,0.0,0.0,0.0,0.0,0.0,74382.0,124.175,65.0,1.0,1.0
1788786577,839,2026-09-07 13:09:37+00:00,0.0,0.0,0.0,0.0,0.0,0.0,0.0,74382.0,124.116,65.0,1.0,1.0
1788786578,840,2026-09-07 13:09:38+00:00,0.0,0.0,0.0,0.0,0.0,0.0,0.0,74382.0,123.624,65.0,1.0,1.0
1788786579,841,2026-09-07 13:09:39+00:00,0.0,0.0,0.0,0.0,0.0,0.0,0.0,74382.0,123.073,64.0,1.0,1.0
1788786580,842,2026-09-07 13:09:40+00:00,0.0,0.0,0.0,0.0,0.0,0.0,0.0,74382.0,122.619,64.0,1.0,1.0
1788786581,843,2026-09-07 13:09:41+00:00,0.0,0.0,0.0,0.0,0.0,0.0,0.0,74382.0,122.86,64.0,1.0,1.0
1788786582,844,2026-09-07 13:09:42+00:00,0.0,0.0,0.0,0.0,0.0,0.0,0.0,74382.0,122.699,64.0,1.0,1.0
1788786583,845,2026-09-07 13:09:43+00:00,0.0,0.0,0.0,0.0,0.0,0.0,0.0,74382.0,122.308,63.0,1.0,1.0
1788786584,846,2026-09-07 13:09:44+00:00,0.0,0.0,0.0,0.0,0.0,0.0,0.0,74382.0,122.166,63.0,1.0,1.0
1788786585,847,2026-09-07 13:09:45+00:00,0.0,0.0,0.0,0.0,0.0,0.0,0.0,74382.0,121.494,63.0,1.0,1.0
1788786586,848,2026-09-07 13:09:46+00:00,0.0,0.0,0.0,0.0,0.0,0.0,0.0,74382.0,119.785,63.0,1.0,1.0
1788786587,849,2026-09-07 13:09:47+00:00,0.0,0.0,0.0,0.0,0.0,0.0,0.0,74382.0,119.586,63.0,1.0,1.0
1788786588,850,2026-09-07 13:09:48+00:00,0.0,0.0,0.0,0.0,0.0,0.0,0.0,74382.0,119.341,62.0,1.0,1.0
1788786589,851,2026-09-07 13:09:49+00:00,0.0,0.0,0.0,0.0,0.0,0.0,0.0,74382.0,119.131,62.0,1.0,1.0
1788786590,852,2026-09-07 13:09:50+00:00,0.0,0.0,0.0,0.0,0.0,0.0,0.0,74382.0,118.871,62.0,1.0,1.0
1788786591,853,2026-09-07 13:09:51+00:00,0.0,0.0,0.0,0.0,0.0,0.0,0.0,74382.0,118.724,62.0,1.0,1.0
1788786592,854,2026-09-07 13:09:52+00:00,0.0,0.0,0.0,0.0,0.0,0.0,0.0,74382.0,118.876,62.0,1.0,1.0
1788786593,855,2026-09-07 13:09:53+00:00,0.0,0.0,0.0,0.0,0.0,0.0,0.0,74382.0,118.423,61.0,1.0,1.0
1788786594,856,2026-09-07 13:09:54+00:00,0.0,0.0,0.0,0.0,0.0,0.0,0.0,74382.0,118.08,61.0,1.0,1.0
1788786595,857,2026-09-07 13:09:55+00:00,0.0,0.0,0.0,0.0,0.0,0.0,0.0,74382.0,118.059,61.0,1.0,1.0
1788786596,858,2026-09-07 13:09:56+00:00,0.0,0.0,0.0,0.0,0.0,0.0,0.0,74382.0,117.772,61.0,1.0,1.0
1788786597,859,2026-09-07 13:09:57+00:00,0.0,0.0,0.0,0.0,0.0,0.0,0.0,74382.0,117.584,61.0,1.0,1.0
1788786598,860,2026-09-07 13:09:58+00:00,0.0,0.0,0.0,0.0,0.0,0.0,0.0,74382.0,117.491,61.0,1.0,1.0
1788786599,861,2026-09-07 13:09:59+00:00,0.0,0.0,0.0,0.0,0.0,0.0,0.0,74382.0,117.295,60.0,1.0,1.0
1788786600,862,2026-09-07 13:10:00+00:00,0.0,0.0,0.0,0.0,0.0,0.0,0.0,74382.0,117.138,60.0,1.0,1.0
1788786601,863,2026-09-07 13:10:01+00:00,0.0,0.0,0.0,0.0,0.0,0.0,0.0,74382.0,116.878,60.0,1.0,1.0
1788786602,864,2026-09-07 13:10:02+00:00,0.0,0.0,0.0,0.0,0.0,0.0,0.0,74382.0,116.561,60.0,1.0,1.0
1788786603,865,2026-09-07 13:10:03+00:00,0.0,0.0,0.0,0.0,0.0,0.0,0.0,74382.0,116.53,60.0,1.0,1.0
1788786604,866,2026-09-07 13:10:04+00:00,9.0,10.0,10.0,0.0,0.0018500805477245086,0.0,0.0,74382.0,116.31,60.0,1.0,1.0
1788786605,867,2026-09-07 13:10:05+00:00,64.0,0.0,0.0,0.0,0.016241693515908207,0.0,100.0,74382.0,302.883,64.0,1.0,1.0
1788786606,868,2026-09-07 13:10:06+00:00,64.0,0.0,0.0,0.0,0.015423630688683021,0.0,98.0,74382.0,294.02,65.0,1.0,1.0
1788786607,869,2026-09-07 13:10:07+00:00,64.0,0.0,0.0,0.0,0.014379027386226317,0.0,100.0,74382.0,297.373,64.0,1.0,1.0
1788786608,870,2026-09-07 13:10:08+00:00,53.0,11.0,11.0,0.0,0.011213753523962922,0.0,100.0,74382.0,295.901,64.0,1.0,1.0
1788786609,871,2026-09-07 13:10:09+00:00,28.0,34.0,34.0,0.0,0.005915223519935564,0.0,100.0,74382.0,275.95,65.0,1.0,1.0
1788786610,872,2026-09-07 13:10:10+00:00,16.0,0.0,0.0,0.0,0.00414694925493353,0.0,100.0,74382.0,288.846,66.0,1.0,1.0
1788786611,873,2026-09-07 13:10:11+00:00,64.0,0.0,0.0,0.0,0.016034031413612593,0.0,100.0,74382.0,309.119,67.0,1.0,1.0
1788786612,874,2026-09-07 13:10:12+00:00,64.0,0.0,0.0,0.0,0.014945378574305224,0.0,99.0,74382.0,363.602,66.0,1.0,1.0
1788786613,875,2026-09-07 13:10:13+00:00,64.0,0.0,0.0,0.0,0.013686820378574271,0.0,100.0,74382.0,302.199,66.0,1.0,1.0
1788786614,876,2026-09-07 13:10:14+00:00,40.0,19.0,19.0,0.0,0.008709222714458287,0.0,100.0,74382.0,301.197,66.0,1.0,1.0
1788786615,877,2026-09-07 13:10:15+00:00,24.0,24.0,24.0,0.0,0.005304822795005992,0.0,100.0,74382.0,244.415,66.0,1.0,1.0
1788786616,878,2026-09-07 13:10:16+00:00,64.0,0.0,0.0,0.0,0.01668848167539272,0.0,100.0,74382.0,289.632,67.0,1.0,1.0
1788786617,879,2026-09-07 13:10:17+00:00,64.0,0.0,0.0,0.0,0.015669049536850554,0.0,99.0,74382.0,305.351,68.0,1.0,1.0
1788786618,880,2026-09-07 13:10:18+00:00,64.0,0.0,0.0,0.0,0.014265757148610558,0.0,100.0,74382.0,297.354,67.0,1.0,1.0
1788786619,881,2026-09-07 13:10:19+00:00,51.0,13.0,13.0,0.0,0.011031262585581958,0.0,100.0,74382.0,303.857,67.0,1.0,1.0
1788786620,882,2026-09-07 13:10:20+00:00,51.0,5.0,5.0,0.0,0.011811568666935113,0.0,100.0,74382.0,280.264,67.0,1.0,1.0
1788786621,883,2026-09-07 13:10:21+00:00,16.0,0.0,0.0,0.0,0.004128070881997625,0.0,100.0,74382.0,284.347,68.0,1.0,1.0
1788786622,884,2026-09-07 13:10:22+00:00,64.0,0.0,0.0,0.0,0.016254279097865476,0.0,98.0,74382.0,303.179,68.0,1.0,1.0
1788786623,885,2026-09-07 13:10:23+00:00,64.0,0.0,0.0,0.0,0.014907621828433304,0.0,100.0,74382.0,326.962,68.0,1.0,1.0
1788786624,886,2026-09-07 13:10:24+00:00,63.0,1.0,1.0,0.0,0.013686820378574271,0.0,100.0,74382.0,305.038,68.0,1.0,1.0
1788786625,887,2026-09-07 13:10:25+00:00,38.0,26.0,26.0,0.0,0.008017015706806241,0.0,100.0,74382.0,296.943,68.0,1.0,1.0
1788786626,888,2026-09-07 13:10:26+00:00,24.0,10.0,10.0,0.0,0.005449556987515147,0.0,100.0,74382.0,256.288,68.0,1.0,1.0
1788786627,889,2026-09-07 13:10:27+00:00,64.0,0.0,0.0,0.0,0.01661296818364877,0.0,100.0,74382.0,288.665,69.0,1.0,1.0
1788786628,890,2026-09-07 13:10:28+00:00,64.0,0.0,0.0,0.0,0.015392166733789736,0.0,98.0,74382.0,297.25,69.0,1.0,1.0
1788786629,891,2026-09-07 13:10:29+00:00,64.0,0.0,0.0,0.0,0.014410491341119602,0.0,100.0,74382.0,307.613,68.0,1.0,1.0
1788786630,892,2026-09-07 13:10:30+00:00,43.0,21.0,21.0,0.0,0.009174889246878815,0.0,100.0,74382.0,301.58,68.0,1.0,1.0
1788786631,893,2026-09-07 13:10:31+00:00,22.0,30.0,30.0,0.0,0.004707007652033801,0.0,100.0,74382.0,257.247,68.0,1.0,1.0
1788786632,894,2026-09-07 13:10:32+00:00,64.0,0.0,0.0,0.0,0.016877265404752317,0.0,100.0,74382.0,277.782,69.0,1.0,1.0
1788786633,895,2026-09-07 13:10:33+00:00,64.0,0.0,0.0,0.0,0.01559982883608535,0.0,98.0,74382.0,292.237,69.0,1.0,1.0
1788786634,896,2026-09-07 13:10:34+00:00,64.0,0.0,0.0,0.0,0.014372734595247683,0.0,100.0,74382.0,302.174,68.0,1.0,1.0
1788786635,897,2026-09-07 13:10:35+00:00,52.0,12.0,12.0,0.0,0.011037555376560593,0.0,100.0,74382.0,300.2,69.0,1.0,1.0
1788786636,898,2026-09-07 13:10:36+00:00,28.0,34.0,34.0,0.0,0.006148056786145828,0.0,100.0,74382.0,293.013,69.0,1.0,1.0
1788786637,899,2026-09-07 13:10:37+00:00,15.0,0.0,0.0,0.0,0.003882652033830092,0.0,100.0,74382.0,291.273,70.0,1.0,1.0
1788786638,900,2026-09-07 13:10:38+00:00,64.0,0.0,0.0,0.0,0.016141008860249717,0.0,100.0,74382.0,294.909,70.0,1.0,1.0
1788786639,901,2026-09-07 13:10:39+00:00,64.0,0.0,0.0,0.0,0.01485098670962548,0.0,98.0,74382.0,312.524,70.0,1.0,1.0
1788786640,902,2026-09-07 13:10:40+00:00,61.0,3.0,3.0,0.0,0.01321486105517522,0.0,100.0,74382.0,300.792,69.0,1.0,1.0
1788786641,903,2026-09-07 13:10:41+00:00,52.0,4.0,4.0,0.0,0.011880789367700317,0.0,100.0,74382.0,300.6,69.0,1.0,1.0
1788786642,904,2026-09-07 13:10:42+00:00,39.0,18.0,18.0,0.0,0.009558749496576757,0.0,100.0,74382.0,299.923,69.0,1.0,1.0
1788786643,905,2026-09-07 13:10:43+00:00,64.0,0.0,0.0,0.0,0.016719945630285893,0.0,100.0,74382.0,287.896,70.0,1.0,1.0
1788786644,906,2026-09-07 13:10:44+00:00,64.0,0.0,0.0,0.0,0.015379581151832467,0.0,98.0,74382.0,295.25,70.0,1.0,1.0
1788786645,907,2026-09-07 13:10:45+00:00,64.0,0.0,0.0,0.0,0.014334977849375763,0.0,100.0,74382.0,301.294,69.0,1.0,1.0
1788786646,908,2026-09-07 13:10:46+00:00,45.0,19.0,19.0,0.0,0.00981675392670156,0.0,100.0,74382.0,298.557,69.0,1.0,1.0
1788786647,909,2026-09-07 13:10:47+00:00,19.0,40.0,40.0,0.0,0.0041217780910188795,0.0,100.0,74382.0,257.067,69.0,1.0,1.0
1788786648,910,2026-09-07 13:10:48+00:00,64.0,0.0,0.0,0.0,0.016933900523560252,0.0,100.0,74382.0,287.191,70.0,1.0,1.0
1788786649,911,2026-09-07 13:10:49+00:00,64.0,0.0,0.0,0.0,0.01565017116391465,0.0,98.0,74382.0,279.745,70.0,1.0,1.0
1788786650,912,2026-09-07 13:10:50+00:00,64.0,0.0,0.0,0.0,0.014372734595247683,0.0,100.0,74382.0,299.451,70.0,1.0,1.0
1788786651,913,2026-09-07 13:10:51+00:00,51.0,13.0,13.0,0.0,0.010987213048731403,0.0,100.0,74382.0,301.174,70.0,1.0,1.0
1788786652,914,2026-09-07 13:10:52+00:00,26.0,31.0,31.0,0.0,0.0055565344341522716,0.0,100.0,74382.0,300.414,70.0,1.0,1.0
1788786653,915,2026-09-07 13:10:53+00:00,37.0,0.0,0.0,0.0,0.00971606927104307,0.0,100.0,74382.0,294.798,71.0,1.0,1.0
1788786654,916,2026-09-07 13:10:54+00:00,64.0,0.0,0.0,0.0,0.015996274667740673,0.0,98.0,74382.0,283.61,71.0,1.0,1.0
1788786655,917,2026-09-07 13:10:55+00:00,64.0,0.0,0.0,0.0,0.014744009262988356,0.0,100.0,74382.0,317.969,71.0,1.0,1.0
1788786656,918,2026-09-07 13:10:56+00:00,56.0,8.0,8.0,0.0,0.012667388240032218,0.0,100.0,74382.0,302.267,70.0,1.0,1.0
1788786657,919,2026-09-07 13:10:57+00:00,34.0,25.0,25.0,0.0,0.0073688582360048605,0.0,100.0,74382.0,305.939,70.0,1.0,1.0
1788786658,920,2026-09-07 13:10:58+00:00,32.0,7.0,7.0,0.0,0.0081806282722513,0.0,100.0,74382.0,305.545,71.0,1.0,1.0
1788786659,921,2026-09-07 13:10:59+00:00,64.0,0.0,0.0,0.0,0.01643677003624644,0.0,100.0,74382.0,284.235,71.0,1.0,1.0
1788786660,922,2026-09-07 13:11:00+00:00,64.0,0.0,0.0,0.0,0.015121576721707664,0.0,97.0,74382.0,301.916,71.0,1.0,1.0
1788786661,923,2026-09-07 13:11:01+00:00,64.0,0.0,0.0,0.0,0.014146194120016164,0.0,100.0,74382.0,302.195,70.0,1.0,1.0
1788786662,924,2026-09-07 13:11:02+00:00,42.0,22.0,22.0,0.0,0.008998691099476486,0.0,100.0,74382.0,302.379,70.0,1.0,1.0
1788786663,925,2026-09-07 13:11:03+00:00,24.0,32.0,32.0,0.0,0.005141210229561044,0.0,100.0,74382.0,261.467,70.0,1.0,1.0
1788786664,926,2026-09-07 13:11:04+00:00,64.0,0.0,0.0,0.0,0.01665072492952069,0.0,100.0,74382.0,288.073,71.0,1.0,1.0
1788786665,927,2026-09-07 13:11:05+00:00,64.0,0.0,0.0,0.0,0.015656463954893285,0.0,98.0,74382.0,297.69,71.0,1.0,1.0
1788786666,928,2026-09-07 13:11:06+00:00,64.0,0.0,0.0,0.0,0.014095851792186864,0.0,100.0,74382.0,286.952,70.0,1.0,1.0
1788786667,929,2026-09-07 13:11:07+00:00,47.0,17.0,17.0,0.0,0.010074758356826474,0.0,100.0,74382.0,296.549,70.0,1.0,1.0
1788786668,930,2026-09-07 13:11:08+00:00,23.0,38.0,38.0,0.0,0.00493354812726543,0.0,100.0,74382.0,294.871,70.0,1.0,1.0
1788786669,931,2026-09-07 13:11:09+00:00,34.0,0.0,0.0,0.0,0.00894205598066855,0.0,100.0,74382.0,294.295,71.0,1.0,1.0
1788786670,932,2026-09-07 13:11:10+00:00,64.0,0.0,0.0,0.0,0.015794905356423694,0.0,100.0,74382.0,307.502,71.0,1.0,1.0
1788786671,933,2026-09-07 13:11:11+00:00,64.0,0.0,0.0,0.0,0.014655910189287136,0.0,98.0,74382.0,295.583,72.0,1.0,1.0
1788786672,934,2026-09-07 13:11:12+00:00,52.0,12.0,12.0,0.0,0.011238924687877572,0.0,100.0,74382.0,302.988,71.0,1.0,1.0
1788786673,935,2026-09-07 13:11:13+00:00,28.0,36.0,36.0,0.0,0.005934101892871579,0.0,100.0,74382.0,294.805,71.0,1.0,1.0
1788786674,936,2026-09-07 13:11:14+00:00,20.0,0.0,0.0,0.0,0.005304822795005992,0.0,100.0,74382.0,295.478,72.0,1.0,1.0
1788786675,937,2026-09-07 13:11:15+00:00,64.0,0.0,0.0,0.0,0.015945932339911373,0.0,97.0,74382.0,289.55,71.0,1.0,1.0
1788786676,938,2026-09-07 13:11:16+00:00,64.0,0.0,0.0,0.0,0.01469995972613769,0.0,100.0,74382.0,324.252,72.0,1.0,1.0
1788786677,939,2026-09-07 13:11:17+00:00,59.0,5.0,5.0,0.0,0.012900221506242482,0.0,100.0,74382.0,301.294,71.0,1.0,1.0
1788786678,940,2026-09-07 13:11:18+00:00,34.0,30.0,30.0,0.0,0.007375151026983495,0.0,100.0,74382.0,300.728,71.0,1.0,1.0
1788786679,941,2026-09-07 13:11:19+00:00,16.0,6.0,6.0,0.0,0.0035994764397905277,0.0,100.0,74382.0,257.981,71.0,1.0,1.0
1788786680,942,2026-09-07 13:11:20+00:00,64.0,0.0,0.0,0.0,0.01655004027386231,0.0,100.0,74382.0,281.363,72.0,1.0,1.0
1788786681,943,2026-09-07 13:11:21+00:00,64.0,0.0,0.0,0.0,0.015228554168344788,0.0,98.0,74382.0,308.401,72.0,1.0,1.0
1788786682,944,2026-09-07 13:11:22+00:00,64.0,0.0,0.0,0.0,0.014215414820781258,0.0,100.0,74382.0,304.062,71.0,1.0,1.0
1788786683,945,2026-09-07 13:11:23+00:00,53.0,4.0,4.0,0.0,0.011950010068465522,0.0,100.0,74382.0,297.676,71.0,1.0,1.0
1788786684,946,2026-09-07 13:11:24+00:00,24.0,32.0,32.0,0.0,0.005361457913813927,0.0,100.0,74382.0,249.634,71.0,1.0,1.0
1788786685,947,2026-09-07 13:11:25+00:00,64.0,0.0,0.0,0.0,0.016751409585179178,0.0,100.0,74382.0,278.212,72.0,1.0,1.0
1788786686,948,2026-09-07 13:11:26+00:00,64.0,0.0,0.0,0.0,0.015455094643576306,0.0,98.0,74382.0,303.833,72.0,1.0,1.0
1788786687,949,2026-09-07 13:11:27+00:00,64.0,0.0,0.0,0.0,0.014567811115586027,0.0,100.0,74382.0,289.589,72.0,1.0,1.0
1788786688,950,2026-09-07 13:11:28+00:00,53.0,7.0,7.0,0.0,0.011339609343536061,0.0,100.0,74382.0,296.296,71.0,1.0,1.0
1788786689,951,2026-09-07 13:11:29+00:00,27.0,32.0,32.0,0.0,0.0057327325815546,0.0,100.0,74382.0,294.772,71.0,1.0,1.0
1788786690,952,2026-09-07 13:11:30+00:00,36.0,0.0,0.0,0.0,0.009319623439387859,0.0,100.0,74382.0,290.271,72.0,1.0,1.0
1788786691,953,2026-09-07 13:11:31+00:00,64.0,0.0,0.0,0.0,0.016103252114377797,0.0,100.0,74382.0,286.179,72.0,1.0,1.0
1788786692,954,2026-09-07 13:11:32+00:00,64.0,0.0,0.0,0.0,0.014945378574305224,0.0,100.0,74382.0,290.455,72.0,1.0,1.0
1788786693,955,2026-09-07 13:11:33+00:00,58.0,5.0,5.0,0.0,0.012774365686669342,0.0,100.0,74382.0,303.27,71.0,1.0,1.0
1788786694,956,2026-09-07 13:11:34+00:00,38.0,26.0,26.0,0.0,0.007991844542891702,0.0,100.0,74382.0,305.132,71.0,1.0,1.0
1788786695,957,2026-09-07 13:11:35+00:00,24.0,6.0,6.0,0.0,0.005726439790575966,0.0,100.0,74382.0,294.589,71.0,1.0,1.0
1788786696,958,2026-09-07 13:11:36+00:00,64.0,0.0,0.0,0.0,0.016235400724929572,0.0,100.0,74382.0,286.927,72.0,1.0,1.0
1788786697,959,2026-09-07 13:11:37+00:00,64.0,0.0,0.0,0.0,0.015253725332259327,0.0,97.0,74382.0,290.229,72.0,1.0,1.0
1788786698,960,2026-09-07 13:11:38+00:00,64.0,0.0,0.0,0.0,0.014070680628272214,0.0,100.0,74382.0,302.002,71.0,1.0,1.0
1788786699,961,2026-09-07 13:11:39+00:00,41.0,23.0,23.0,0.0,0.008791028997180872,0.0,100.0,74382.0,307.792,71.0,1.0,1.0
1788786700,962,2026-09-07 13:11:40+00:00,24.0,25.0,25.0,0.0,0.005430678614579132,0.0,100.0,74382.0,255.863,71.0,1.0,1.0
1788786701,963,2026-09-07 13:11:41+00:00,64.0,0.0,0.0,0.0,0.01657521143777685,0.0,100.0,74382.0,285.909,72.0,1.0,1.0
1788786702,964,2026-09-07 13:11:42+00:00,64.0,0.0,0.0,0.0,0.015511729762384241,0.0,98.0,74382.0,302.493,72.0,1.0,1.0
1788786703,965,2026-09-07 13:11:43+00:00,64.0,0.0,0.0,0.0,0.014309806685461113,0.0,100.0,74382.0,331.874,72.0,1.0,1.0
1788786704,966,2026-09-07 13:11:44+00:00,49.0,15.0,15.0,0.0,0.010628523962948,0.0,100.0,74382.0,302.76,71.0,1.0,1.0
1788786705,967,2026-09-07 13:11:45+00:00,24.0,34.0,34.0,0.0,0.005103453483689124,0.0,100.0,74382.0,302.366,71.0,1.0,1.0
1788786706,968,2026-09-07 13:11:46+00:00,29.0,0.0,0.0,0.0,0.007501006846556635,0.0,100.0,74382.0,292.861,72.0,1.0,1.0
1788786707,969,2026-09-07 13:11:47+00:00,64.0,0.0,0.0,0.0,0.016002567458719308,0.0,99.0,74382.0,296.464,72.0,1.0,1.0
1788786708,970,2026-09-07 13:11:48+00:00,64.0,0.0,0.0,0.0,0.01495167136528397,0.0,100.0,74382.0,374.565,72.0,1.0,1.0
1788786709,971,2026-09-07 13:11:49+00:00,56.0,8.0,8.0,0.0,0.012270942408377006,0.0,100.0,74382.0,304.373,71.0,1.0,1.0
1788786710,972,2026-09-07 13:11:50+00:00,34.0,29.0,29.0,0.0,0.0071674889246878815,0.0,100.0,74382.0,303.566,71.0,1.0,1.0
1788786711,973,2026-09-07 13:11:51+00:00,42.0,7.0,7.0,0.0,0.010540424889246891,0.0,100.0,74382.0,303.488,72.0,1.0,1.0
1788786712,974,2026-09-07 13:11:52+00:00,64.0,0.0,0.0,0.0,0.016292035843737396,0.0,100.0,74382.0,283.092,72.0,1.0,1.0
1788786713,975,2026-09-07 13:11:53+00:00,64.0,0.0,0.0,0.0,0.015247432541280692,0.0,98.0,74382.0,296.589,72.0,1.0,1.0
1788786714,976,2026-09-07 13:11:54+00:00,64.0,0.0,0.0,0.0,0.013995167136528375,0.0,100.0,74382.0,302.398,71.0,1.0,1.0
1788786715,977,2026-09-07 13:11:55+00:00,42.0,22.0,22.0,0.0,0.009149718082964164,0.0,100.0,74382.0,305.155,71.0,1.0,1.0
1788786716,978,2026-09-07 13:11:56+00:00,25.0,18.0,18.0,0.0,0.005694975835682681,0.0,100.0,74382.0,278.393,71.0,1.0,1.0
1788786717,979,2026-09-07 13:11:57+00:00,64.0,0.0,0.0,0.0,0.016531161900926294,0.0,100.0,74382.0,285.52,72.0,1.0,1.0
1788786718,980,2026-09-07 13:11:58+00:00,64.0,0.0,0.0,0.0,0.015310360451067262,0.0,98.0,74382.0,289.366,72.0,1.0,1.0
1788786719,981,2026-09-07 13:11:59+00:00,64.0,0.0,0.0,0.0,0.014259464357631924,0.0,100.0,74382.0,287.965,71.0,1.0,1.0
1788786720,982,2026-09-07 13:12:00+00:00,42.0,22.0,22.0,0.0,0.00904274063632704,0.0,100.0,74382.0,303.379,71.0,1.0,1.0
1788786721,983,2026-09-07 13:12:01+00:00,20.0,25.0,25.0,0.0,0.00414694925493353,0.0,100.0,74382.0,249.745,71.0,1.0,1.0
1788786722,984,2026-09-07 13:12:02+00:00,50.0,0.0,0.0,0.0,0.01308900523560208,0.0,100.0,74382.0,293.163,72.0,1.0,1.0
1788786723,985,2026-09-07 13:12:03+00:00,64.0,0.0,0.0,0.0,0.01549914418042686,0.0,100.0,74382.0,298.255,72.0,1.0,1.0
1788786724,986,2026-09-07 13:12:04+00:00,64.0,0.0,0.0,0.0,0.014272049939589193,0.0,97.0,74382.0,301.18,72.0,1.0,1.0
1788786725,987,2026-09-07 13:12:05+00:00,47.0,17.0,17.0,0.0,0.010156564639548948,0.0,100.0,74382.0,306.021,72.0,1.0,1.0
1788786726,988,2026-09-07 13:12:06+00:00,40.0,17.0,17.0,0.0,0.009269281111558558,0.0,100.0,74382.0,295.209,71.0,1.0,1.0
1788786727,989,2026-09-07 13:12:07+00:00,21.0,0.0,0.0,0.0,0.005575412807088176,0.0,100.0,74382.0,293.362,72.0,1.0,1.0
1788786728,990,2026-09-07 13:12:08+00:00,64.0,0.0,0.0,0.0,0.0161221304873137,0.0,96.0,74382.0,286.535,72.0,1.0,1.0
1788786729,991,2026-09-07 13:12:09+00:00,64.0,0.0,0.0,0.0,0.01462444623439385,0.0,100.0,74382.0,289.58,72.0,1.0,1.0
1788786730,992,2026-09-07 13:12:10+00:00,53.0,11.0,11.0,0.0,0.011635370519532784,0.0,100.0,74382.0,302.386,72.0,1.0,1.0
1788786731,993,2026-09-07 13:12:11+00:00,31.0,28.0,28.0,0.0,0.0065633809907370555,0.0,100.0,74382.0,302.107,71.0,1.0,1.0
1788786732,994,2026-09-07 13:12:12+00:00,25.0,0.0,0.0,0.0,0.006437525171163916,0.0,100.0,74382.0,283.324,72.0,1.0,1.0
1788786733,995,2026-09-07 13:12:13+00:00,64.0,0.0,0.0,0.0,0.016103252114377797,0.0,100.0,74382.0,289.895,72.0,1.0,1.0
1788786734,996,2026-09-07 13:12:14+00:00,64.0,0.0,0.0,0.0,0.014945378574305224,0.0,100.0,74382.0,299.44,72.0,1.0,1.0
1788786735,997,2026-09-07 13:12:15+00:00,60.0,4.0,4.0,0.0,0.01308900523560208,0.0,100.0,74382.0,302.473,72.0,1.0,1.0
1788786736,998,2026-09-07 13:12:16+00:00,38.0,26.0,26.0,0.0,0.008337948046717725,0.0,100.0,74382.0,304.269,72.0,1.0,1.0
1788786737,999,2026-09-07 13:12:17+00:00,24.0,9.0,9.0,0.0,0.005908930728956929,0.0,100.0,74382.0,271.009,71.0,1.0,1.0
1788786738,1000,2026-09-07 13:12:18+00:00,64.0,0.0,0.0,0.0,0.01646194120016109,0.0,100.0,74382.0,283.621,72.0,1.0,1.0
1788786739,1001,2026-09-07 13:12:19+00:00,64.0,0.0,0.0,0.0,0.015121576721707664,0.0,99.0,74382.0,304.427,73.0,1.0,1.0
1788786740,1002,2026-09-07 13:12:20+00:00,64.0,0.0,0.0,0.0,0.014058095046314945,0.0,100.0,74382.0,303.846,72.0,1.0,1.0
1788786741,1003,2026-09-07 13:12:21+00:00,44.0,20.0,20.0,0.0,0.009634262988320597,0.0,100.0,74382.0,296.266,71.0,1.0,1.0
1788786742,1004,2026-09-07 13:12:22+00:00,35.0,21.0,21.0,0.0,0.0082309706000806,0.0,100.0,74382.0,288.379,71.0,1.0,1.0
1788786743,1005,2026-09-07 13:12:23+00:00,63.0,0.0,0.0,0.0,0.016317207007652046,0.0,100.0,74382.0,291.849,72.0,1.0,1.0
1788786744,1006,2026-09-07 13:12:24+00:00,64.0,0.0,0.0,0.0,0.01568792790978657,0.0,100.0,74382.0,308.581,73.0,1.0,1.0
1788786745,1007,2026-09-07 13:12:25+00:00,64.0,0.0,0.0,0.0,0.014379027386226317,0.0,98.0,74382.0,295.999,73.0,1.0,1.0
1788786746,1008,2026-09-07 13:12:26+00:00,50.0,14.0,14.0,0.0,0.011012384212645943,0.0,100.0,74382.0,300.097,71.0,1.0,1.0
1788786747,1009,2026-09-07 13:12:27+00:00,28.0,36.0,36.0,0.0,0.005927809101892834,0.0,100.0,74382.0,289.464,71.0,1.0,1.0
1788786748,1010,2026-09-07 13:12:28+00:00,31.0,4.0,4.0,0.0,0.007752718485702803,0.0,100.0,74382.0,290.07,72.0,1.0,1.0
1788786749,1011,2026-09-07 13:12:29+00:00,64.0,0.0,0.0,0.0,0.016078080950463147,0.0,100.0,74382.0,282.687,72.0,1.0,1.0
1788786750,1012,2026-09-07 13:12:30+00:00,64.0,0.0,0.0,0.0,0.014939085783326589,0.0,98.0,74382.0,296.789,72.0,1.0,1.0
1788786751,1013,2026-09-07 13:12:31+00:00,61.0,3.0,3.0,0.0,0.013321838501812344,0.0,100.0,74382.0,300.711,71.0,1.0,1.0
1788786752,1014,2026-09-07 13:12:32+00:00,37.0,26.0,26.0,0.0,0.007960380587998417,0.0,100.0,74382.0,303.783,72.0,1.0,1.0
1788786753,1015,2026-09-07 13:12:33+00:00,9.0,8.0,8.0,0.0,0.0018563733387031434,0.0,100.0,74382.0,269.146,71.0,1.0,1.0
1788786754,1016,2026-09-07 13:12:34+00:00,64.0,0.0,0.0,0.0,0.01651228352799028,0.0,100.0,74382.0,293.319,72.0,1.0,1.0
1788786755,1017,2026-09-07 13:12:35+00:00,64.0,0.0,0.0,0.0,0.01495167136528397,0.0,98.0,74382.0,277.627,72.0,1.0,1.0
1788786756,1018,2026-09-07 13:12:36+00:00,63.0,1.0,1.0,0.0,0.01390077527184852,0.0,100.0,74382.0,303.859,72.0,1.0,1.0
1788786757,1019,2026-09-07 13:12:37+00:00,41.0,23.0,23.0,0.0,0.008828785743052792,0.0,99.0,74382.0,304.351,72.0,1.0,1.0
1788786758,1020,2026-09-07 13:12:38+00:00,13.0,8.0,8.0,0.0,0.0026555577929923135,0.0,100.0,74382.0,260.399,71.0,1.0,1.0
1788786759,1021,2026-09-07 13:12:39+00:00,64.0,0.0,0.0,0.0,0.016455648409182455,0.0,100.0,74382.0,280.447,72.0,1.0,1.0
1788786760,1022,2026-09-07 13:12:40+00:00,64.0,0.0,0.0,0.0,0.015291482078131247,0.0,96.0,74382.0,285.11,72.0,1.0,1.0
1788786761,1023,2026-09-07 13:12:41+00:00,64.0,0.0,0.0,0.0,0.013837847362062061,0.0,99.0,74382.0,302.97,72.0,1.0,1.0
1788786762,1024,2026-09-07 13:12:42+00:00,45.0,19.0,19.0,0.0,0.00980416834474429,0.0,99.0,74382.0,302.363,72.0,1.0,1.0
1788786763,1025,2026-09-07 13:12:43+00:00,33.0,23.0,23.0,0.0,0.007759011276681438,0.0,100.0,74382.0,293.928,71.0,1.0,1.0
1788786764,1026,2026-09-07 13:12:44+00:00,64.0,0.0,0.0,0.0,0.016820630285944382,0.0,100.0,74382.0,288.317,72.0,1.0,1.0
1788786765,1027,2026-09-07 13:12:45+00:00,64.0,0.0,0.0,0.0,0.015593536045106715,0.0,99.0,74382.0,311.527,73.0,1.0,1.0
1788786766,1028,2026-09-07 13:12:46+00:00,64.0,0.0,0.0,0.0,0.014523761578735361,0.0,100.0,74382.0,339.992,73.0,1.0,1.0
1788786767,1029,2026-09-07 13:12:47+00:00,53.0,11.0,11.0,0.0,0.011270388642770857,0.0,100.0,74382.0,304.731,72.0,1.0,1.0
1788786768,1030,2026-09-07 13:12:48+00:00,28.0,35.0,35.0,0.0,0.005940394683850214,0.0,100.0,74382.0,308.584,72.0,1.0,1.0
1788786769,1031,2026-09-07 13:12:49+00:00,27.0,0.0,0.0,0.0,0.0070227547321788375,0.0,100.0,74382.0,303.081,73.0,1.0,1.0
1788786770,1032,2026-09-07 13:12:50+00:00,64.0,0.0,0.0,0.0,0.016052909786548497,0.0,100.0,74382.0,301.323,72.0,1.0,1.0
1788786771,1033,2026-09-07 13:12:51+00:00,64.0,0.0,0.0,0.0,0.014976842529198509,0.0,98.0,74382.0,301.765,72.0,1.0,1.0
1788786772,1034,2026-09-07 13:12:52+00:00,59.0,5.0,5.0,0.0,0.012887635924285101,0.0,100.0,74382.0,303.861,72.0,1.0,1.0
1788786773,1035,2026-09-07 13:12:53+00:00,34.0,24.0,24.0,0.0,0.007198952879581166,0.0,100.0,74382.0,305.803,72.0,1.0,1.0
1788786774,1036,2026-09-07 13:12:54+00:00,35.0,7.0,7.0,0.0,0.008658880386629098,0.0,100.0,74382.0,271.349,71.0,1.0,1.0
1788786775,1037,2026-09-07 13:12:55+00:00,64.0,0.0,0.0,0.0,0.016443062827225186,0.0,100.0,74382.0,275.939,72.0,1.0,1.0
1788786776,1038,2026-09-07 13:12:56+00:00,64.0,0.0,0.0,0.0,0.015039770438985078,0.0,97.0,74382.0,282.699,72.0,1.0,1.0
1788786777,1039,2026-09-07 13:12:57+00:00,64.0,0.0,0.0,0.0,0.014095851792186864,0.0,100.0,74382.0,304.271,72.0,1.0,1.0
1788786778,1040,2026-09-07 13:12:58+00:00,44.0,20.0,20.0,0.0,0.009420308095046348,0.0,100.0,74382.0,300.62,71.0,1.0,1.0
1788786779,1041,2026-09-07 13:12:59+00:00,39.0,17.0,17.0,0.0,0.009483236004832918,0.0,100.0,74382.0,297.074,71.0,1.0,1.0
1788786780,1042,2026-09-07 13:13:00+00:00,64.0,0.0,0.0,0.0,0.016669603302456704,0.0,100.0,74382.0,287.116,72.0,1.0,1.0
1788786781,1043,2026-09-07 13:13:01+00:00,64.0,0.0,0.0,0.0,0.01558724325412808,0.0,98.0,74382.0,289.168,72.0,1.0,1.0
1788786782,1044,2026-09-07 13:13:02+00:00,64.0,0.0,0.0,0.0,0.014316099476439748,0.0,100.0,74382.0,299.796,72.0,1.0,1.0
1788786783,1045,2026-09-07 13:13:03+00:00,49.0,15.0,15.0,0.0,0.010408276278695117,0.0,100.0,74382.0,301.789,72.0,1.0,1.0
1788786784,1046,2026-09-07 13:13:04+00:00,26.0,37.0,37.0,0.0,0.005562827225130906,0.0,100.0,74382.0,300.236,72.0,1.0,1.0
1788786785,1047,2026-09-07 13:13:05+00:00,39.0,0.0,0.0,0.0,0.010376812323801832,0.0,100.0,74382.0,296.7,72.0,1.0,1.0
1788786786,1048,2026-09-07 13:13:06+00:00,64.0,0.0,0.0,0.0,0.01585154047523163,0.0,100.0,74382.0,285.102,72.0,1.0,1.0
1788786787,1049,2026-09-07 13:13:07+00:00,64.0,0.0,0.0,0.0,0.01468737414418042,0.0,99.0,74382.0,292.442,72.0,1.0,1.0
1788786788,1050,2026-09-07 13:13:08+00:00,57.0,7.0,7.0,0.0,0.01227723519935564,0.0,100.0,74382.0,305.136,72.0,1.0,1.0
1788786789,1051,2026-09-07 13:13:09+00:00,36.0,28.0,28.0,0.0,0.0076834977849375985,0.0,100.0,74382.0,298.535,71.0,1.0,1.0
1788786790,1052,2026-09-07 13:13:10+00:00,52.0,4.0,4.0,0.0,0.012950563834071671,0.0,100.0,74382.0,250.553,71.0,1.0,1.0
1788786791,1053,2026-09-07 13:13:11+00:00,64.0,0.0,0.0,0.0,0.01629832863471603,0.0,100.0,74382.0,281.52,72.0,1.0,1.0
1788786792,1054,2026-09-07 13:13:12+00:00,64.0,0.0,0.0,0.0,0.015234846959323423,0.0,99.0,74382.0,294.281,72.0,1.0,1.0
1788786793,1055,2026-09-07 13:13:13+00:00,64.0,0.0,0.0,0.0,0.014234293193717273,0.0,100.0,74382.0,288.697,71.0,1.0,1.0
1788786794,1056,2026-09-07 13:13:14+00:00,44.0,20.0,20.0,0.0,0.009590213451470042,0.0,100.0,74382.0,308.087,72.0,1.0,1.0
1788786795,1057,2026-09-07 13:13:15+00:00,19.0,25.0,25.0,0.0,0.004203584373741465,0.0,100.0,74382.0,260.178,71.0,1.0,1.0
1788786796,1058,2026-09-07 13:13:16+00:00,64.0,0.0,0.0,0.0,0.01670106725734999,0.0,100.0,74382.0,292.751,72.0,1.0,1.0
1788786797,1059,2026-09-07 13:13:17+00:00,64.0,0.0,0.0,0.0,0.01561241441804273,0.0,100.0,74382.0,300.253,72.0,1.0,1.0
1788786798,1060,2026-09-07 13:13:18+00:00,64.0,0.0,0.0,0.0,0.014397905759162333,0.0,97.0,74382.0,286.324,73.0,1.0,1.0
1788786799,1061,2026-09-07 13:13:19+00:00,48.0,16.0,16.0,0.0,0.010427154651631132,0.0,100.0,74382.0,303.866,72.0,1.0,1.0
1788786800,1062,2026-09-07 13:13:20+00:00,37.0,19.0,19.0,0.0,0.008413461538461564,0.0,100.0,74382.0,289.281,71.0,1.0,1.0
1788786801,1063,2026-09-07 13:13:21+00:00,26.0,0.0,0.0,0.0,0.006871727748691048,0.0,100.0,74382.0,289.644,72.0,1.0,1.0
1788786802,1064,2026-09-07 13:13:22+00:00,64.0,0.0,0.0,0.0,0.01583895489327425,0.0,100.0,74382.0,285.61,72.0,1.0,1.0
1788786803,1065,2026-09-07 13:13:23+00:00,64.0,0.0,0.0,0.0,0.014561518324607281,0.0,100.0,74382.0,306.794,72.0,1.0,1.0
1788786804,1066,2026-09-07 13:13:24+00:00,56.0,8.0,8.0,0.0,0.012044401933145377,0.0,100.0,74382.0,304.261,71.0,1.0,1.0
1788786805,1067,2026-09-07 13:13:25+00:00,31.0,32.0,32.0,0.0,0.006720700765203369,0.0,100.0,74382.0,306.013,72.0,1.0,1.0
1788786806,1068,2026-09-07 13:13:26+00:00,18.0,4.0,4.0,0.0,0.004386075312122428,0.0,100.0,74382.0,251.066,71.0,1.0,1.0
1788786807,1069,2026-09-07 13:13:27+00:00,64.0,0.0,0.0,0.0,0.016134716069271082,0.0,100.0,74382.0,285.07,72.0,1.0,1.0
1788786808,1070,2026-09-07 13:13:28+00:00,64.0,0.0,0.0,0.0,0.015140455094643568,0.0,99.0,74382.0,298.936,72.0,1.0,1.0
1788786809,1071,2026-09-07 13:13:29+00:00,64.0,0.0,0.0,0.0,0.013875604107933981,0.0,100.0,74382.0,305.209,71.0,1.0,1.0
1788786810,1072,2026-09-07 13:13:30+00:00,42.0,22.0,22.0,0.0,0.00899239830849774,0.0,100.0,74382.0,303.27,71.0,1.0,1.0
1788786811,1073,2026-09-07 13:13:31+00:00,28.0,26.0,26.0,0.0,0.006689236810310084,0.0,100.0,74382.0,254.472,71.0,1.0,1.0
1788786812,1074,2026-09-07 13:13:32+00:00,64.0,0.0,0.0,0.0,0.01663813934756342,0.0,100.0,74382.0,288.413,72.0,1.0,1.0
1788786813,1075,2026-09-07 13:13:33+00:00,64.0,0.0,0.0,0.0,0.015423630688683021,0.0,98.0,74382.0,303.133,72.0,1.0,1.0
1788786814,1076,2026-09-07 13:13:34+00:00,64.0,0.0,0.0,0.0,0.014454540877970157,0.0,100.0,74382.0,353.202,72.0,1.0,1.0
1788786815,1077,2026-09-07 13:13:35+00:00,49.0,15.0,15.0,0.0,0.0106788662907773,0.0,100.0,74382.0,303.849,71.0,1.0,1.0
1788786816,1078,2026-09-07 13:13:36+00:00,23.0,36.0,36.0,0.0,0.00493354812726543,0.0,100.0,74382.0,288.776,71.0,1.0,1.0
1788786817,1079,2026-09-07 13:13:37+00:00,38.0,0.0,0.0,0.0,0.00990485300040278,0.0,100.0,74382.0,292.166,72.0,1.0,1.0
1788786818,1080,2026-09-07 13:13:38+00:00,64.0,0.0,0.0,0.0,0.015757148610551774,0.0,100.0,74382.0,282.017,72.0,1.0,1.0
1788786819,1081,2026-09-07 13:13:39+00:00,64.0,0.0,0.0,0.0,0.014643324607329866,0.0,98.0,74382.0,297.097,72.0,1.0,1.0
1788786820,1082,2026-09-07 13:13:40+00:00,57.0,7.0,7.0,0.0,0.01227723519935564,0.0,100.0,74382.0,305.115,71.0,1.0,1.0
1788786821,1083,2026-09-07 13:13:41+00:00,35.0,29.0,29.0,0.0,0.007438078936770065,0.0,100.0,74382.0,302.174,71.0,1.0,1.0
1788786822,1084,2026-09-07 13:13:42+00:00,26.0,3.0,3.0,0.0,0.006588552154651595,0.0,100.0,74382.0,303.191,71.0,1.0,1.0
1788786823,1085,2026-09-07 13:13:43+00:00,64.0,0.0,0.0,0.0,0.016329792589609315,0.0,100.0,74382.0,288.409,72.0,1.0,1.0
1788786824,1086,2026-09-07 13:13:44+00:00,64.0,0.0,0.0,0.0,0.015134162303664933,0.0,97.0,74382.0,303.941,72.0,1.0,1.0
1788786825,1087,2026-09-07 13:13:45+00:00,63.0,1.0,1.0,0.0,0.013667942005638367,0.0,100.0,74382.0,339.834,72.0,1.0,1.0
1788786826,1088,2026-09-07 13:13:46+00:00,41.0,23.0,23.0,0.0,0.008822492952074157,0.0,100.0,74382.0,302.863,71.0,1.0,1.0
1788786827,1089,2026-09-07 13:13:47+00:00,21.0,13.0,13.0,0.0,0.004631494160289962,0.0,100.0,74382.0,300.735,71.0,1.0,1.0
1788786828,1090,2026-09-07 13:13:48+00:00,64.0,0.0,0.0,0.0,0.01656262585581958,0.0,100.0,74382.0,294.227,72.0,1.0,1.0
1788786829,1091,2026-09-07 13:13:49+00:00,64.0,0.0,0.0,0.0,0.015354409987917816,0.0,99.0,74382.0,274.111,72.0,1.0,1.0
1788786830,1092,2026-09-07 13:13:50+00:00,64.0,0.0,0.0,0.0,0.014404198550140968,0.0,100.0,74382.0,295.794,72.0,1.0,1.0
1788786831,1093,2026-09-07 13:13:51+00:00,43.0,21.0,21.0,0.0,0.009382551349174428,0.0,100.0,74382.0,304.938,71.0,1.0,1.0
1788786832,1094,2026-09-07 13:13:52+00:00,33.0,24.0,24.0,0.0,0.007664619412001583,0.0,100.0,74382.0,305.343,71.0,1.0,1.0
1788786833,1095,2026-09-07 13:13:53+00:00,58.0,0.0,0.0,0.0,0.015234846959323423,0.0,100.0,74382.0,302.099,71.0,1.0,1.0
1788786834,1096,2026-09-07 13:13:54+00:00,64.0,0.0,0.0,0.0,0.01552431534434151,0.0,97.0,74382.0,280.809,72.0,1.0,1.0
1788786835,1097,2026-09-07 13:13:55+00:00,64.0,0.0,0.0,0.0,0.014360149013290413,0.0,100.0,74382.0,287.2,72.0,1.0,1.0
1788786836,1098,2026-09-07 13:13:56+00:00,52.0,12.0,12.0,0.0,0.011251510269834841,0.0,100.0,74382.0,303.87,71.0,1.0,1.0
1788786837,1099,2026-09-07 13:13:57+00:00,34.0,23.0,23.0,0.0,0.007746425694724168,0.0,100.0,74382.0,304.846,71.0,1.0,1.0
1788786838,1100,2026-09-07 13:13:58+00:00,35.0,0.0,0.0,0.0,0.00914342529198553,0.0,100.0,74382.0,275.478,71.0,1.0,1.0
1788786839,1101,2026-09-07 13:13:59+00:00,64.0,0.0,0.0,0.0,0.015939639548932738,0.0,100.0,74382.0,288.354,72.0,1.0,1.0
1788786840,1102,2026-09-07 13:14:00+00:00,64.0,0.0,0.0,0.0,0.014895036246476034,0.0,97.0,74382.0,295.161,72.0,1.0,1.0
1788786841,1103,2026-09-07 13:14:01+00:00,61.0,3.0,3.0,0.0,0.013485451067257404,0.0,100.0,74382.0,312.952,72.0,1.0,1.0
1788786842,1104,2026-09-07 13:14:02+00:00,40.0,24.0,24.0,0.0,0.008558195730970608,0.0,100.0,74382.0,301.782,71.0,1.0,1.0
1788786843,1105,2026-09-07 13:14:03+00:00,36.0,10.0,10.0,0.0,0.008640002013693082,0.0,100.0,74382.0,303.534,71.0,1.0,1.0
1788786844,1106,2026-09-07 13:14:04+00:00,64.0,0.0,0.0,0.0,0.01648711236407574,0.0,100.0,74382.0,289.137,72.0,1.0,1.0
1788786845,1107,2026-09-07 13:14:05+00:00,64.0,0.0,0.0,0.0,0.015442509061619036,0.0,100.0,74382.0,289.958,72.0,1.0,1.0
1788786846,1108,2026-09-07 13:14:06+00:00,64.0,0.0,0.0,0.0,0.01401404550946439,0.0,98.0,74382.0,380.192,72.0,1.0,1.0
1788786847,1109,2026-09-07 13:14:07+00:00,43.0,21.0,21.0,0.0,0.009225231574708004,0.0,99.0,74382.0,315.28,71.0,1.0,1.0
1788786848,1110,2026-09-07 13:14:08+00:00,17.0,8.0,8.0,0.0,0.0035805980668546233,0.0,100.0,74382.0,299.105,71.0,1.0,1.0
1788786849,1111,2026-09-07 13:14:09+00:00,64.0,0.0,0.0,0.0,0.016745116794200543,0.0,100.0,74382.0,295.988,72.0,1.0,1.0
1788786850,1112,2026-09-07 13:14:10+00:00,64.0,0.0,0.0,0.0,0.01552431534434151,0.0,100.0,74382.0,282.169,72.0,1.0,1.0
1788786851,1113,2026-09-07 13:14:11+00:00,64.0,0.0,0.0,0.0,0.014146194120016164,0.0,98.0,74382.0,278.448,72.0,1.0,1.0
1788786852,1114,2026-09-07 13:14:12+00:00,49.0,15.0,15.0,0.0,0.010452325815545671,0.0,100.0,74382.0,303.158,71.0,1.0,1.0
1788786853,1115,2026-09-07 13:14:13+00:00,20.0,17.0,17.0,0.0,0.004304269029399954,0.0,100.0,74382.0,301.292,71.0,1.0,1.0
1788786854,1116,2026-09-07 13:14:14+00:00,64.0,0.0,0.0,0.0,0.016839508658880398,0.0,100.0,74382.0,250.146,71.0,1.0,1.0
1788786855,1117,2026-09-07 13:14:15+00:00,64.0,0.0,0.0,0.0,0.015492851389448226,0.0,92.0,74382.0,302.69,72.0,1.0,1.0
1788786856,1118,2026-09-07 13:14:16+00:00,64.0,0.0,0.0,0.0,0.014309806685461113,0.0,98.0,74382.0,299.027,72.0,1.0,1.0
1788786857,1119,2026-09-07 13:14:17+00:00,46.0,18.0,18.0,0.0,0.009835632299637576,0.0,99.0,74382.0,302.754,71.0,1.0,1.0
1788786858,1120,2026-09-07 13:14:18+00:00,16.0,25.0,25.0,0.0,0.00329742247281517,0.0,100.0,74382.0,299.815,71.0,1.0,1.0
1788786859,1121,2026-09-07 13:14:19+00:00,64.0,0.0,0.0,0.0,0.016644432138542054,0.0,100.0,74382.0,296.894,72.0,1.0,1.0
1788786860,1122,2026-09-07 13:14:20+00:00,64.0,0.0,0.0,0.0,0.015373288360853832,0.0,93.0,74382.0,276.933,72.0,1.0,1.0
1788786861,1123,2026-09-07 13:14:21+00:00,64.0,0.0,0.0,0.0,0.014215414820781258,0.0,100.0,74382.0,306.633,72.0,1.0,1.0
1788786862,1124,2026-09-07 13:14:22+00:00,45.0,19.0,19.0,0.0,0.009665726943213881,0.0,98.0,74382.0,303.066,71.0,1.0,1.0
1788786863,1125,2026-09-07 13:14:23+00:00,20.0,34.0,34.0,0.0,0.004285390656463939,0.0,100.0,74382.0,303.1,71.0,1.0,1.0
1788786864,1126,2026-09-07 13:14:24+00:00,64.0,0.0,0.0,0.0,0.016820630285944382,0.0,100.0,74382.0,286.722,71.0,1.0,1.0
1788786865,1127,2026-09-07 13:14:25+00:00,64.0,0.0,0.0,0.0,0.015518022553362876,0.0,100.0,74382.0,272.126,72.0,1.0,1.0
1788786866,1128,2026-09-07 13:14:26+00:00,64.0,0.0,0.0,0.0,0.014574103906564662,0.0,100.0,74382.0,302.974,72.0,1.0,1.0
1788786867,1129,2026-09-07 13:14:27+00:00,44.0,20.0,20.0,0.0,0.009634262988320597,0.0,100.0,74382.0,303.271,71.0,1.0,1.0
1788786868,1130,2026-09-07 13:14:28+00:00,21.0,10.0,10.0,0.0,0.004757349979863101,0.0,99.0,74382.0,294.196,71.0,1.0,1.0
1788786869,1131,2026-09-07 13:14:29+00:00,64.0,0.0,0.0,0.0,0.016789166331051097,0.0,100.0,74382.0,258.47,71.0,1.0,1.0
1788786870,1132,2026-09-07 13:14:30+00:00,64.0,0.0,0.0,0.0,0.015385873942811101,0.0,98.0,74382.0,300.25,72.0,1.0,1.0
1788786871,1133,2026-09-07 13:14:31+00:00,64.0,0.0,0.0,0.0,0.014146194120016164,0.0,99.0,74382.0,358.971,72.0,1.0,1.0
1788786872,1134,2026-09-07 13:14:32+00:00,43.0,21.0,21.0,0.0,0.009187474828836084,0.0,98.0,74382.0,303.064,71.0,1.0,1.0
1788786873,1135,2026-09-07 13:14:33+00:00,31.0,24.0,24.0,0.0,0.0073373942811115755,0.0,100.0,74382.0,316.972,71.0,1.0,1.0
1788786874,1136,2026-09-07 13:14:34+00:00,64.0,0.0,0.0,0.0,0.016852094240837667,0.0,100.0,74382.0,295.795,72.0,1.0,1.0
1788786875,1137,2026-09-07 13:14:35+00:00,64.0,0.0,0.0,0.0,0.015304067660088627,0.0,100.0,74382.0,294.399,72.0,1.0,1.0
1788786876,1138,2026-09-07 13:14:36+00:00,64.0,0.0,0.0,0.0,0.014121022956101514,0.0,94.0,74382.0,313.305,72.0,1.0,1.0
1788786877,1139,2026-09-07 13:14:37+00:00,43.0,21.0,21.0,0.0,0.009174889246878815,0.0,99.0,74382.0,303.276,71.0,1.0,1.0
1788786878,1140,2026-09-07 13:14:38+00:00,24.0,30.0,30.0,0.0,0.005178966975432964,0.0,100.0,74382.0,286.137,71.0,1.0,1.0
1788786879,1141,2026-09-07 13:14:39+00:00,64.0,0.0,0.0,0.0,0.016782873540072463,0.0,100.0,74382.0,251.794,71.0,1.0,1.0
1788786880,1142,2026-09-07 13:14:40+00:00,64.0,0.0,0.0,0.0,0.015392166733789736,0.0,97.0,74382.0,278.7,72.0,1.0,1.0
1788786881,1143,2026-09-07 13:14:41+00:00,64.0,0.0,0.0,0.0,0.014209122029802623,0.0,98.0,74382.0,287.897,72.0,1.0,1.0
1788786882,1144,2026-09-07 13:14:42+00:00,47.0,17.0,17.0,0.0,0.01001812323801854,0.0,100.0,74382.0,304.244,71.0,1.0,1.0
1788786883,1145,2026-09-07 13:14:43+00:00,15.0,9.0,9.0,0.0,0.003096053161498191,0.0,100.0,74382.0,293.733,71.0,1.0,1.0
1788786884,1146,2026-09-07 13:14:44+00:00,64.0,0.0,0.0,0.0,0.01647452678211836,0.0,100.0,74382.0,296.373,71.0,1.0,1.0
1788786885,1147,2026-09-07 13:14:45+00:00,64.0,0.0,0.0,0.0,0.015373288360853832,0.0,92.0,74382.0,290.655,72.0,1.0,1.0
1788786886,1148,2026-09-07 13:14:46+00:00,64.0,0.0,0.0,0.0,0.014171365283930704,0.0,99.0,74382.0,335.575,72.0,1.0,1.0
1788786887,1149,2026-09-07 13:14:47+00:00,39.0,25.0,25.0,0.0,0.008419754329440199,0.0,97.0,74382.0,303.788,71.0,1.0,1.0
1788786888,1150,2026-09-07 13:14:48+00:00,16.0,5.0,5.0,0.0,0.003530255739025323,0.0,100.0,74382.0,299.425,71.0,1.0,1.0
1788786889,1151,2026-09-07 13:14:49+00:00,64.0,0.0,0.0,0.0,0.01639901329037452,0.0,100.0,74382.0,295.564,72.0,1.0,1.0
1788786890,1152,2026-09-07 13:14:50+00:00,64.0,0.0,0.0,0.0,0.015064941602899729,0.0,94.0,74382.0,287.685,72.0,1.0,1.0
1788786891,1153,2026-09-07 13:14:51+00:00,64.0,0.0,0.0,0.0,0.014756594844945625,0.0,99.0,74382.0,269.971,72.0,1.0,1.0
1788786892,1154,2026-09-07 13:14:52+00:00,40.0,24.0,24.0,0.0,0.008570781312927878,0.0,99.0,74382.0,307.604,72.0,1.0,1.0
1788786893,1155,2026-09-07 13:14:53+00:00,22.0,8.0,8.0,0.0,0.0050405255739025545,0.0,90.0,74382.0,306.997,71.0,1.0,1.0
1788786894,1156,2026-09-07 13:14:54+00:00,64.0,0.0,0.0,0.0,0.01618505839710027,0.0,100.0,74382.0,278.785,72.0,1.0,1.0
1788786895,1157,2026-09-07 13:14:55+00:00,64.0,0.0,0.0,0.0,0.015228554168344788,0.0,98.0,74382.0,287.674,72.0,1.0,1.0
1788786896,1158,2026-09-07 13:14:56+00:00,63.0,1.0,1.0,0.0,0.013529500604107958,0.0,100.0,74382.0,364.469,72.0,1.0,1.0
1788786897,1159,2026-09-07 13:14:57+00:00,40.0,24.0,24.0,0.0,0.008765857833266222,0.0,100.0,74382.0,302.089,71.0,1.0,1.0
1788786898,1160,2026-09-07 13:14:58+00:00,26.0,9.0,9.0,0.0,0.006078836085380623,0.0,100.0,74382.0,299.924,71.0,1.0,1.0
1788786899,1161,2026-09-07 13:14:59+00:00,64.0,0.0,0.0,0.0,0.01649969794603301,0.0,100.0,74382.0,288.679,72.0,1.0,1.0
1788786900,1162,2026-09-07 13:15:00+00:00,64.0,0.0,0.0,0.0,0.015580950463149446,0.0,100.0,74382.0,282.382,72.0,1.0,1.0
1788786901,1163,2026-09-07 13:15:01+00:00,64.0,0.0,0.0,0.0,0.014309806685461113,0.0,98.0,74382.0,297.613,72.0,1.0,1.0
1788786902,1164,2026-09-07 13:15:02+00:00,50.0,14.0,14.0,0.0,0.010980920257752769,0.0,100.0,74382.0,303.769,71.0,1.0,1.0
1788786903,1165,2026-09-07 13:15:03+00:00,30.0,27.0,27.0,0.0,0.006613723318566245,0.0,100.0,74382.0,300.824,71.0,1.0,1.0
1788786904,1166,2026-09-07 13:15:04+00:00,24.0,0.0,0.0,0.0,0.006374597261377346,0.0,100.0,74382.0,278.597,71.0,1.0,1.0
1788786905,1167,2026-09-07 13:15:05+00:00,64.0,0.0,0.0,0.0,0.015694220700765205,0.0,93.0,74382.0,285.585,72.0,1.0,1.0
1788786906,1168,2026-09-07 13:15:06+00:00,64.0,0.0,0.0,0.0,0.014504883205799457,0.0,99.0,74804.0,345.5,72.0,1.0,1.0
1788786907,1169,2026-09-07 13:15:07+00:00,55.0,9.0,9.0,0.0,0.011798983084977843,0.0,99.0,74804.0,302.873,72.0,1.0,1.0
1788786908,1170,2026-09-07 13:15:08+00:00,30.0,34.0,34.0,0.0,0.006393475634313361,0.0,100.0,74382.0,302.466,71.0,1.0,1.0
1788786909,1171,2026-09-07 13:15:09+00:00,24.0,0.0,0.0,0.0,0.0062172774869110325,0.0,100.0,74382.0,276.738,71.0,1.0,1.0
1788786910,1172,2026-09-07 13:15:10+00:00,64.0,0.0,0.0,0.0,0.016191351188078906,0.0,100.0,74382.0,288.073,72.0,1.0,1.0
1788786911,1173,2026-09-07 13:15:11+00:00,64.0,0.0,0.0,0.0,0.014794351590817545,0.0,98.0,74382.0,308.111,73.0,1.0,1.0
1788786912,1174,2026-09-07 13:15:12+00:00,62.0,2.0,2.0,0.0,0.013271496173983044,0.0,99.0,74382.0,358.702,73.0,1.0,1.0
1788786913,1175,2026-09-07 13:15:13+00:00,39.0,25.0,25.0,0.0,0.008224677809101855,0.0,100.0,74382.0,304.054,71.0,1.0,1.0
1788786914,1176,2026-09-07 13:15:14+00:00,13.0,4.0,4.0,0.0,0.0026618505839709483,0.0,100.0,74382.0,306.522,71.0,1.0,1.0
1788786915,1177,2026-09-07 13:15:15+00:00,64.0,0.0,0.0,0.0,0.016354963753523966,0.0,100.0,74382.0,303.785,72.0,1.0,1.0
1788786916,1178,2026-09-07 13:15:16+00:00,64.0,0.0,0.0,0.0,0.015228554168344788,0.0,96.0,74382.0,281.224,72.0,1.0,1.0
1788786917,1179,2026-09-07 13:15:17+00:00,64.0,0.0,0.0,0.0,0.013894482480869885,0.0,100.0,74382.0,295.189,72.0,1.0,1.0
1788786918,1180,2026-09-07 13:15:18+00:00,42.0,22.0,22.0,0.0,0.009200060410793354,0.0,100.0,74382.0,303.163,71.0,1.0,1.0
1788786919,1181,2026-09-07 13:15:19+00:00,24.0,32.0,32.0,0.0,0.005160088602496948,0.0,100.0,74382.0,302.899,71.0,1.0,1.0
1788786920,1182,2026-09-07 13:15:20+00:00,64.0,0.0,0.0,0.0,0.016619260974627514,0.0,100.0,74382.0,297.588,71.0,1.0,1.0
1788786921,1183,2026-09-07 13:15:21+00:00,64.0,0.0,0.0,0.0,0.015625,0.0,100.0,74382.0,287.421,72.0,1.0,1.0
1788786922,1184,2026-09-07 13:15:22+00:00,64.0,0.0,0.0,0.0,0.01411473016512288,0.0,91.0,74382.0,313.099,72.0,1.0,1.0
1788786923,1185,2026-09-07 13:15:23+00:00,54.0,2.0,2.0,0.0,0.011798983084977843,0.0,100.0,74382.0,303.841,71.0,1.0,1.0
1788786924,1186,2026-09-07 13:15:24+00:00,24.0,40.0,40.0,0.0,0.005090867901731744,0.0,100.0,74382.0,302.508,71.0,1.0,1.0
1788786925,1187,2026-09-07 13:15:25+00:00,37.0,0.0,0.0,0.0,0.00975382601691499,0.0,100.0,74382.0,250.602,71.0,1.0,1.0
1788786926,1188,2026-09-07 13:15:26+00:00,64.0,0.0,0.0,0.0,0.01590188280306082,0.0,100.0,74382.0,286.208,72.0,1.0,1.0
1788786927,1189,2026-09-07 13:15:27+00:00,64.0,0.0,0.0,0.0,0.014794351590817545,0.0,98.0,74382.0,300.246,72.0,1.0,1.0
1788786928,1190,2026-09-07 13:15:28+00:00,52.0,12.0,12.0,0.0,0.011245217478856206,0.0,100.0,74382.0,296.267,72.0,1.0,1.0
1788786929,1191,2026-09-07 13:15:29+00:00,35.0,21.0,21.0,0.0,0.007633155457108298,0.0,100.0,74382.0,302.382,71.0,1.0,1.0
1788786930,1192,2026-09-07 13:15:30+00:00,27.0,2.0,2.0,0.0,0.006783628674989939,0.0,100.0,74382.0,292.544,71.0,1.0,1.0
1788786931,1193,2026-09-07 13:15:31+00:00,64.0,0.0,0.0,0.0,0.01615988723318562,0.0,100.0,74382.0,296.606,72.0,1.0,1.0
1788786932,1194,2026-09-07 13:15:32+00:00,64.0,0.0,0.0,0.0,0.01491391461941205,0.0,98.0,74382.0,300.641,72.0,1.0,1.0
1788786933,1195,2026-09-07 13:15:33+00:00,63.0,1.0,1.0,0.0,0.013730869915424937,0.0,100.0,74382.0,314.625,72.0,1.0,1.0
1788786934,1196,2026-09-07 13:15:34+00:00,36.0,28.0,28.0,0.0,0.007752718485702803,0.0,100.0,74382.0,301.375,71.0,1.0,1.0
1788786935,1197,2026-09-07 13:15:35+00:00,29.0,14.0,14.0,0.0,0.0067647503020539235,0.0,100.0,74382.0,302.985,71.0,1.0,1.0
1788786936,1198,2026-09-07 13:15:36+00:00,64.0,0.0,0.0,0.0,0.01648711236407574,0.0,100.0,74382.0,302.487,72.0,1.0,1.0
1788786937,1199,2026-09-07 13:15:37+00:00,64.0,0.0,0.0,0.0,0.015304067660088627,0.0,99.0,74382.0,281.998,72.0,1.0,1.0
1788786938,1200,2026-09-07 13:15:38+00:00,64.0,0.0,0.0,0.0,0.014139901329037419,0.0,100.0,74382.0,297.726,72.0,1.0,1.0
1788786939,1201,2026-09-07 13:15:39+00:00,46.0,18.0,18.0,0.0,0.009810461135722925,0.0,100.0,74382.0,305.229,71.0,1.0,1.0
1788786940,1202,2026-09-07 13:15:40+00:00,23.0,36.0,36.0,0.0,0.0047825211437776405,0.0,100.0,74382.0,302.465,71.0,1.0,1.0
1788786941,1203,2026-09-07 13:15:41+00:00,63.0,0.0,0.0,0.0,0.016493405155054375,0.0,100.0,74382.0,261.198,71.0,1.0,1.0
1788786942,1204,2026-09-07 13:15:42+00:00,64.0,0.0,0.0,0.0,0.015757148610551774,0.0,100.0,74382.0,294.124,72.0,1.0,1.0
1788786943,1205,2026-09-07 13:15:43+00:00,64.0,0.0,0.0,0.0,0.014467126459927537,0.0,97.0,74382.0,294.632,72.0,1.0,1.0
1788786944,1206,2026-09-07 13:15:44+00:00,52.0,12.0,12.0,0.0,0.011289267015706761,0.0,100.0,74382.0,304.218,71.0,1.0,1.0
1788786945,1207,2026-09-07 13:15:45+00:00,32.0,25.0,25.0,0.0,0.007003876359242822,0.0,100.0,74382.0,301.895,71.0,1.0,1.0
1788786946,1208,2026-09-07 13:15:46+00:00,32.0,0.0,0.0,0.0,0.00825614176399514,0.0,100.0,74382.0,269.98,71.0,1.0,1.0
1788786947,1209,2026-09-07 13:15:47+00:00,64.0,0.0,0.0,0.0,0.016109544905356432,0.0,100.0,74382.0,291.77,72.0,1.0,1.0
1788786948,1210,2026-09-07 13:15:48+00:00,64.0,0.0,0.0,0.0,0.014806937172774814,0.0,99.0,74382.0,302.463,72.0,1.0,1.0
1788786949,1211,2026-09-07 13:15:49+00:00,63.0,1.0,1.0,0.0,0.013667942005638367,0.0,100.0,74382.0,339.091,72.0,1.0,1.0
1788786950,1212,2026-09-07 13:15:50+00:00,41.0,23.0,23.0,0.0,0.008778443415223491,0.0,100.0,74382.0,301.603,71.0,1.0,1.0
1788786951,1213,2026-09-07 13:15:51+00:00,43.0,14.0,14.0,0.0,0.010628523962948,0.0,100.0,74382.0,301.578,71.0,1.0,1.0
1788786952,1214,2026-09-07 13:15:52+00:00,64.0,0.0,0.0,0.0,0.01648711236407574,0.0,100.0,74382.0,302.048,72.0,1.0,1.0
1788786953,1215,2026-09-07 13:15:53+00:00,64.0,0.0,0.0,0.0,0.015467680225533575,0.0,100.0,74382.0,275.237,72.0,1.0,1.0
1788786954,1216,2026-09-07 13:15:54+00:00,64.0,0.0,0.0,0.0,0.014177658074909338,0.0,97.0,74382.0,289.588,72.0,1.0,1.0
1788786955,1217,2026-09-07 13:15:55+00:00,50.0,14.0,14.0,0.0,0.010584474426097445,0.0,100.0,74382.0,303.745,71.0,1.0,1.0
1788786956,1218,2026-09-07 13:15:56+00:00,32.0,25.0,25.0,0.0,0.007173781715666516,0.0,100.0,74382.0,304.33,71.0,1.0,1.0
1788786957,1219,2026-09-07 13:15:57+00:00,30.0,0.0,0.0,0.0,0.007840817559403912,0.0,100.0,74382.0,249.503,71.0,1.0,1.0
1788786958,1220,2026-09-07 13:15:58+00:00,64.0,0.0,0.0,0.0,0.01563758558195727,0.0,100.0,74382.0,284.698,72.0,1.0,1.0
1788786959,1221,2026-09-07 13:15:59+00:00,64.0,0.0,0.0,0.0,0.0148384011276681,0.0,98.0,74382.0,295.49,72.0,1.0,1.0
1788786960,1222,2026-09-07 13:16:00+00:00,62.0,2.0,2.0,0.0,0.013246325010068505,0.0,100.0,74382.0,278.044,72.0,1.0,1.0
1788786961,1223,2026-09-07 13:16:01+00:00,37.0,24.0,24.0,0.0,0.007935209424083767,0.0,100.0,74382.0,299.941,71.0,1.0,1.0
1788786962,1224,2026-09-07 13:16:02+00:00,40.0,16.0,16.0,0.0,0.009621677406363216,0.0,100.0,74382.0,300.126,71.0,1.0,1.0
1788786963,1225,2026-09-07 13:16:03+00:00,64.0,0.0,0.0,0.0,0.01661296818364877,0.0,100.0,74382.0,297.477,72.0,1.0,1.0
1788786964,1226,2026-09-07 13:16:04+00:00,64.0,0.0,0.0,0.0,0.015310360451067262,0.0,98.0,74382.0,281.675,72.0,1.0,1.0
1788786965,1227,2026-09-07 13:16:05+00:00,64.0,0.0,0.0,0.0,0.014209122029802623,0.0,100.0,74382.0,293.532,72.0,1.0,1.0
1788786966,1228,2026-09-07 13:16:06+00:00,46.0,18.0,18.0,0.0,0.009772704389851006,0.0,100.0,74382.0,302.787,71.0,1.0,1.0
1788786967,1229,2026-09-07 13:16:07+00:00,37.0,20.0,20.0,0.0,0.008671465968586367,0.0,100.0,74382.0,300.786,71.0,1.0,1.0
1788786968,1230,2026-09-07 13:16:08+00:00,40.0,0.0,0.0,0.0,0.010515253725332241,0.0,100.0,74382.0,291.936,71.0,1.0,1.0
1788786969,1231,2026-09-07 13:16:09+00:00,64.0,0.0,0.0,0.0,0.01583895489327425,0.0,100.0,74382.0,295.697,72.0,1.0,1.0
1788786970,1232,2026-09-07 13:16:10+00:00,64.0,0.0,0.0,0.0,0.014731423681030975,0.0,99.0,74382.0,300.6,72.0,1.0,1.0
1788786971,1233,2026-09-07 13:16:11+00:00,54.0,10.0,10.0,0.0,0.011817861457913859,0.0,99.0,74382.0,302.774,72.0,1.0,1.0
1788786972,1234,2026-09-07 13:16:12+00:00,33.0,24.0,24.0,0.0,0.006940948449456252,0.0,100.0,74382.0,301.7,71.0,1.0,1.0
1788786973,1235,2026-09-07 13:16:13+00:00,20.0,0.0,0.0,0.0,0.0052418948852195335,0.0,100.0,74382.0,286.058,71.0,1.0,1.0
1788786974,1236,2026-09-07 13:16:14+00:00,64.0,0.0,0.0,0.0,0.016040324204591228,0.0,100.0,74382.0,288.433,72.0,1.0,1.0
1788786975,1237,2026-09-07 13:16:15+00:00,64.0,0.0,0.0,0.0,0.01485098670962548,0.0,99.0,74382.0,297.942,72.0,1.0,1.0
1788786976,1238,2026-09-07 13:16:16+00:00,60.0,4.0,4.0,0.0,0.012893928715263847,0.0,100.0,74382.0,308.927,72.0,1.0,1.0
1788786977,1239,2026-09-07 13:16:17+00:00,38.0,26.0,26.0,0.0,0.00820579943616595,0.0,100.0,74382.0,302.583,71.0,1.0,1.0
1788786978,1240,2026-09-07 13:16:18+00:00,20.0,10.0,10.0,0.0,0.004474174385823648,0.0,100.0,74382.0,303.572,71.0,1.0,1.0
1788786979,1241,2026-09-07 13:16:19+00:00,64.0,0.0,0.0,0.0,0.01665072492952069,0.0,100.0,74382.0,303.202,71.0,1.0,1.0
1788786980,1242,2026-09-07 13:16:20+00:00,64.0,0.0,0.0,0.0,0.015366995569875197,0.0,98.0,74382.0,282.179,72.0,1.0,1.0
1788786981,1243,2026-09-07 13:16:21+00:00,64.0,0.0,0.0,0.0,0.01407697341925096,0.0,100.0,74382.0,301.674,72.0,1.0,1.0
1788786982,1244,2026-09-07 13:16:22+00:00,46.0,18.0,18.0,0.0,0.009923731373338684,0.0,100.0,74382.0,303.964,71.0,1.0,1.0
1788786983,1245,2026-09-07 13:16:23+00:00,38.0,18.0,18.0,0.0,0.008835078534031426,0.0,100.0,74382.0,298.92,71.0,1.0,1.0
1788786984,1246,2026-09-07 13:16:24+00:00,42.0,0.0,0.0,0.0,0.011069019331453878,0.0,100.0,74382.0,244.036,71.0,1.0,1.0
1788786985,1247,2026-09-07 13:16:25+00:00,64.0,0.0,0.0,0.0,0.015782319774466425,0.0,100.0,74382.0,286.259,72.0,1.0,1.0
1788786986,1248,2026-09-07 13:16:26+00:00,64.0,0.0,0.0,0.0,0.014536347160692742,0.0,98.0,74382.0,304.449,72.0,1.0,1.0
1788786987,1249,2026-09-07 13:16:27+00:00,60.0,4.0,4.0,0.0,0.013070126862666176,0.0,100.0,74382.0,328.15,72.0,1.0,1.0
1788786988,1250,2026-09-07 13:16:28+00:00,39.0,17.0,17.0,0.0,0.00840716874748293,0.0,100.0,74382.0,303.58,71.0,1.0,1.0
1788786989,1251,2026-09-07 13:16:29+00:00,25.0,18.0,18.0,0.0,0.005915223519935564,0.0,100.0,74382.0,301.676,71.0,1.0,1.0
1788786990,1252,2026-09-07 13:16:30+00:00,0.0,0.0,0.0,0.0,0.0,0.0,100.0,74382.0,301.081,71.0,1.0,1.0
1788786991,1253,2026-09-07 13:16:31+00:00,0.0,0.0,0.0,0.0,0.0,0.0,0.0,74382.0,126.863,67.0,1.0,1.0
1788786992,1254,2026-09-07 13:16:32+00:00,0.0,0.0,0.0,0.0,0.0,0.0,0.0,74382.0,126.136,67.0,1.0,1.0
1788786993,1255,2026-09-07 13:16:33+00:00,0.0,0.0,0.0,0.0,0.0,0.0,0.0,74382.0,125.158,66.0,1.0,1.0
1788786994,1256,2026-09-07 13:16:34+00:00,0.0,0.0,0.0,0.0,0.0,0.0,0.0,74382.0,124.79,66.0,1.0,1.0
1788786995,1257,2026-09-07 13:16:35+00:00,0.0,0.0,0.0,0.0,0.0,0.0,0.0,74382.0,124.555,66.0,1.0,1.0
1788786996,1258,2026-09-07 13:16:36+00:00,0.0,0.0,0.0,0.0,0.0,0.0,0.0,74382.0,124.132,65.0,1.0,1.0
1788786997,1259,2026-09-07 13:16:37+00:00,0.0,0.0,0.0,0.0,0.0,0.0,0.0,74382.0,123.803,65.0,1.0,1.0
1788786998,1260,2026-09-07 13:16:38+00:00,0.0,0.0,0.0,0.0,0.0,0.0,0.0,74382.0,123.569,65.0,1.0,1.0
1788786999,1261,2026-09-07 13:16:39+00:00,0.0,0.0,0.0,0.0,0.0,0.0,0.0,74382.0,122.994,64.0,1.0,1.0
1788787000,1262,2026-09-07 13:16:40+00:00,0.0,0.0,0.0,0.0,0.0,0.0,0.0,74382.0,122.735,64.0,1.0,1.0
1788787001,1263,2026-09-07 13:16:41+00:00,0.0,0.0,0.0,0.0,0.0,0.0,0.0,74382.0,122.218,64.0,1.0,1.0
1788787002,1264,2026-09-07 13:16:42+00:00,0.0,0.0,0.0,0.0,0.0,0.0,0.0,74382.0,122.006,64.0,1.0,1.0
1788787003,1265,2026-09-07 13:16:43+00:00,0.0,0.0,0.0,0.0,0.0,0.0,0.0,74382.0,121.74,63.0,1.0,1.0
1788787004,1266,2026-09-07 13:16:44+00:00,0.0,0.0,0.0,0.0,0.0,0.0,0.0,74382.0,120.04,63.0,1.0,1.0
1788787005,1267,2026-09-07 13:16:45+00:00,0.0,0.0,0.0,0.0,0.0,0.0,0.0,74382.0,119.684,63.0,1.0,1.0
1788787006,1268,2026-09-07 13:16:46+00:00,0.0,0.0,0.0,0.0,0.0,0.0,0.0,74382.0,120.057,63.0,1.0,1.0
1788787007,1269,2026-09-07 13:16:47+00:00,0.0,0.0,0.0,0.0,0.0,0.0,0.0,74382.0,119.09,62.0,1.0,1.0
1788787008,1270,2026-09-07 13:16:48+00:00,0.0,0.0,0.0,0.0,0.0,0.0,0.0,74382.0,119.024,62.0,1.0,1.0
1788787009,1271,2026-09-07 13:16:49+00:00,0.0,0.0,0.0,0.0,0.0,0.0,0.0,74382.0,118.661,62.0,1.0,1.0
1788787010,1272,2026-09-07 13:16:50+00:00,0.0,0.0,0.0,0.0,0.0,0.0,0.0,74382.0,118.521,62.0,1.0,1.0
1788787011,1273,2026-09-07 13:16:51+00:00,0.0,0.0,0.0,0.0,0.0,0.0,0.0,74382.0,118.522,61.0,1.0,1.0
1788787012,1274,2026-09-07 13:16:52+00:00,0.0,0.0,0.0,0.0,0.0,0.0,0.0,74382.0,117.711,61.0,1.0,1.0
1788787013,1275,2026-09-07 13:16:53+00:00,0.0,0.0,0.0,0.0,0.0,0.0,0.0,74382.0,117.87,61.0,1.0,1.0
1788787014,1276,2026-09-07 13:16:54+00:00,0.0,0.0,0.0,0.0,0.0,0.0,0.0,74382.0,117.809,61.0,1.0,1.0
1788787015,1277,2026-09-07 13:16:55+00:00,0.0,0.0,0.0,0.0,0.0,0.0,0.0,74382.0,117.328,61.0,1.0,1.0
1788787016,1278,2026-09-07 13:16:56+00:00,0.0,0.0,0.0,0.0,0.0,0.0,0.0,74382.0,117.3,61.0,1.0,1.0
1788787017,1279,2026-09-07 13:16:57+00:00,0.0,0.0,0.0,0.0,0.0,0.0,0.0,74382.0,117.121,60.0,1.0,1.0
1788787018,1280,2026-09-07 13:16:58+00:00,0.0,0.0,0.0,0.0,0.0,0.0,0.0,74382.0,116.909,60.0,1.0,1.0
1788787019,1281,2026-09-07 13:16:59+00:00,0.0,0.0,0.0,0.0,0.0,0.0,0.0,74382.0,116.571,60.0,1.0,1.0
1788787020,1282,2026-09-07 13:17:00+00:00,0.0,0.0,0.0,0.0,0.0,0.0,0.0,74382.0,116.404,60.0,1.0,1.0
1788787021,1283,2026-09-07 13:17:01+00:00,0.0,0.0,0.0,0.0,0.0,0.0,0.0,74382.0,116.276,59.0,1.0,1.0
1788787022,1284,2026-09-07 13:17:02+00:00,0.0,0.0,0.0,0.0,0.0,0.0,0.0,74382.0,115.971,59.0,1.0,1.0
1788787023,1285,2026-09-07 13:17:03+00:00,0.0,0.0,0.0,0.0,0.0,0.0,0.0,74382.0,115.85,59.0,1.0,1.0
1788787024,1286,2026-09-07 13:17:04+00:00,0.0,0.0,0.0,0.0,0.0,0.0,0.0,74382.0,115.82,59.0,1.0,1.0
1788787025,1287,2026-09-07 13:17:05+00:00,64.0,0.0,0.0,0.0,0.01561241441804273,0.0,100.0,74382.0,299.047,64.0,1.0,1.0
1788787026,1288,2026-09-07 13:17:06+00:00,64.0,0.0,0.0,0.0,0.014731423681030975,0.0,95.0,74382.0,298.013,64.0,1.0,1.0
1788787027,1289,2026-09-07 13:17:07+00:00,53.0,11.0,11.0,0.0,0.011805275875956478,0.0,100.0,74382.0,337.397,65.0,1.0,1.0
1788787028,1290,2026-09-07 13:17:08+00:00,38.0,18.0,18.0,0.0,0.008186921063229935,0.0,100.0,74382.0,297.765,64.0,1.0,1.0
1788787029,1291,2026-09-07 13:17:09+00:00,35.0,6.0,6.0,0.0,0.008495267821184038,0.0,100.0,74382.0,304.119,64.0,1.0,1.0
1788787030,1292,2026-09-07 13:17:10+00:00,64.0,0.0,0.0,0.0,0.016235400724929572,0.0,100.0,74382.0,254.903,65.0,1.0,1.0
1788787031,1293,2026-09-07 13:17:11+00:00,64.0,0.0,0.0,0.0,0.015322946033024532,0.0,100.0,74382.0,284.442,66.0,1.0,1.0
1788787032,1294,2026-09-07 13:17:12+00:00,64.0,0.0,0.0,0.0,0.014158779701973434,0.0,91.0,74382.0,297.012,66.0,1.0,1.0
1788787033,1295,2026-09-07 13:17:13+00:00,50.0,14.0,14.0,0.0,0.010987213048731403,0.0,100.0,74382.0,299.521,65.0,1.0,1.0
1788787034,1296,2026-09-07 13:17:14+00:00,40.0,17.0,17.0,0.0,0.00924410994764402,0.0,100.0,74382.0,299.904,65.0,1.0,1.0
1788787035,1297,2026-09-07 13:17:15+00:00,41.0,0.0,0.0,0.0,0.010798429319371694,0.0,100.0,74382.0,290.61,66.0,1.0,1.0
1788787036,1298,2026-09-07 13:17:16+00:00,64.0,0.0,0.0,0.0,0.016065495368505878,0.0,100.0,74382.0,300.201,67.0,1.0,1.0
1788787037,1299,2026-09-07 13:17:17+00:00,64.0,0.0,0.0,0.0,0.014970549738219874,0.0,99.0,74382.0,304.98,67.0,1.0,1.0
1788787038,1300,2026-09-07 13:17:18+00:00,61.0,3.0,3.0,0.0,0.013145640354410015,0.0,100.0,74382.0,305.321,67.0,1.0,1.0
1788787039,1301,2026-09-07 13:17:19+00:00,39.0,25.0,25.0,0.0,0.008432339911397468,0.0,100.0,74382.0,301.015,66.0,1.0,1.0
1788787040,1302,2026-09-07 13:17:20+00:00,28.0,25.0,25.0,0.0,0.006374597261377346,0.0,100.0,74382.0,302.09,66.0,1.0,1.0
1788787041,1303,2026-09-07 13:17:21+00:00,64.0,0.0,0.0,0.0,0.01649969794603301,0.0,100.0,74382.0,275.045,66.0,1.0,1.0
1788787042,1304,2026-09-07 13:17:22+00:00,64.0,0.0,0.0,0.0,0.015656463954893285,0.0,98.0,74382.0,290.168,67.0,1.0,1.0
1788787043,1305,2026-09-07 13:17:23+00:00,64.0,0.0,0.0,0.0,0.014353856222311667,0.0,100.0,74382.0,295.369,68.0,1.0,1.0
1788787044,1306,2026-09-07 13:17:24+00:00,51.0,13.0,13.0,0.0,0.010823600483286344,0.0,100.0,74382.0,303.861,67.0,1.0,1.0
1788787045,1307,2026-09-07 13:17:25+00:00,33.0,24.0,24.0,0.0,0.00738144381796213,0.0,100.0,74382.0,303.103,67.0,1.0,1.0
1788787046,1308,2026-09-07 13:17:26+00:00,25.0,0.0,0.0,0.0,0.006664065646395434,0.0,100.0,74382.0,297.775,67.0,1.0,1.0
1788787047,1309,2026-09-07 13:17:27+00:00,64.0,0.0,0.0,0.0,0.015914468385018088,0.0,100.0,74382.0,295.592,68.0,1.0,1.0
1788787048,1310,2026-09-07 13:17:28+00:00,64.0,0.0,0.0,0.0,0.014945378574305224,0.0,98.0,74382.0,304.43,69.0,1.0,1.0
1788787049,1311,2026-09-07 13:17:29+00:00,62.0,2.0,2.0,0.0,0.013718284333467556,0.0,100.0,74382.0,308.767,69.0,1.0,1.0
1788787050,1312,2026-09-07 13:17:30+00:00,39.0,25.0,25.0,0.0,0.00838199758356828,0.0,100.0,74382.0,299.525,68.0,1.0,1.0
1788787051,1313,2026-09-07 13:17:31+00:00,21.0,9.0,9.0,0.0,0.0047825211437776405,0.0,100.0,74382.0,298.619,68.0,1.0,1.0
1788787052,1314,2026-09-07 13:17:32+00:00,64.0,0.0,0.0,0.0,0.016468233991139725,0.0,100.0,74382.0,245.933,68.0,1.0,1.0
1788787053,1315,2026-09-07 13:17:33+00:00,64.0,0.0,0.0,0.0,0.015291482078131247,0.0,100.0,74382.0,287.877,69.0,1.0,1.0
1788787054,1316,2026-09-07 13:17:34+00:00,64.0,0.0,0.0,0.0,0.014360149013290413,0.0,100.0,74382.0,305.344,69.0,1.0,1.0
1788787055,1317,2026-09-07 13:17:35+00:00,47.0,17.0,17.0,0.0,0.010219492549335518,0.0,100.0,74382.0,311.397,70.0,1.0,1.0
1788787056,1318,2026-09-07 13:17:36+00:00,41.0,16.0,16.0,0.0,0.009672019734192516,0.0,100.0,74382.0,303.072,68.0,1.0,1.0
1788787057,1319,2026-09-07 13:17:37+00:00,42.0,0.0,0.0,0.0,0.011226339105920302,0.0,100.0,74382.0,297.753,68.0,1.0,1.0
1788787058,1320,2026-09-07 13:17:38+00:00,64.0,0.0,0.0,0.0,0.01568792790978657,0.0,100.0,74382.0,293.267,69.0,1.0,1.0
1788787059,1321,2026-09-07 13:17:39+00:00,64.0,0.0,0.0,0.0,0.014530054369714107,0.0,100.0,74382.0,293.329,69.0,1.0,1.0
1788787060,1322,2026-09-07 13:17:40+00:00,56.0,8.0,8.0,0.0,0.012031816351188107,0.0,96.0,74382.0,297.577,70.0,1.0,1.0
1788787061,1323,2026-09-07 13:17:41+00:00,35.0,22.0,22.0,0.0,0.0076834977849375985,0.0,100.0,74382.0,305.726,69.0,1.0,1.0
1788787062,1324,2026-09-07 13:17:42+00:00,32.0,3.0,3.0,0.0,0.007777889649617453,0.0,100.0,74382.0,298.235,69.0,1.0,1.0
1788787063,1325,2026-09-07 13:17:43+00:00,64.0,0.0,0.0,0.0,0.016443062827225186,0.0,100.0,74382.0,286.427,69.0,1.0,1.0
1788787064,1326,2026-09-07 13:17:44+00:00,64.0,0.0,0.0,0.0,0.015209675795408772,0.0,100.0,74382.0,285.457,70.0,1.0,1.0
1788787065,1327,2026-09-07 13:17:45+00:00,64.0,0.0,0.0,0.0,0.014183950865888084,0.0,100.0,74382.0,299.741,70.0,1.0,1.0
1788787066,1328,2026-09-07 13:17:46+00:00,45.0,19.0,19.0,0.0,0.00979158276278691,0.0,96.0,74382.0,304.524,70.0,1.0,1.0
1788787067,1329,2026-09-07 13:17:47+00:00,28.0,29.0,29.0,0.0,0.006223570277889667,0.0,100.0,74382.0,299.054,69.0,1.0,1.0
1788787068,1330,2026-09-07 13:17:48+00:00,39.0,0.0,0.0,0.0,0.010200614176399503,0.0,100.0,74382.0,298.341,69.0,1.0,1.0
1788787069,1331,2026-09-07 13:17:49+00:00,64.0,0.0,0.0,0.0,0.015694220700765205,0.0,100.0,74382.0,294.493,70.0,1.0,1.0
1788787070,1332,2026-09-07 13:17:50+00:00,64.0,0.0,0.0,0.0,0.014460833668948903,0.0,98.0,74382.0,291.374,70.0,1.0,1.0
1788787071,1333,2026-09-07 13:17:51+00:00,56.0,8.0,8.0,0.0,0.01212620821586785,0.0,100.0,74382.0,304.008,70.0,1.0,1.0
1788787072,1334,2026-09-07 13:17:52+00:00,40.0,17.0,17.0,0.0,0.008734393878372937,0.0,100.0,74382.0,301.309,69.0,1.0,1.0
1788787073,1335,2026-09-07 13:17:53+00:00,21.0,3.0,3.0,0.0,0.005210430930326249,0.0,100.0,74382.0,301.816,69.0,1.0,1.0
1788787074,1336,2026-09-07 13:17:54+00:00,64.0,0.0,0.0,0.0,0.016178765606121637,0.0,100.0,74382.0,260.174,69.0,1.0,1.0
1788787075,1337,2026-09-07 13:17:55+00:00,64.0,0.0,0.0,0.0,0.01498942811115589,0.0,100.0,74382.0,282.807,70.0,1.0,1.0
1788787076,1338,2026-09-07 13:17:56+00:00,64.0,0.0,0.0,0.0,0.01407697341925096,0.0,98.0,74382.0,302.475,70.0,1.0,1.0
1788787077,1339,2026-09-07 13:17:57+00:00,42.0,22.0,22.0,0.0,0.009218938783729369,0.0,100.0,74382.0,341.336,71.0,1.0,1.0
1788787078,1340,2026-09-07 13:17:58+00:00,44.0,12.0,12.0,0.0,0.010326469995972642,0.0,100.0,74382.0,300.988,70.0,1.0,1.0
1788787079,1341,2026-09-07 13:17:59+00:00,64.0,0.0,0.0,0.0,0.01667589609343534,0.0,100.0,74382.0,301.322,70.0,1.0,1.0
1788787080,1342,2026-09-07 13:18:00+00:00,64.0,0.0,0.0,0.0,0.01557465767217081,0.0,100.0,74382.0,279.734,69.0,1.0,1.0
1788787081,1343,2026-09-07 13:18:01+00:00,64.0,0.0,0.0,0.0,0.014372734595247683,0.0,100.0,74382.0,293.24,70.0,1.0,1.0
1788787082,1344,2026-09-07 13:18:02+00:00,52.0,12.0,12.0,0.0,0.011144532823197717,0.0,96.0,74382.0,298.635,71.0,1.0,1.0
1788787083,1345,2026-09-07 13:18:03+00:00,28.0,30.0,30.0,0.0,0.005921516310914199,0.0,100.0,74382.0,305.811,70.0,1.0,1.0
1788787084,1346,2026-09-07 13:18:04+00:00,20.0,0.0,0.0,0.0,0.005109746274667759,0.0,100.0,74382.0,298.549,70.0,1.0,1.0
1788787085,1347,2026-09-07 13:18:05+00:00,64.0,0.0,0.0,0.0,0.015983689085783293,0.0,100.0,74382.0,299.719,70.0,1.0,1.0
1788787086,1348,2026-09-07 13:18:06+00:00,64.0,0.0,0.0,0.0,0.014939085783326589,0.0,100.0,74382.0,289.126,71.0,1.0,1.0
1788787087,1349,2026-09-07 13:18:07+00:00,61.0,3.0,3.0,0.0,0.013447694321385373,0.0,98.0,74382.0,286.224,71.0,1.0,1.0
1788787088,1350,2026-09-07 13:18:08+00:00,53.0,4.0,4.0,0.0,0.012038109142166742,0.0,99.0,74382.0,297.05,71.0,1.0,1.0
1788787089,1351,2026-09-07 13:18:09+00:00,24.0,13.0,13.0,0.0,0.005531363270237621,0.0,100.0,74382.0,300.436,70.0,1.0,1.0
1788787090,1352,2026-09-07 13:18:10+00:00,64.0,0.0,0.0,0.0,0.016669603302456704,0.0,100.0,74382.0,302.267,70.0,1.0,1.0
1788787091,1353,2026-09-07 13:18:11+00:00,64.0,0.0,0.0,0.0,0.015618707209021365,0.0,100.0,74382.0,243.122,70.0,1.0,1.0
1788787092,1354,2026-09-07 13:18:12+00:00,64.0,0.0,0.0,0.0,0.014121022956101514,0.0,100.0,74382.0,287.596,71.0,1.0,1.0
1788787093,1355,2026-09-07 13:18:13+00:00,46.0,18.0,18.0,0.0,0.009835632299637576,0.0,98.0,74382.0,303.941,71.0,1.0,1.0
1788787094,1356,2026-09-07 13:18:14+00:00,20.0,31.0,31.0,0.0,0.004398660894079698,0.0,100.0,74382.0,303.543,70.0,1.0,1.0
1788787095,1357,2026-09-07 13:18:15+00:00,64.0,0.0,0.0,0.0,0.016896143777688333,0.0,100.0,74382.0,298.743,70.0,1.0,1.0
1788787096,1358,2026-09-07 13:18:16+00:00,64.0,0.0,0.0,0.0,0.01566275674587192,0.0,100.0,74382.0,242.426,70.0,1.0,1.0
1788787097,1359,2026-09-07 13:18:17+00:00,64.0,0.0,0.0,0.0,0.014360149013290413,0.0,98.0,74382.0,286.833,71.0,1.0,1.0
1788787098,1360,2026-09-07 13:18:18+00:00,53.0,11.0,11.0,0.0,0.011459172372130455,0.0,100.0,74382.0,308.017,71.0,1.0,1.0
1788787099,1361,2026-09-07 13:18:19+00:00,28.0,36.0,36.0,0.0,0.005984444220700769,0.0,100.0,74382.0,291.433,71.0,1.0,1.0
1788787100,1362,2026-09-07 13:18:20+00:00,10.0,0.0,0.0,0.0,0.002611508256141759,0.0,100.0,74382.0,291.433,71.0,1.0,1.0
1788787101,1363,2026-09-07 13:18:21+00:00,64.0,0.0,0.0,0.0,0.015945932339911373,0.0,100.0,74382.0,306.898,70.0,1.0,1.0
1788787102,1364,2026-09-07 13:18:22+00:00,64.0,0.0,0.0,0.0,0.014668495771244516,0.0,100.0,74382.0,298.577,70.0,1.0,1.0
1788787103,1365,2026-09-07 13:18:23+00:00,64.0,0.0,0.0,0.0,0.013661649214659732,0.0,100.0,74382.0,249.454,70.0,1.0,1.0
1788787104,1366,2026-09-07 13:18:24+00:00,39.0,25.0,25.0,0.0,0.0082309706000806,0.0,100.0,74382.0,295.207,71.0,1.0,1.0
1788787105,1367,2026-09-07 13:18:25+00:00,26.0,27.0,27.0,0.0,0.005839710028191725,0.0,98.0,74382.0,297.294,71.0,1.0,1.0
1788787106,1368,2026-09-07 13:18:26+00:00,64.0,0.0,0.0,0.0,0.01653745469190493,0.0,100.0,74382.0,344.987,71.0,1.0,1.0
1788787107,1369,2026-09-07 13:18:27+00:00,64.0,0.0,0.0,0.0,0.015543193717277526,0.0,100.0,74382.0,303.268,71.0,1.0,1.0
1788787108,1370,2026-09-07 13:18:28+00:00,64.0,0.0,0.0,0.0,0.014511175996778092,0.0,100.0,74382.0,279.625,70.0,1.0,1.0
1788787109,1371,2026-09-07 13:18:29+00:00,48.0,16.0,16.0,0.0,0.010401983487716482,0.0,100.0,74382.0,287.24,71.0,1.0,1.0
1788787110,1372,2026-09-07 13:18:30+00:00,22.0,40.0,40.0,0.0,0.004719593233991182,0.0,100.0,74382.0,293.265,72.0,1.0,1.0
1788787111,1373,2026-09-07 13:18:31+00:00,31.0,0.0,0.0,0.0,0.00815545710833665,0.0,99.0,74382.0,337.312,72.0,1.0,1.0
1788787112,1374,2026-09-07 13:18:32+00:00,64.0,0.0,0.0,0.0,0.01580119814740233,0.0,100.0,74382.0,302.763,71.0,1.0,1.0
1788787113,1375,2026-09-07 13:18:33+00:00,64.0,0.0,0.0,0.0,0.014592982279500566,0.0,100.0,74382.0,303.568,71.0,1.0,1.0
1788787114,1376,2026-09-07 13:18:34+00:00,53.0,11.0,11.0,0.0,0.011509514699959755,0.0,100.0,74382.0,301.992,72.0,1.0,1.0
1788787115,1377,2026-09-07 13:18:35+00:00,26.0,37.0,37.0,0.0,0.005739025372533235,0.0,100.0,74382.0,286.891,71.0,1.0,1.0
1788787116,1378,2026-09-07 13:18:36+00:00,25.0,0.0,0.0,0.0,0.006601137736608975,0.0,98.0,74382.0,293.749,72.0,1.0,1.0
1788787117,1379,2026-09-07 13:18:37+00:00,64.0,0.0,0.0,0.0,0.016090666532420417,0.0,100.0,74382.0,301.697,71.0,1.0,1.0
1788787118,1380,2026-09-07 13:18:38+00:00,64.0,0.0,0.0,0.0,0.014681081353201786,0.0,100.0,74382.0,301.571,71.0,1.0,1.0
1788787119,1381,2026-09-07 13:18:39+00:00,63.0,1.0,1.0,0.0,0.013447694321385373,0.0,100.0,74382.0,294.127,70.0,1.0,1.0
1788787120,1382,2026-09-07 13:18:40+00:00,39.0,25.0,25.0,0.0,0.008545610149013338,0.0,100.0,74382.0,281.222,71.0,1.0,1.0
1788787121,1383,2026-09-07 13:18:41+00:00,21.0,8.0,8.0,0.0,0.004902084172372145,0.0,97.0,74382.0,289.707,72.0,1.0,1.0
1788787122,1384,2026-09-07 13:18:42+00:00,64.0,0.0,0.0,0.0,0.016581504228755484,0.0,100.0,74382.0,300.427,71.0,1.0,1.0
1788787123,1385,2026-09-07 13:18:43+00:00,64.0,0.0,0.0,0.0,0.015291482078131247,0.0,99.0,74382.0,303.353,71.0,1.0,1.0
1788787124,1386,2026-09-07 13:18:44+00:00,64.0,0.0,0.0,0.0,0.014221707611760004,0.0,100.0,74382.0,277.807,71.0,1.0,1.0
1788787125,1387,2026-09-07 13:18:45+00:00,42.0,22.0,22.0,0.0,0.009187474828836084,0.0,100.0,74382.0,308.108,72.0,1.0,1.0
1788787126,1388,2026-09-07 13:18:46+00:00,20.0,23.0,23.0,0.0,0.004153242045912164,0.0,97.0,74382.0,278.446,72.0,1.0,1.0
1788787127,1389,2026-09-07 13:18:47+00:00,64.0,0.0,0.0,0.0,0.016713652839307258,0.0,100.0,74382.0,294.607,72.0,1.0,1.0
1788787128,1390,2026-09-07 13:18:48+00:00,64.0,0.0,0.0,0.0,0.01563758558195727,0.0,99.0,74382.0,300.128,71.0,1.0,1.0
1788787129,1391,2026-09-07 13:18:49+00:00,64.0,0.0,0.0,0.0,0.015209675795408772,0.0,100.0,74382.0,301.774,71.0,1.0,1.0
1788787130,1392,2026-09-07 13:18:50+00:00,49.0,15.0,15.0,0.0,0.010659987917841285,0.0,100.0,74382.0,244.797,71.0,1.0,1.0
1788787131,1393,2026-09-07 13:18:51+00:00,27.0,29.0,29.0,0.0,0.006059957712444608,0.0,100.0,74382.0,281.808,72.0,1.0,1.0
1788787132,1394,2026-09-07 13:18:52+00:00,38.0,0.0,0.0,0.0,0.010213199758356772,0.0,100.0,74382.0,298.037,72.0,1.0,1.0
1788787133,1395,2026-09-07 13:18:53+00:00,64.0,0.0,0.0,0.0,0.015681635118807935,0.0,100.0,74382.0,303.672,71.0,1.0,1.0
1788787134,1396,2026-09-07 13:18:54+00:00,64.0,0.0,0.0,0.0,0.014693666935159055,0.0,100.0,74382.0,301.676,71.0,1.0,1.0
1788787135,1397,2026-09-07 13:18:55+00:00,54.0,5.0,5.0,0.0,0.011761226339105924,0.0,100.0,74382.0,247.335,71.0,1.0,1.0
1788787136,1398,2026-09-07 13:18:56+00:00,41.0,15.0,15.0,0.0,0.009451772049939633,0.0,100.0,74382.0,289.223,72.0,1.0,1.0
1788787137,1399,2026-09-07 13:18:57+00:00,29.0,1.0,1.0,0.0,0.007387736608940765,0.0,94.0,74382.0,295.812,72.0,1.0,1.0
1788787138,1400,2026-09-07 13:18:58+00:00,64.0,0.0,0.0,0.0,0.016027738622633958,0.0,100.0,74382.0,293.562,72.0,1.0,1.0
1788787139,1401,2026-09-07 13:18:59+00:00,64.0,0.0,0.0,0.0,0.015027184857027809,0.0,100.0,74382.0,301.907,71.0,1.0,1.0
1788787140,1402,2026-09-07 13:19:00+00:00,62.0,2.0,2.0,0.0,0.013523207813129323,0.0,100.0,74382.0,289.114,71.0,1.0,1.0
1788787141,1403,2026-09-07 13:19:01+00:00,40.0,24.0,24.0,0.0,0.008772150624244857,0.0,100.0,74382.0,300.832,72.0,1.0,1.0
1788787142,1404,2026-09-07 13:19:02+00:00,31.0,8.0,8.0,0.0,0.007400322190898145,0.0,100.0,74382.0,286.608,72.0,1.0,1.0
1788787143,1405,2026-09-07 13:19:03+00:00,64.0,0.0,0.0,0.0,0.01670106725734999,0.0,100.0,74382.0,297.953,72.0,1.0,1.0
1788787144,1406,2026-09-07 13:19:04+00:00,64.0,0.0,0.0,0.0,0.015241139750302057,0.0,100.0,74382.0,304.074,71.0,1.0,1.0
1788787145,1407,2026-09-07 13:19:05+00:00,64.0,0.0,0.0,0.0,0.014158779701973434,0.0,100.0,74382.0,292.826,71.0,1.0,1.0
1788787146,1408,2026-09-07 13:19:06+00:00,53.0,4.0,4.0,0.0,0.011975181232380172,0.0,100.0,74382.0,300.225,72.0,1.0,1.0
1788787147,1409,2026-09-07 13:19:07+00:00,38.0,19.0,19.0,0.0,0.008696637132501017,0.0,99.0,74382.0,281.978,72.0,1.0,1.0
1788787148,1410,2026-09-07 13:19:08+00:00,51.0,0.0,0.0,0.0,0.013466572694321388,0.0,100.0,74382.0,297.05,72.0,1.0,1.0
1788787149,1411,2026-09-07 13:19:09+00:00,64.0,0.0,0.0,0.0,0.015694220700765205,0.0,100.0,74382.0,303.064,71.0,1.0,1.0
1788787150,1412,2026-09-07 13:19:10+00:00,64.0,0.0,0.0,0.0,0.014523761578735361,0.0,100.0,74382.0,301.504,71.0,1.0,1.0
1788787151,1413,2026-09-07 13:19:11+00:00,59.0,5.0,5.0,0.0,0.012610753121224283,0.0,100.0,74382.0,290.01,71.0,1.0,1.0
1788787152,1414,2026-09-07 13:19:12+00:00,36.0,25.0,25.0,0.0,0.007727547321788153,0.0,100.0,74382.0,287.561,72.0,1.0,1.0
1788787153,1415,2026-09-07 13:19:13+00:00,39.0,1.0,1.0,0.0,0.009766411598872371,0.0,97.0,74382.0,286.645,72.0,1.0,1.0
1788787154,1416,2026-09-07 13:19:14+00:00,64.0,0.0,0.0,0.0,0.01618505839710027,0.0,100.0,74382.0,320.263,72.0,1.0,1.0
1788787155,1417,2026-09-07 13:19:15+00:00,64.0,0.0,0.0,0.0,0.015159333467579583,0.0,100.0,74382.0,302.666,71.0,1.0,1.0
1788787156,1418,2026-09-07 13:19:16+00:00,64.0,0.0,0.0,0.0,0.014347563431333032,0.0,100.0,74382.0,296.258,71.0,1.0,1.0
1788787157,1419,2026-09-07 13:19:17+00:00,43.0,21.0,21.0,0.0,0.009218938783729369,0.0,100.0,74382.0,255.32,72.0,1.0,1.0
1788787158,1420,2026-09-07 13:19:18+00:00,51.0,6.0,6.0,0.0,0.01235274869109948,0.0,99.0,74382.0,294.358,72.0,1.0,1.0
1788787159,1421,2026-09-07 13:19:19+00:00,63.0,0.0,0.0,0.0,0.016556333064840945,0.0,100.0,74382.0,297.675,72.0,1.0,1.0
1788787160,1422,2026-09-07 13:19:20+00:00,64.0,0.0,0.0,0.0,0.015757148610551774,0.0,100.0,74382.0,302.864,71.0,1.0,1.0
1788787161,1423,2026-09-07 13:19:21+00:00,64.0,0.0,0.0,0.0,0.014278342730567828,0.0,100.0,74382.0,301.962,71.0,1.0,1.0
1788787162,1424,2026-09-07 13:19:22+00:00,50.0,14.0,14.0,0.0,0.010811014901329075,0.0,100.0,74382.0,248.64,71.0,1.0,1.0
1788787163,1425,2026-09-07 13:19:23+00:00,30.0,27.0,27.0,0.0,0.00656967378171569,0.0,100.0,74382.0,280.677,72.0,1.0,1.0
1788787164,1426,2026-09-07 13:19:24+00:00,34.0,0.0,0.0,0.0,0.00894205598066855,0.0,98.0,74382.0,308.551,72.0,1.0,1.0
1788787165,1427,2026-09-07 13:19:25+00:00,64.0,0.0,0.0,0.0,0.016008860249697943,0.0,99.0,74382.0,293.211,72.0,1.0,1.0
1788787166,1428,2026-09-07 13:19:26+00:00,64.0,0.0,0.0,0.0,0.014693666935159055,0.0,100.0,74382.0,302.385,71.0,1.0,1.0
1788787167,1429,2026-09-07 13:19:27+00:00,58.0,6.0,6.0,0.0,0.012642217076117568,0.0,100.0,74382.0,295.23,71.0,1.0,1.0
1788787168,1430,2026-09-07 13:19:28+00:00,36.0,28.0,28.0,0.0,0.007828231977446642,0.0,100.0,74382.0,302.187,72.0,1.0,1.0
1788787169,1431,2026-09-07 13:19:29+00:00,48.0,6.0,6.0,0.0,0.011994059605316187,0.0,99.0,74382.0,284.563,72.0,1.0,1.0
1788787170,1432,2026-09-07 13:19:30+00:00,64.0,0.0,0.0,0.0,0.016417891663310535,0.0,99.0,74382.0,303.471,72.0,1.0,1.0
1788787171,1433,2026-09-07 13:19:31+00:00,64.0,0.0,0.0,0.0,0.015429923479661656,0.0,100.0,74382.0,303.677,71.0,1.0,1.0
1788787172,1434,2026-09-07 13:19:32+00:00,64.0,0.0,0.0,0.0,0.01403921667337893,0.0,100.0,74382.0,300.245,71.0,1.0,1.0
1788787173,1435,2026-09-07 13:19:33+00:00,42.0,22.0,22.0,0.0,0.009187474828836084,0.0,100.0,74382.0,292.175,71.0,1.0,1.0
1788787174,1436,2026-09-07 13:19:34+00:00,18.0,18.0,18.0,0.0,0.0037190394683850325,0.0,98.0,74382.0,274.68,72.0,1.0,1.0
1788787175,1437,2026-09-07 13:19:35+00:00,64.0,0.0,0.0,0.0,0.01653745469190493,0.0,100.0,74382.0,278.635,72.0,1.0,1.0
1788787176,1438,2026-09-07 13:19:36+00:00,64.0,0.0,0.0,0.0,0.01567534232782919,0.0,100.0,74382.0,298.251,71.0,1.0,1.0
1788787177,1439,2026-09-07 13:19:37+00:00,64.0,0.0,0.0,0.0,0.014385320177204952,0.0,100.0,74382.0,302.183,71.0,1.0,1.0
1788787178,1440,2026-09-07 13:19:38+00:00,49.0,15.0,15.0,0.0,0.01064110954490538,0.0,100.0,74382.0,296.316,71.0,1.0,1.0
1788787179,1441,2026-09-07 13:19:39+00:00,22.0,37.0,37.0,0.0,0.004681836488119262,0.0,100.0,74382.0,274.6,72.0,1.0,1.0
1788787180,1442,2026-09-07 13:19:40+00:00,47.0,0.0,0.0,0.0,0.012371627064035495,0.0,99.0,74382.0,297.163,72.0,1.0,1.0
1788787181,1443,2026-09-07 13:19:41+00:00,64.0,0.0,0.0,0.0,0.016096959323399163,0.0,100.0,74382.0,296.857,71.0,1.0,1.0
1788787182,1444,2026-09-07 13:19:42+00:00,64.0,0.0,0.0,0.0,0.014976842529198509,0.0,100.0,74382.0,298.846,71.0,1.0,1.0
1788787183,1445,2026-09-07 13:19:43+00:00,54.0,10.0,10.0,0.0,0.011817861457913859,0.0,100.0,74382.0,248.265,71.0,1.0,1.0
1788787184,1446,2026-09-07 13:19:44+00:00,29.0,35.0,35.0,0.0,0.006129178413209813,0.0,100.0,74382.0,274.184,72.0,1.0,1.0
1788787185,1447,2026-09-07 13:19:45+00:00,35.0,2.0,2.0,0.0,0.008822492952074157,0.0,97.0,74382.0,292.799,72.0,1.0,1.0
1788787186,1448,2026-09-07 13:19:46+00:00,64.0,0.0,0.0,0.0,0.01585154047523163,0.0,100.0,74382.0,297.969,72.0,1.0,1.0
1788787187,1449,2026-09-07 13:19:47+00:00,64.0,0.0,0.0,0.0,0.014869865082561384,0.0,100.0,74382.0,301.699,71.0,1.0,1.0
1788787188,1450,2026-09-07 13:19:48+00:00,64.0,0.0,0.0,0.0,0.01412731574708015,0.0,100.0,74382.0,263.485,71.0,1.0,1.0
1788787189,1451,2026-09-07 13:19:49+00:00,41.0,23.0,23.0,0.0,0.008577074103906512,0.0,100.0,74382.0,288.489,72.0,1.0,1.0
1788787190,1452,2026-09-07 13:19:50+00:00,38.0,18.0,18.0,0.0,0.008866542488924711,0.0,98.0,74382.0,286.244,72.0,1.0,1.0
1788787191,1453,2026-09-07 13:19:51+00:00,64.0,0.0,0.0,0.0,0.016732531212243273,0.0,98.0,74382.0,324.846,72.0,1.0,1.0
1788787192,1454,2026-09-07 13:19:52+00:00,64.0,0.0,0.0,0.0,0.01546138743455494,0.0,100.0,74382.0,297.955,71.0,1.0,1.0
1788787193,1455,2026-09-07 13:19:53+00:00,64.0,0.0,0.0,0.0,0.014347563431333032,0.0,100.0,74382.0,300.236,71.0,1.0,1.0
1788787194,1456,2026-09-07 13:19:54+00:00,52.0,12.0,12.0,0.0,0.011238924687877572,0.0,100.0,74382.0,297.384,71.0,1.0,1.0
1788787195,1457,2026-09-07 13:19:55+00:00,25.0,39.0,39.0,0.0,0.005311115585984738,0.0,100.0,74382.0,299.137,72.0,1.0,1.0
1788787196,1458,2026-09-07 13:19:56+00:00,44.0,0.0,0.0,0.0,0.011673127265404704,0.0,92.0,74382.0,290.052,72.0,1.0,1.0
1788787197,1459,2026-09-07 13:19:57+00:00,64.0,0.0,0.0,0.0,0.01588929722110355,0.0,100.0,74382.0,302.682,72.0,1.0,1.0
1788787198,1460,2026-09-07 13:19:58+00:00,64.0,0.0,0.0,0.0,0.01468737414418042,0.0,100.0,74382.0,306.907,71.0,1.0,1.0
1788787199,1461,2026-09-07 13:19:59+00:00,57.0,7.0,7.0,0.0,0.012063280306081392,0.0,100.0,74382.0,303.67,71.0,1.0,1.0
1788787200,1462,2026-09-07 13:20:00+00:00,32.0,32.0,32.0,0.0,0.006745871929118019,0.0,100.0,74382.0,277.039,72.0,1.0,1.0
1788787201,1463,2026-09-07 13:20:01+00:00,22.0,1.0,1.0,0.0,0.0053866290777285775,0.0,96.0,74382.0,294.58,72.0,1.0,1.0
1788787202,1464,2026-09-07 13:20:02+00:00,64.0,0.0,0.0,0.0,0.016317207007652046,0.0,100.0,74382.0,304.451,72.0,1.0,1.0
1788787203,1465,2026-09-07 13:20:03+00:00,64.0,0.0,0.0,0.0,0.015153040676600837,0.0,98.0,74382.0,303.58,71.0,1.0,1.0
1788787204,1466,2026-09-07 13:20:04+00:00,64.0,0.0,0.0,0.0,0.013894482480869885,0.0,100.0,74382.0,290.77,71.0,1.0,1.0
1788787205,1467,2026-09-07 13:20:05+00:00,40.0,24.0,24.0,0.0,0.008589659685863893,0.0,100.0,74382.0,292.352,72.0,1.0,1.0
1788787206,1468,2026-09-07 13:20:06+00:00,35.0,16.0,16.0,0.0,0.00838199758356828,0.0,98.0,74382.0,297.431,72.0,1.0,1.0
1788787207,1469,2026-09-07 13:20:07+00:00,64.0,0.0,0.0,0.0,0.016518576318969025,0.0,100.0,74382.0,344.598,72.0,1.0,1.0
1788787208,1470,2026-09-07 13:20:08+00:00,64.0,0.0,0.0,0.0,0.015442509061619036,0.0,100.0,74382.0,304.345,71.0,1.0,1.0
1788787209,1471,2026-09-07 13:20:09+00:00,64.0,0.0,0.0,0.0,0.014158779701973434,0.0,100.0,74382.0,299.244,71.0,1.0,1.0
1788787210,1472,2026-09-07 13:20:10+00:00,50.0,14.0,14.0,0.0,0.010823600483286344,0.0,100.0,74382.0,255.114,71.0,1.0,1.0
1788787211,1473,2026-09-07 13:20:11+00:00,21.0,25.0,25.0,0.0,0.004537102295610107,0.0,100.0,74382.0,292.652,72.0,1.0,1.0
1788787212,1474,2026-09-07 13:20:12+00:00,36.0,0.0,0.0,0.0,0.009583920660491296,0.0,97.0,74382.0,361.879,72.0,1.0,1.0
1788787213,1475,2026-09-07 13:20:13+00:00,64.0,0.0,0.0,0.0,0.015555779299234795,0.0,100.0,74382.0,304.079,71.0,1.0,1.0
1788787214,1476,2026-09-07 13:20:14+00:00,64.0,0.0,0.0,0.0,0.014479712041884807,0.0,100.0,74382.0,301.321,71.0,1.0,1.0
1788787215,1477,2026-09-07 13:20:15+00:00,54.0,10.0,10.0,0.0,0.011635370519532784,0.0,100.0,74382.0,289.83,71.0,1.0,1.0
1788787216,1478,2026-09-07 13:20:16+00:00,30.0,34.0,34.0,0.0,0.006349426097462696,0.0,100.0,74382.0,285.936,72.0,1.0,1.0
1788787217,1479,2026-09-07 13:20:17+00:00,37.0,2.0,2.0,0.0,0.009489528795811553,0.0,98.0,74382.0,299.744,72.0,1.0,1.0
1788787218,1480,2026-09-07 13:20:18+00:00,64.0,0.0,0.0,0.0,0.016115837696335067,0.0,100.0,74382.0,306.316,71.0,1.0,1.0
1788787219,1481,2026-09-07 13:20:19+00:00,64.0,0.0,0.0,0.0,0.014882450664518765,0.0,97.0,74382.0,302.669,71.0,1.0,1.0
1788787220,1482,2026-09-07 13:20:20+00:00,62.0,2.0,2.0,0.0,0.013453987112364119,0.0,100.0,74382.0,283.606,71.0,1.0,1.0
1788787221,1483,2026-09-07 13:20:21+00:00,36.0,28.0,28.0,0.0,0.007777889649617453,0.0,100.0,74382.0,288.239,72.0,1.0,1.0
1788787222,1484,2026-09-07 13:20:22+00:00,32.0,8.0,8.0,0.0,0.007545056383407189,0.0,100.0,74382.0,302.324,72.0,1.0,1.0
1788787223,1485,2026-09-07 13:20:23+00:00,64.0,0.0,0.0,0.0,0.016493405155054375,0.0,99.0,74382.0,315.704,73.0,1.0,1.0
1788787224,1486,2026-09-07 13:20:24+00:00,64.0,0.0,0.0,0.0,0.015310360451067262,0.0,99.0,74382.0,301.713,71.0,1.0,1.0
1788787225,1487,2026-09-07 13:20:25+00:00,64.0,0.0,0.0,0.0,0.014108437374144134,0.0,100.0,74382.0,287.814,71.0,1.0,1.0
1788787226,1488,2026-09-07 13:20:26+00:00,44.0,20.0,20.0,0.0,0.009672019734192516,0.0,100.0,74382.0,288.776,72.0,1.0,1.0
1788787227,1489,2026-09-07 13:20:27+00:00,25.0,30.0,30.0,0.0,0.005694975835682681,0.0,98.0,74382.0,293.902,72.0,1.0,1.0
1788787228,1490,2026-09-07 13:20:28+00:00,63.0,0.0,0.0,0.0,0.01657521143777685,0.0,100.0,74382.0,319.99,72.0,1.0,1.0
1788787229,1491,2026-09-07 13:20:29+00:00,64.0,0.0,0.0,0.0,0.015694220700765205,0.0,100.0,74382.0,298.44,71.0,1.0,1.0
1788787230,1492,2026-09-07 13:20:30+00:00,64.0,0.0,0.0,0.0,0.014548932742650011,0.0,100.0,74382.0,301.304,71.0,1.0,1.0
1788787231,1493,2026-09-07 13:20:31+00:00,44.0,20.0,20.0,0.0,0.009388844140153063,0.0,100.0,74382.0,300.134,71.0,1.0,1.0
1788787232,1494,2026-09-07 13:20:32+00:00,16.0,2.0,2.0,0.0,0.003354057591622994,0.0,88.0,74382.0,310.525,72.0,1.0,1.0
1788787233,1495,2026-09-07 13:20:33+00:00,64.0,0.0,0.0,0.0,0.01653745469190493,0.0,100.0,74382.0,352.242,72.0,1.0,1.0
1788787234,1496,2026-09-07 13:20:34+00:00,64.0,0.0,0.0,0.0,0.014932792992347954,0.0,98.0,74382.0,301.7,71.0,1.0,1.0
1788787235,1497,2026-09-07 13:20:35+00:00,60.0,4.0,4.0,0.0,0.013133054772452635,0.0,99.0,74382.0,314.933,71.0,1.0,1.0
1788787236,1498,2026-09-07 13:20:36+00:00,26.0,22.0,22.0,0.0,0.005562827225130906,0.0,100.0,74382.0,288.279,72.0,1.0,1.0
1788787237,1499,2026-09-07 13:20:37+00:00,33.0,0.0,0.0,0.0,0.008665173177607732,0.0,84.0,74382.0,341.365,72.0,1.0,1.0
1788787238,1500,2026-09-07 13:20:38+00:00,63.0,0.0,0.0,0.0,0.015008306484091793,0.0,98.0,74382.0,279.311,71.0,1.0,1.0
1788787239,1501,2026-09-07 13:20:39+00:00,64.0,0.0,0.0,0.0,0.014246878775674543,0.0,98.0,74382.0,307.401,71.0,1.0,1.0
1788787240,1502,2026-09-07 13:20:40+00:00,40.0,24.0,24.0,0.0,0.008451218284333484,0.0,100.0,74382.0,301.005,72.0,1.0,1.0
1788787241,1503,2026-09-07 13:20:41+00:00,11.0,2.0,2.0,0.0,0.002296868707209021,0.0,100.0,74382.0,307.024,72.0,1.0,1.0
1788787242,1504,2026-09-07 13:20:42+00:00,64.0,0.0,0.0,0.0,0.016229107933950826,0.0,100.0,74382.0,273.55,71.0,1.0,1.0
1788787243,1505,2026-09-07 13:20:43+00:00,63.0,0.0,0.0,0.0,0.014756594844945625,0.0,95.0,74382.0,299.54,71.0,1.0,1.0
1788787244,1506,2026-09-07 13:20:44+00:00,52.0,12.0,12.0,0.0,0.011333316552557426,0.0,98.0,74382.0,289.974,71.0,1.0,1.0
1788787245,1507,2026-09-07 13:20:45+00:00,41.0,9.0,9.0,0.0,0.009476943213854172,0.0,100.0,74382.0,295.486,72.0,1.0,1.0
1788787246,1508,2026-09-07 13:20:46+00:00,46.0,0.0,0.0,0.0,0.012119915424889216,0.0,95.0,74382.0,302.862,72.0,1.0,1.0
1788787247,1509,2026-09-07 13:20:47+00:00,64.0,0.0,0.0,0.0,0.015436216270640402,0.0,97.0,74382.0,302.182,71.0,1.0,1.0
1788787248,1510,2026-09-07 13:20:48+00:00,63.0,0.0,0.0,0.0,0.01406438783729358,0.0,92.0,74382.0,294.494,71.0,1.0,1.0
1788787249,1511,2026-09-07 13:20:49+00:00,37.0,27.0,27.0,0.0,0.007821939186468008,0.0,100.0,74382.0,294.38,72.0,1.0,1.0
1788787250,1512,2026-09-07 13:20:50+00:00,16.0,0.0,0.0,0.0,0.004216169955698734,0.0,91.0,74382.0,301.641,72.0,1.0,1.0
1788787251,1513,2026-09-07 13:20:51+00:00,64.0,0.0,0.0,0.0,0.015977396294804658,0.0,97.0,74382.0,299.223,71.0,1.0,1.0
1788787252,1514,2026-09-07 13:20:52+00:00,64.0,0.0,0.0,0.0,0.014806937172774814,0.0,97.0,74382.0,282.203,71.0,1.0,1.0
1788787253,1515,2026-09-07 13:20:53+00:00,49.0,15.0,15.0,0.0,0.010811014901329075,0.0,100.0,74382.0,268.744,71.0,1.0,1.0
1788787254,1516,2026-09-07 13:20:54+00:00,28.0,35.0,35.0,0.0,0.005927809101892834,0.0,100.0,74382.0,286.075,72.0,1.0,1.0
1788787255,1517,2026-09-07 13:20:55+00:00,22.0,0.0,0.0,0.0,0.005789367700362424,0.0,97.0,74382.0,293.025,72.0,1.0,1.0
1788787256,1518,2026-09-07 13:20:56+00:00,64.0,0.0,0.0,0.0,0.015857833266210264,0.0,100.0,74382.0,303.876,71.0,1.0,1.0
1788787257,1519,2026-09-07 13:20:57+00:00,64.0,0.0,0.0,0.0,0.0148384011276681,0.0,100.0,74382.0,304.341,71.0,1.0,1.0
1788787258,1520,2026-09-07 13:20:58+00:00,58.0,6.0,6.0,0.0,0.012623338703181664,0.0,100.0,74382.0,276.049,71.0,1.0,1.0
1788787259,1521,2026-09-07 13:20:59+00:00,32.0,25.0,25.0,0.0,0.006940948449456252,0.0,100.0,74382.0,286.337,72.0,1.0,1.0
1788787260,1522,2026-09-07 13:21:00+00:00,29.0,3.0,3.0,0.0,0.007016461941200203,0.0,98.0,74382.0,290.79,72.0,1.0,1.0
1788787261,1523,2026-09-07 13:21:01+00:00,64.0,0.0,0.0,0.0,0.016279450261780126,0.0,100.0,74382.0,305.44,72.0,1.0,1.0
1788787262,1524,2026-09-07 13:21:02+00:00,64.0,0.0,0.0,0.0,0.015020892066049174,0.0,100.0,74382.0,301.483,71.0,1.0,1.0
1788787263,1525,2026-09-07 13:21:03+00:00,63.0,1.0,1.0,0.0,0.013705698751510287,0.0,100.0,74382.0,285.85,71.0,1.0,1.0
1788787264,1526,2026-09-07 13:21:04+00:00,41.0,23.0,23.0,0.0,0.008803614579138141,0.0,100.0,74382.0,278.027,72.0,1.0,1.0
1788787265,1527,2026-09-07 13:21:05+00:00,33.0,24.0,24.0,0.0,0.007790475231574723,0.0,100.0,74382.0,300.375,72.0,1.0,1.0
1788787266,1528,2026-09-07 13:21:06+00:00,64.0,0.0,0.0,0.0,0.01656262585581958,0.0,99.0,74382.0,342.695,72.0,1.0,1.0
1788787267,1529,2026-09-07 13:21:07+00:00,64.0,0.0,0.0,0.0,0.01549914418042686,0.0,100.0,74382.0,306.127,71.0,1.0,1.0
1788787268,1530,2026-09-07 13:21:08+00:00,64.0,0.0,0.0,0.0,0.014316099476439748,0.0,100.0,74382.0,301.611,71.0,1.0,1.0
1788787269,1531,2026-09-07 13:21:09+00:00,47.0,17.0,17.0,0.0,0.010181735803463599,0.0,100.0,74382.0,289.791,72.0,1.0,1.0
1788787270,1532,2026-09-07 13:21:10+00:00,26.0,31.0,31.0,0.0,0.005512484897301606,0.0,100.0,74382.0,280.845,72.0,1.0,1.0
1788787271,1533,2026-09-07 13:21:11+00:00,35.0,0.0,0.0,0.0,0.009294452275473208,0.0,99.0,74382.0,302.55,72.0,1.0,1.0
1788787272,1534,2026-09-07 13:21:12+00:00,64.0,0.0,0.0,0.0,0.015964810712847388,0.0,100.0,74382.0,305.928,71.0,1.0,1.0
1788787273,1535,2026-09-07 13:21:13+00:00,64.0,0.0,0.0,0.0,0.014681081353201786,0.0,100.0,74382.0,299.718,71.0,1.0,1.0
1788787274,1536,2026-09-07 13:21:14+00:00,56.0,8.0,8.0,0.0,0.01231499194522756,0.0,100.0,74382.0,299.344,71.0,1.0,1.0
1788787275,1537,2026-09-07 13:21:15+00:00,33.0,26.0,26.0,0.0,0.0071360249697945966,0.0,100.0,74382.0,279.514,72.0,1.0,1.0
1788787276,1538,2026-09-07 13:21:16+00:00,25.0,2.0,2.0,0.0,0.006185813532017748,0.0,100.0,74382.0,298.638,72.0,1.0,1.0
1788787277,1539,2026-09-07 13:21:17+00:00,64.0,0.0,0.0,0.0,0.016178765606121637,0.0,99.0,74382.0,305.729,72.0,1.0,1.0
1788787278,1540,2026-09-07 13:21:18+00:00,64.0,0.0,0.0,0.0,0.014976842529198509,0.0,100.0,74382.0,301.998,71.0,1.0,1.0
1788787279,1541,2026-09-07 13:21:19+00:00,63.0,1.0,1.0,0.0,0.013598721304873163,0.0,100.0,74382.0,288.76,71.0,1.0,1.0
1788787280,1542,2026-09-07 13:21:20+00:00,42.0,22.0,22.0,0.0,0.009168596455900069,0.0,100.0,74382.0,288.163,72.0,1.0,1.0
1788787281,1543,2026-09-07 13:21:21+00:00,27.0,15.0,15.0,0.0,0.006336840515505426,0.0,98.0,74382.0,289.749,72.0,1.0,1.0
1788787282,1544,2026-09-07 13:21:22+00:00,64.0,0.0,0.0,0.0,0.0166003826016915,0.0,100.0,74382.0,305.297,72.0,1.0,1.0
1788787283,1545,2026-09-07 13:21:23+00:00,64.0,0.0,0.0,0.0,0.015530608135320145,0.0,100.0,74382.0,303.676,71.0,1.0,1.0
1788787284,1546,2026-09-07 13:21:24+00:00,64.0,0.0,0.0,0.0,0.014379027386226317,0.0,100.0,74382.0,302.007,71.0,1.0,1.0
1788787285,1547,2026-09-07 13:21:25+00:00,43.0,21.0,21.0,0.0,0.009388844140153063,0.0,100.0,74382.0,296.496,72.0,1.0,1.0
1788787286,1548,2026-09-07 13:21:26+00:00,43.0,14.0,14.0,0.0,0.010200614176399503,0.0,100.0,74382.0,280.013,72.0,1.0,1.0
1788787287,1549,2026-09-07 13:21:27+00:00,48.0,0.0,0.0,0.0,0.012661095449053583,0.0,97.0,74382.0,319.434,72.0,1.0,1.0
1788787288,1550,2026-09-07 13:21:28+00:00,64.0,0.0,0.0,0.0,0.015593536045106715,0.0,100.0,74382.0,302.174,71.0,1.0,1.0
1788787289,1551,2026-09-07 13:21:29+00:00,64.0,0.0,0.0,0.0,0.014523761578735361,0.0,100.0,74382.0,299.913,71.0,1.0,1.0
1788787290,1552,2026-09-07 13:21:30+00:00,57.0,7.0,7.0,0.0,0.01242826218284332,0.0,100.0,74382.0,240.037,71.0,1.0,1.0
1788787291,1553,2026-09-07 13:21:31+00:00,35.0,21.0,21.0,0.0,0.007752718485702803,0.0,100.0,74382.0,287.065,72.0,1.0,1.0
1788787292,1554,2026-09-07 13:21:32+00:00,26.0,2.0,2.0,0.0,0.006575966572694325,0.0,96.0,74382.0,303.007,72.0,1.0,1.0
1788787293,1555,2026-09-07 13:21:33+00:00,64.0,0.0,0.0,0.0,0.016128423278292336,0.0,100.0,74382.0,300.716,72.0,1.0,1.0
1788787294,1556,2026-09-07 13:21:34+00:00,64.0,0.0,0.0,0.0,0.015121576721707664,0.0,100.0,74382.0,303.596,71.0,1.0,1.0
1788787295,1557,2026-09-07 13:21:35+00:00,63.0,1.0,1.0,0.0,0.013944824808699186,0.0,100.0,74382.0,302.2,71.0,1.0,1.0
1788787296,1558,2026-09-07 13:21:36+00:00,41.0,23.0,23.0,0.0,0.008784736206202126,0.0,100.0,74382.0,295.023,72.0,1.0,1.0
1788787297,1559,2026-09-07 13:21:37+00:00,25.0,16.0,16.0,0.0,0.00574531816351187,0.0,100.0,74382.0,288.19,72.0,1.0,1.0
1788787298,1560,2026-09-07 13:21:38+00:00,64.0,0.0,0.0,0.0,0.016631846556584784,0.0,98.0,74382.0,326.578,72.0,1.0,1.0
1788787299,1561,2026-09-07 13:21:39+00:00,64.0,0.0,0.0,0.0,0.015518022553362876,0.0,100.0,74382.0,307.003,71.0,1.0,1.0
1788787300,1562,2026-09-07 13:21:40+00:00,64.0,0.0,0.0,0.0,0.014083266210229595,0.0,100.0,74382.0,295.639,71.0,1.0,1.0
1788787301,1563,2026-09-07 13:21:41+00:00,45.0,19.0,19.0,0.0,0.009609091824405946,0.0,100.0,74382.0,296.08,72.0,1.0,1.0
1788787302,1564,2026-09-07 13:21:42+00:00,28.0,28.0,28.0,0.0,0.006210984695932287,0.0,99.0,74382.0,287.139,72.0,1.0,1.0
1788787303,1565,2026-09-07 13:21:43+00:00,46.0,0.0,0.0,0.0,0.012056987515102646,0.0,100.0,74382.0,300.089,72.0,1.0,1.0
1788787304,1566,2026-09-07 13:21:44+00:00,64.0,0.0,0.0,0.0,0.01566275674587192,0.0,100.0,74382.0,301.003,71.0,1.0,1.0
1788787305,1567,2026-09-07 13:21:45+00:00,64.0,0.0,0.0,0.0,0.014372734595247683,0.0,100.0,74382.0,303.375,71.0,1.0,1.0
1788787306,1568,2026-09-07 13:21:46+00:00,53.0,11.0,11.0,0.0,0.01149063632702374,0.0,100.0,74382.0,241.483,71.0,1.0,1.0
1788787307,1569,2026-09-07 13:21:47+00:00,26.0,38.0,38.0,0.0,0.005562827225130906,0.0,100.0,74382.0,286.493,72.0,1.0,1.0
1788787308,1570,2026-09-07 13:21:48+00:00,25.0,0.0,0.0,0.0,0.006714407974224734,0.0,98.0,74382.0,298.812,72.0,1.0,1.0
1788787309,1571,2026-09-07 13:21:49+00:00,64.0,0.0,0.0,0.0,0.015964810712847388,0.0,100.0,74382.0,296.962,71.0,1.0,1.0
1788787310,1572,2026-09-07 13:21:50+00:00,64.0,0.0,0.0,0.0,0.014806937172774814,0.0,100.0,74382.0,303.491,71.0,1.0,1.0
1788787311,1573,2026-09-07 13:21:51+00:00,58.0,6.0,6.0,0.0,0.012623338703181664,0.0,100.0,74382.0,251.86,71.0,1.0,1.0
1788787312,1574,2026-09-07 13:21:52+00:00,36.0,28.0,28.0,0.0,0.007727547321788153,0.0,100.0,74382.0,293.963,72.0,1.0,1.0
1788787313,1575,2026-09-07 13:21:53+00:00,46.0,3.0,3.0,0.0,0.011905960531614967,0.0,97.0,74382.0,288.154,72.0,1.0,1.0
1788787314,1576,2026-09-07 13:21:54+00:00,64.0,0.0,0.0,0.0,0.0164115988723319,0.0,100.0,74382.0,338.326,72.0,1.0,1.0
1788787315,1577,2026-09-07 13:21:55+00:00,64.0,0.0,0.0,0.0,0.015033477648006444,0.0,100.0,74382.0,296.587,71.0,1.0,1.0
1788787316,1578,2026-09-07 13:21:56+00:00,64.0,0.0,0.0,0.0,0.014032923882400294,0.0,100.0,74382.0,290.081,71.0,1.0,1.0
1788787317,1579,2026-09-07 13:21:57+00:00,44.0,20.0,20.0,0.0,0.009388844140153063,0.0,100.0,74382.0,296.463,72.0,1.0,1.0
1788787318,1580,2026-09-07 13:21:58+00:00,36.0,21.0,21.0,0.0,0.008432339911397468,0.0,100.0,74382.0,282.144,72.0,1.0,1.0
1788787319,1581,2026-09-07 13:21:59+00:00,64.0,0.0,0.0,0.0,0.016977950060410807,0.0,99.0,74382.0,294.083,72.0,1.0,1.0
1788787320,1582,2026-09-07 13:22:00+00:00,64.0,0.0,0.0,0.0,0.01575085581957314,0.0,100.0,74382.0,302.263,71.0,1.0,1.0
1788787321,1583,2026-09-07 13:22:01+00:00,64.0,0.0,0.0,0.0,0.014360149013290413,0.0,100.0,74382.0,304.248,71.0,1.0,1.0
1788787322,1584,2026-09-07 13:22:02+00:00,52.0,12.0,12.0,0.0,0.01145287958115182,0.0,100.0,74382.0,273.373,71.0,1.0,1.0
1788787323,1585,2026-09-07 13:22:03+00:00,27.0,35.0,35.0,0.0,0.005726439790575966,0.0,100.0,74382.0,292.4,72.0,1.0,1.0
1788787324,1586,2026-09-07 13:22:04+00:00,27.0,0.0,0.0,0.0,0.007217831252517071,0.0,98.0,74382.0,283.267,72.0,1.0,1.0
1788787325,1587,2026-09-07 13:22:05+00:00,64.0,0.0,0.0,0.0,0.01582636931131698,0.0,100.0,74382.0,304.93,71.0,1.0,1.0
1788787326,1588,2026-09-07 13:22:06+00:00,64.0,0.0,0.0,0.0,0.014731423681030975,0.0,100.0,74382.0,302.268,71.0,1.0,1.0
1788787327,1589,2026-09-07 13:22:07+00:00,57.0,7.0,7.0,0.0,0.012258356826419625,0.0,100.0,74382.0,261.68,71.0,1.0,1.0
1788787328,1590,2026-09-07 13:22:08+00:00,31.0,33.0,33.0,0.0,0.006745871929118019,0.0,100.0,74382.0,294.305,72.0,1.0,1.0
1788787329,1591,2026-09-07 13:22:09+00:00,21.0,3.0,3.0,0.0,0.005027939991945174,0.0,95.0,74382.0,304.544,72.0,1.0,1.0
1788787330,1592,2026-09-07 13:22:10+00:00,64.0,0.0,0.0,0.0,0.016329792589609315,0.0,100.0,74382.0,294.685,72.0,1.0,1.0
1788787331,1593,2026-09-07 13:22:11+00:00,64.0,0.0,0.0,0.0,0.014769180426902895,0.0,99.0,74382.0,296.953,71.0,1.0,1.0
1788787332,1594,2026-09-07 13:22:12+00:00,57.0,7.0,7.0,0.0,0.01236533427305675,0.0,100.0,74382.0,288.707,71.0,1.0,1.0
1788787333,1595,2026-09-07 13:22:13+00:00,35.0,29.0,29.0,0.0,0.007375151026983495,0.0,100.0,74382.0,295.264,72.0,1.0,1.0
1788787334,1596,2026-09-07 13:22:14+00:00,24.0,4.0,4.0,0.0,0.005827124446234344,0.0,97.0,74382.0,300.742,72.0,1.0,1.0
1788787335,1597,2026-09-07 13:22:15+00:00,64.0,0.0,0.0,0.0,0.016134716069271082,0.0,99.0,74382.0,340.479,72.0,1.0,1.0
1788787336,1598,2026-09-07 13:22:16+00:00,64.0,0.0,0.0,0.0,0.015127869512686298,0.0,98.0,74382.0,300.793,71.0,1.0,1.0
1788787337,1599,2026-09-07 13:22:17+00:00,64.0,0.0,0.0,0.0,0.014083266210229595,0.0,100.0,74382.0,290.833,71.0,1.0,1.0
1788787338,1600,2026-09-07 13:22:18+00:00,42.0,22.0,22.0,0.0,0.009332209021345128,0.0,100.0,74382.0,293.886,72.0,1.0,1.0
1788787339,1601,2026-09-07 13:22:19+00:00,36.0,21.0,21.0,0.0,0.008772150624244857,0.0,100.0,74382.0,295.386,72.0,1.0,1.0
1788787340,1602,2026-09-07 13:22:20+00:00,64.0,0.0,0.0,0.0,0.016707360048328623,0.0,97.0,74382.0,311.416,72.0,1.0,1.0
1788787341,1603,2026-09-07 13:22:21+00:00,64.0,0.0,0.0,0.0,0.01561241441804273,0.0,100.0,74382.0,305.433,71.0,1.0,1.0
1788787342,1604,2026-09-07 13:22:22+00:00,64.0,0.0,0.0,0.0,0.01392594643576317,0.0,100.0,74382.0,306.513,71.0,1.0,1.0
1788787343,1605,2026-09-07 13:22:23+00:00,45.0,19.0,19.0,0.0,0.009615384615384581,0.0,100.0,74382.0,303.861,71.0,1.0,1.0
1788787344,1606,2026-09-07 13:22:24+00:00,21.0,41.0,41.0,0.0,0.004304269029399954,0.0,100.0,74382.0,282.349,72.0,1.0,1.0
1788787345,1607,2026-09-07 13:22:25+00:00,64.0,0.0,0.0,0.0,0.01672623842126464,0.0,97.0,74382.0,294.969,72.0,1.0,1.0
1788787346,1608,2026-09-07 13:22:26+00:00,64.0,0.0,0.0,0.0,0.015429923479661656,0.0,100.0,74382.0,297.366,71.0,1.0,1.0
1788787347,1609,2026-09-07 13:22:27+00:00,64.0,0.0,0.0,0.0,0.014548932742650011,0.0,99.0,74382.0,303.275,71.0,1.0,1.0
1788787348,1610,2026-09-07 13:22:28+00:00,51.0,13.0,13.0,0.0,0.011043848167539227,0.0,100.0,74382.0,266.774,71.0,1.0,1.0
1788787349,1611,2026-09-07 13:22:29+00:00,35.0,21.0,21.0,0.0,0.0076834977849375985,0.0,100.0,74382.0,286.465,72.0,1.0,1.0
1788787350,1612,2026-09-07 13:22:30+00:00,30.0,0.0,0.0,0.0,0.007828231977446642,0.0,97.0,74382.0,296.602,72.0,1.0,1.0
1788787351,1613,2026-09-07 13:22:31+00:00,64.0,0.0,0.0,0.0,0.015996274667740673,0.0,100.0,74382.0,307.323,72.0,1.0,1.0
1788787352,1614,2026-09-07 13:22:32+00:00,64.0,0.0,0.0,0.0,0.01486357229158275,0.0,100.0,74382.0,301.388,71.0,1.0,1.0
1788787353,1615,2026-09-07 13:22:33+00:00,64.0,0.0,0.0,0.0,0.013680527587595637,0.0,100.0,74382.0,285.044,71.0,1.0,1.0
1788787354,1616,2026-09-07 13:22:34+00:00,41.0,23.0,23.0,0.0,0.008791028997180872,0.0,100.0,74382.0,282.191,72.0,1.0,1.0
1788787355,1617,2026-09-07 13:22:35+00:00,37.0,14.0,14.0,0.0,0.009395136931131698,0.0,100.0,74382.0,295.746,72.0,1.0,1.0
1788787356,1618,2026-09-07 13:22:36+00:00,64.0,0.0,0.0,0.0,0.016443062827225186,0.0,97.0,74382.0,315.946,72.0,1.0,1.0
1788787357,1619,2026-09-07 13:22:37+00:00,64.0,0.0,0.0,0.0,0.015455094643576306,0.0,100.0,74382.0,303.64,71.0,1.0,1.0
1788787358,1620,2026-09-07 13:22:38+00:00,64.0,0.0,0.0,0.0,0.014322392267418493,0.0,100.0,74382.0,303.746,71.0,1.0,1.0
1788787359,1621,2026-09-07 13:22:39+00:00,49.0,15.0,15.0,0.0,0.01060335279903346,0.0,100.0,74382.0,264.389,71.0,1.0,1.0
1788787360,1622,2026-09-07 13:22:40+00:00,23.0,36.0,36.0,0.0,0.004952426500201335,0.0,100.0,74382.0,281.271,72.0,1.0,1.0
1788787361,1623,2026-09-07 13:22:41+00:00,42.0,0.0,0.0,0.0,0.011043848167539227,0.0,98.0,74382.0,299.052,72.0,1.0,1.0
1788787362,1624,2026-09-07 13:22:42+00:00,64.0,0.0,0.0,0.0,0.015832662102295614,0.0,100.0,74382.0,380.208,72.0,1.0,1.0
1788787363,1625,2026-09-07 13:22:43+00:00,64.0,0.0,0.0,0.0,0.014511175996778092,0.0,100.0,74382.0,301.614,71.0,1.0,1.0
1788787364,1626,2026-09-07 13:22:44+00:00,52.0,12.0,12.0,0.0,0.011446586790173185,0.0,100.0,74382.0,285.851,71.0,1.0,1.0
1788787365,1627,2026-09-07 13:22:45+00:00,27.0,32.0,32.0,0.0,0.005890052356020914,0.0,100.0,74382.0,288.888,72.0,1.0,1.0
1788787366,1628,2026-09-07 13:22:46+00:00,39.0,0.0,0.0,0.0,0.010383105114780466,0.0,98.0,74382.0,287.94,72.0,1.0,1.0
1788787367,1629,2026-09-07 13:22:47+00:00,64.0,0.0,0.0,0.0,0.016090666532420417,0.0,100.0,74382.0,316.071,72.0,1.0,1.0
1788787368,1630,2026-09-07 13:22:48+00:00,64.0,0.0,0.0,0.0,0.014832108336689465,0.0,100.0,74382.0,304.116,71.0,1.0,1.0
1788787369,1631,2026-09-07 13:22:49+00:00,60.0,4.0,4.0,0.0,0.012856171969391816,0.0,100.0,74382.0,306.097,71.0,1.0,1.0
1788787370,1632,2026-09-07 13:22:50+00:00,36.0,28.0,28.0,0.0,0.007972966169955686,0.0,100.0,74382.0,280.675,71.0,1.0,1.0
1788787371,1633,2026-09-07 13:22:51+00:00,25.0,4.0,4.0,0.0,0.00587117398308501,0.0,100.0,74382.0,285.543,72.0,1.0,1.0
1788787372,1634,2026-09-07 13:22:52+00:00,64.0,0.0,0.0,0.0,0.016392720499395885,0.0,98.0,74382.0,296.838,72.0,1.0,1.0
1788787373,1635,2026-09-07 13:22:53+00:00,64.0,0.0,0.0,0.0,0.015436216270640402,0.0,100.0,74382.0,299.93,71.0,1.0,1.0
1788787374,1636,2026-09-07 13:22:54+00:00,64.0,0.0,0.0,0.0,0.014083266210229595,0.0,99.0,74382.0,301.488,71.0,1.0,1.0
1788787375,1637,2026-09-07 13:22:55+00:00,44.0,20.0,20.0,0.0,0.009338501812323763,0.0,100.0,74382.0,243.038,71.0,1.0,1.0
1788787376,1638,2026-09-07 13:22:56+00:00,23.0,35.0,35.0,0.0,0.004914669754329415,0.0,100.0,74382.0,281.852,72.0,1.0,1.0
1788787377,1639,2026-09-07 13:22:57+00:00,57.0,0.0,0.0,0.0,0.014957964156262604,0.0,98.0,74382.0,297.373,72.0,1.0,1.0
1788787378,1640,2026-09-07 13:22:58+00:00,64.0,0.0,0.0,0.0,0.015807490938380964,0.0,100.0,74382.0,325.86,72.0,1.0,1.0
1788787379,1641,2026-09-07 13:22:59+00:00,64.0,0.0,0.0,0.0,0.014548932742650011,0.0,100.0,74382.0,305.151,71.0,1.0,1.0
1788787380,1642,2026-09-07 13:23:00+00:00,57.0,7.0,7.0,0.0,0.01228982078131291,0.0,100.0,74382.0,292.34,71.0,1.0,1.0
1788787381,1643,2026-09-07 13:23:01+00:00,35.0,29.0,29.0,0.0,0.007519885219492539,0.0,100.0,74382.0,285.153,72.0,1.0,1.0
1788787382,1644,2026-09-07 13:23:02+00:00,18.0,0.0,0.0,0.0,0.004404953685058444,0.0,100.0,74382.0,282.367,72.0,1.0,1.0
1788787383,1645,2026-09-07 13:23:03+00:00,64.0,0.0,0.0,0.0,0.016191351188078906,0.0,97.0,74382.0,303.474,72.0,1.0,1.0
1788787384,1646,2026-09-07 13:23:04+00:00,64.0,0.0,0.0,0.0,0.015052356020942459,0.0,100.0,74382.0,320.062,71.0,1.0,1.0
1788787385,1647,2026-09-07 13:23:05+00:00,63.0,1.0,1.0,0.0,0.014032923882400294,0.0,100.0,74382.0,299.917,71.0,1.0,1.0
1788787386,1648,2026-09-07 13:23:06+00:00,39.0,25.0,25.0,0.0,0.00836941200161101,0.0,100.0,74382.0,284.094,71.0,1.0,1.0
1788787387,1649,2026-09-07 13:23:07+00:00,22.0,11.0,11.0,0.0,0.00493354812726543,0.0,100.0,74382.0,289.077,72.0,1.0,1.0
1788787388,1650,2026-09-07 13:23:08+00:00,64.0,0.0,0.0,0.0,0.01644935561820382,0.0,98.0,74382.0,308.966,72.0,1.0,1.0
1788787389,1651,2026-09-07 13:23:09+00:00,64.0,0.0,0.0,0.0,0.015436216270640402,0.0,100.0,74382.0,329.496,72.0,1.0,1.0
1788787390,1652,2026-09-07 13:23:10+00:00,64.0,0.0,0.0,0.0,0.014139901329037419,0.0,100.0,74382.0,302.32,71.0,1.0,1.0
1788787391,1653,2026-09-07 13:23:11+00:00,48.0,16.0,16.0,0.0,0.010364226741844562,0.0,100.0,74382.0,296.7,71.0,1.0,1.0
1788787392,1654,2026-09-07 13:23:12+00:00,38.0,18.0,18.0,0.0,0.008677758759565002,0.0,100.0,74382.0,295.554,72.0,1.0,1.0
1788787393,1655,2026-09-07 13:23:13+00:00,51.0,0.0,0.0,0.0,0.013560964559001243,0.0,100.0,74382.0,277.876,72.0,1.0,1.0
1788787394,1656,2026-09-07 13:23:14+00:00,64.0,0.0,0.0,0.0,0.01566275674587192,0.0,97.0,74382.0,294.587,72.0,1.0,1.0
1788787395,1657,2026-09-07 13:23:15+00:00,64.0,0.0,0.0,0.0,0.014498590414820822,0.0,100.0,74382.0,299.736,71.0,1.0,1.0
1788787396,1658,2026-09-07 13:23:16+00:00,55.0,9.0,9.0,0.0,0.011811568666935113,0.0,100.0,74382.0,301.005,71.0,1.0,1.0
1788787397,1659,2026-09-07 13:23:17+00:00,33.0,28.0,28.0,0.0,0.007186367297623897,0.0,100.0,74382.0,273.158,71.0,1.0,1.0
1788787398,1660,2026-09-07 13:23:18+00:00,35.0,2.0,2.0,0.0,0.008904299234796631,0.0,100.0,74382.0,301.112,72.0,1.0,1.0
1788787399,1661,2026-09-07 13:23:19+00:00,64.0,0.0,0.0,0.0,0.016052909786548497,0.0,100.0,74382.0,301.367,72.0,1.0,1.0
1788787400,1662,2026-09-07 13:23:20+00:00,64.0,0.0,0.0,0.0,0.014945378574305224,0.0,100.0,74382.0,372.842,72.0,1.0,1.0
1788787401,1663,2026-09-07 13:23:21+00:00,64.0,0.0,0.0,0.0,0.014083266210229595,0.0,100.0,74382.0,308.125,71.0,1.0,1.0
1788787402,1664,2026-09-07 13:23:22+00:00,38.0,26.0,26.0,0.0,0.008375704792589644,0.0,100.0,74382.0,284.151,71.0,1.0,1.0
1788787403,1665,2026-09-07 13:23:23+00:00,20.0,4.0,4.0,0.0,0.004650372533225977,0.0,100.0,74382.0,288.082,72.0,1.0,1.0
1788787404,1666,2026-09-07 13:23:24+00:00,64.0,0.0,0.0,0.0,0.016329792589609315,0.0,100.0,74382.0,283.429,72.0,1.0,1.0
1788787405,1667,2026-09-07 13:23:25+00:00,64.0,0.0,0.0,0.0,0.015108991139750283,0.0,98.0,74382.0,292.919,72.0,1.0,1.0
1788787406,1668,2026-09-07 13:23:26+00:00,64.0,0.0,0.0,0.0,0.014379027386226317,0.0,100.0,74382.0,303.371,71.0,1.0,1.0
1788787407,1669,2026-09-07 13:23:27+00:00,46.0,18.0,18.0,0.0,0.010162857430527583,0.0,100.0,74382.0,298.771,71.0,1.0,1.0
1788787408,1670,2026-09-07 13:23:28+00:00,41.0,16.0,16.0,0.0,0.009672019734192516,0.0,100.0,74382.0,293.006,72.0,1.0,1.0
1788787409,1671,2026-09-07 13:23:29+00:00,46.0,0.0,0.0,0.0,0.012113622633910581,0.0,98.0,74382.0,287.684,72.0,1.0,1.0
1788787410,1672,2026-09-07 13:23:30+00:00,0.0,0.0,0.0,0.0,0.0,0.0,100.0,74382.0,303.155,72.0,1.0,1.0
1788787411,1673,2026-09-07 13:23:31+00:00,0.0,0.0,0.0,0.0,0.0,0.0,25.0,74382.0,127.826,68.0,1.0,1.0
1788787412,1674,2026-09-07 13:23:32+00:00,0.0,0.0,0.0,0.0,0.0,0.0,0.0,74382.0,125.805,67.0,1.0,1.0
1788787413,1675,2026-09-07 13:23:33+00:00,0.0,0.0,0.0,0.0,0.0,0.0,0.0,74382.0,125.776,66.0,1.0,1.0
1788787414,1676,2026-09-07 13:23:34+00:00,0.0,0.0,0.0,0.0,0.0,0.0,0.0,74382.0,125.143,66.0,1.0,1.0
1788787415,1677,2026-09-07 13:23:35+00:00,0.0,0.0,0.0,0.0,0.0,0.0,0.0,74382.0,124.56,66.0,1.0,1.0
1788787416,1678,2026-09-07 13:23:36+00:00,0.0,0.0,0.0,0.0,0.0,0.0,0.0,74382.0,124.151,65.0,1.0,1.0
1788787417,1679,2026-09-07 13:23:37+00:00,0.0,0.0,0.0,0.0,0.0,0.0,0.0,74382.0,124.168,65.0,1.0,1.0
1788787418,1680,2026-09-07 13:23:38+00:00,0.0,0.0,0.0,0.0,0.0,0.0,0.0,74382.0,123.164,65.0,1.0,1.0
1788787419,1681,2026-09-07 13:23:39+00:00,0.0,0.0,0.0,0.0,0.0,0.0,0.0,74382.0,123.091,64.0,1.0,1.0
1788787420,1682,2026-09-07 13:23:40+00:00,0.0,0.0,0.0,0.0,0.0,0.0,0.0,74382.0,122.815,64.0,1.0,1.0
1788787421,1683,2026-09-07 13:23:41+00:00,0.0,0.0,0.0,0.0,0.0,0.0,0.0,74382.0,122.264,64.0,1.0,1.0
1788787422,1684,2026-09-07 13:23:42+00:00,0.0,0.0,0.0,0.0,0.0,0.0,0.0,74382.0,122.244,64.0,1.0,1.0
1788787423,1685,2026-09-07 13:23:43+00:00,0.0,0.0,0.0,0.0,0.0,0.0,0.0,74382.0,121.415,63.0,1.0,1.0
1788787424,1686,2026-09-07 13:23:44+00:00,0.0,0.0,0.0,0.0,0.0,0.0,0.0,74382.0,120.385,63.0,1.0,1.0
1788787425,1687,2026-09-07 13:23:45+00:00,0.0,0.0,0.0,0.0,0.0,0.0,0.0,74382.0,119.763,63.0,1.0,1.0
1788787426,1688,2026-09-07 13:23:46+00:00,0.0,0.0,0.0,0.0,0.0,0.0,0.0,74382.0,119.399,62.0,1.0,1.0
1788787427,1689,2026-09-07 13:23:47+00:00,0.0,0.0,0.0,0.0,0.0,0.0,0.0,74382.0,119.211,62.0,1.0,1.0
1788787428,1690,2026-09-07 13:23:48+00:00,0.0,0.0,0.0,0.0,0.0,0.0,0.0,74382.0,118.793,62.0,1.0,1.0
1788787429,1691,2026-09-07 13:23:49+00:00,0.0,0.0,0.0,0.0,0.0,0.0,0.0,74382.0,118.521,62.0,1.0,1.0
1788787430,1692,2026-09-07 13:23:50+00:00,0.0,0.0,0.0,0.0,0.0,0.0,0.0,74382.0,118.508,62.0,1.0,1.0
1788787431,1693,2026-09-07 13:23:51+00:00,0.0,0.0,0.0,0.0,0.0,0.0,0.0,74382.0,118.29,61.0,1.0,1.0
1788787432,1694,2026-09-07 13:23:52+00:00,0.0,0.0,0.0,0.0,0.0,0.0,0.0,74382.0,118.107,61.0,1.0,1.0
1788787433,1695,2026-09-07 13:23:53+00:00,0.0,0.0,0.0,0.0,0.0,0.0,0.0,74382.0,117.786,61.0,1.0,1.0
1788787434,1696,2026-09-07 13:23:54+00:00,0.0,0.0,0.0,0.0,0.0,0.0,0.0,74382.0,117.503,61.0,1.0,1.0
1788787435,1697,2026-09-07 13:23:55+00:00,0.0,0.0,0.0,0.0,0.0,0.0,0.0,74382.0,117.348,61.0,1.0,1.0
1788787436,1698,2026-09-07 13:23:56+00:00,0.0,0.0,0.0,0.0,0.0,0.0,0.0,74382.0,117.38,60.0,1.0,1.0
1788787437,1699,2026-09-07 13:23:57+00:00,0.0,0.0,0.0,0.0,0.0,0.0,0.0,74382.0,116.912,60.0,1.0,1.0
1788787438,1700,2026-09-07 13:23:58+00:00,0.0,0.0,0.0,0.0,0.0,0.0,0.0,74382.0,116.843,60.0,1.0,1.0
1788787439,1701,2026-09-07 13:23:59+00:00,0.0,0.0,0.0,0.0,0.0,0.0,0.0,74382.0,116.801,60.0,1.0,1.0
1788787440,1702,2026-09-07 13:24:00+00:00,0.0,0.0,0.0,0.0,0.0,0.0,0.0,74382.0,116.485,60.0,1.0,1.0
1788787441,1703,2026-09-07 13:24:01+00:00,0.0,0.0,0.0,0.0,0.0,0.0,0.0,74382.0,116.373,60.0,1.0,1.0
1788787442,1704,2026-09-07 13:24:02+00:00,0.0,0.0,0.0,0.0,0.0,0.0,0.0,74382.0,115.89,59.0,1.0,1.0
1788787443,1705,2026-09-07 13:24:03+00:00,0.0,0.0,0.0,0.0,0.0,0.0,0.0,74382.0,115.907,59.0,1.0,1.0
1788787444,1706,2026-09-07 13:24:04+00:00,0.0,0.0,0.0,0.0,0.0,0.0,0.0,74382.0,115.71,59.0,1.0,1.0
1788787445,1707,2026-09-07 13:24:05+00:00,0.0,0.0,0.0,0.0,0.0,0.0,0.0,74382.0,115.503,59.0,1.0,1.0
1788787446,1708,2026-09-07 13:24:06+00:00,64.0,0.0,0.0,0.0,0.01627315747080149,0.0,36.0,74382.0,296.687,63.0,1.0,1.0
1788787447,1709,2026-09-07 13:24:07+00:00,64.0,0.0,0.0,0.0,0.015039770438985078,0.0,99.0,74382.0,350.881,64.0,1.0,1.0
1788787448,1710,2026-09-07 13:24:08+00:00,64.0,0.0,0.0,0.0,0.014165072492952069,0.0,100.0,74382.0,303.646,63.0,1.0,1.0
1788787449,1711,2026-09-07 13:24:09+00:00,42.0,22.0,22.0,0.0,0.008998691099476486,0.0,100.0,74382.0,298.244,63.0,1.0,1.0
1788787450,1712,2026-09-07 13:24:10+00:00,27.0,24.0,24.0,0.0,0.006443817962142551,0.0,100.0,74382.0,294.518,65.0,1.0,1.0
1788787451,1713,2026-09-07 13:24:11+00:00,64.0,0.0,0.0,0.0,0.016732531212243273,0.0,100.0,74382.0,295.189,65.0,1.0,1.0
1788787452,1714,2026-09-07 13:24:12+00:00,64.0,0.0,0.0,0.0,0.01565017116391465,0.0,100.0,74382.0,345.858,65.0,1.0,1.0
1788787453,1715,2026-09-07 13:24:13+00:00,64.0,0.0,0.0,0.0,0.014334977849375763,0.0,100.0,74382.0,300.634,65.0,1.0,1.0
1788787454,1716,2026-09-07 13:24:14+00:00,47.0,17.0,17.0,0.0,0.010030708819975809,0.0,100.0,74382.0,297.05,65.0,1.0,1.0
1788787455,1717,2026-09-07 13:24:15+00:00,20.0,35.0,35.0,0.0,0.004316854611357224,0.0,100.0,74382.0,300.428,65.0,1.0,1.0
1788787456,1718,2026-09-07 13:24:16+00:00,48.0,0.0,0.0,0.0,0.012875050342327832,0.0,100.0,74382.0,287.076,66.0,1.0,1.0
1788787457,1719,2026-09-07 13:24:17+00:00,64.0,0.0,0.0,0.0,0.015706806282722474,0.0,98.0,74382.0,295.091,66.0,1.0,1.0
1788787458,1720,2026-09-07 13:24:18+00:00,64.0,0.0,0.0,0.0,0.014599275070479312,0.0,100.0,74382.0,302.384,66.0,1.0,1.0
1788787459,1721,2026-09-07 13:24:19+00:00,57.0,7.0,7.0,0.0,0.012333870318163465,0.0,99.0,74382.0,301.003,66.0,1.0,1.0
1788787460,1722,2026-09-07 13:24:20+00:00,35.0,29.0,29.0,0.0,0.007545056383407189,0.0,100.0,74382.0,299.614,66.0,1.0,1.0
1788787461,1723,2026-09-07 13:24:21+00:00,6.0,1.0,1.0,0.0,0.0013403644784535373,0.0,100.0,74382.0,288.387,67.0,1.0,1.0
1788787462,1724,2026-09-07 13:24:22+00:00,64.0,0.0,0.0,0.0,0.016292035843737396,0.0,97.0,74382.0,305.723,67.0,1.0,1.0
1788787463,1725,2026-09-07 13:24:23+00:00,64.0,0.0,0.0,0.0,0.015083819975835633,0.0,100.0,74382.0,300.23,67.0,1.0,1.0
1788787464,1726,2026-09-07 13:24:24+00:00,64.0,0.0,0.0,0.0,0.01390077527184852,0.0,100.0,74382.0,301.289,67.0,1.0,1.0
1788787465,1727,2026-09-07 13:24:25+00:00,43.0,21.0,21.0,0.0,0.009376258558195683,0.0,100.0,74382.0,301.566,67.0,1.0,1.0
1788787466,1728,2026-09-07 13:24:26+00:00,35.0,21.0,21.0,0.0,0.0081806282722513,0.0,100.0,74382.0,296.562,68.0,1.0,1.0
1788787467,1729,2026-09-07 13:24:27+00:00,64.0,0.0,0.0,0.0,0.016707360048328623,0.0,100.0,74382.0,281.028,68.0,1.0,1.0
1788787468,1730,2026-09-07 13:24:28+00:00,64.0,0.0,0.0,0.0,0.015473973016512321,0.0,98.0,74382.0,293.128,68.0,1.0,1.0
1788787469,1731,2026-09-07 13:24:29+00:00,64.0,0.0,0.0,0.0,0.014555225533628646,0.0,100.0,74382.0,303.386,67.0,1.0,1.0
1788787470,1732,2026-09-07 13:24:30+00:00,53.0,11.0,11.0,0.0,0.011559857027788945,0.0,100.0,74382.0,301.093,67.0,1.0,1.0
1788787471,1733,2026-09-07 13:24:31+00:00,31.0,33.0,33.0,0.0,0.0065633809907370555,0.0,100.0,74382.0,272.267,67.0,1.0,1.0
1788787472,1734,2026-09-07 13:24:32+00:00,25.0,4.0,4.0,0.0,0.006292790978654872,0.0,100.0,74382.0,289.308,68.0,1.0,1.0
1788787473,1735,2026-09-07 13:24:33+00:00,64.0,0.0,0.0,0.0,0.016292035843737396,0.0,97.0,74382.0,304.563,69.0,1.0,1.0
1788787474,1736,2026-09-07 13:24:34+00:00,64.0,0.0,0.0,0.0,0.014932792992347954,0.0,100.0,74382.0,318.129,68.0,1.0,1.0
1788787475,1737,2026-09-07 13:24:35+00:00,62.0,2.0,2.0,0.0,0.013472865485300023,0.0,100.0,74382.0,298.921,68.0,1.0,1.0
1788787476,1738,2026-09-07 13:24:36+00:00,42.0,22.0,22.0,0.0,0.00897981272654047,0.0,100.0,74382.0,293.715,68.0,1.0,1.0
1788787477,1739,2026-09-07 13:24:37+00:00,23.0,32.0,32.0,0.0,0.0051852597664115985,0.0,100.0,74382.0,292.672,69.0,1.0,1.0
1788787478,1740,2026-09-07 13:24:38+00:00,64.0,0.0,0.0,0.0,0.016738824003221908,0.0,100.0,74382.0,296.663,69.0,1.0,1.0
1788787479,1741,2026-09-07 13:24:39+00:00,64.0,0.0,0.0,0.0,0.01567534232782919,0.0,99.0,74382.0,320.544,69.0,1.0,1.0
1788787480,1742,2026-09-07 13:24:40+00:00,64.0,0.0,0.0,0.0,0.014334977849375763,0.0,100.0,74382.0,298.549,68.0,1.0,1.0
1788787481,1743,2026-09-07 13:24:41+00:00,50.0,14.0,14.0,0.0,0.01081730769230771,0.0,100.0,74382.0,298.123,68.0,1.0,1.0
1788787482,1744,2026-09-07 13:24:42+00:00,27.0,33.0,33.0,0.0,0.005739025372533235,0.0,100.0,74382.0,244.268,68.0,1.0,1.0
1788787483,1745,2026-09-07 13:24:43+00:00,20.0,0.0,0.0,0.0,0.005178966975432964,0.0,100.0,74382.0,282.584,69.0,1.0,1.0
1788787484,1746,2026-09-07 13:24:44+00:00,64.0,0.0,0.0,0.0,0.0158137837293596,0.0,100.0,74382.0,303.486,70.0,1.0,1.0
1788787485,1747,2026-09-07 13:24:45+00:00,64.0,0.0,0.0,0.0,0.01492650020136932,0.0,100.0,74382.0,344.016,70.0,1.0,1.0
1788787486,1748,2026-09-07 13:24:46+00:00,61.0,3.0,3.0,0.0,0.013271496173983044,0.0,100.0,74382.0,294.038,69.0,1.0,1.0
1788787487,1749,2026-09-07 13:24:47+00:00,35.0,29.0,29.0,0.0,0.0075387635924285545,0.0,100.0,74382.0,297.866,69.0,1.0,1.0
1788787488,1750,2026-09-07 13:24:48+00:00,10.0,0.0,0.0,0.0,0.002177305678614627,0.0,100.0,74382.0,292.835,70.0,1.0,1.0
1788787489,1751,2026-09-07 13:24:49+00:00,64.0,0.0,0.0,0.0,0.0164115988723319,0.0,100.0,74382.0,280.132,70.0,1.0,1.0
1788787490,1752,2026-09-07 13:24:50+00:00,64.0,0.0,0.0,0.0,0.015209675795408772,0.0,96.0,74382.0,283.464,70.0,1.0,1.0
1788787491,1753,2026-09-07 13:24:51+00:00,64.0,0.0,0.0,0.0,0.01406438783729358,0.0,99.0,74382.0,300.11,69.0,1.0,1.0
1788787492,1754,2026-09-07 13:24:52+00:00,46.0,18.0,18.0,0.0,0.009860803463552115,0.0,100.0,74382.0,299.824,69.0,1.0,1.0
1788787493,1755,2026-09-07 13:24:53+00:00,18.0,19.0,19.0,0.0,0.0036561115585984627,0.0,100.0,74382.0,294.029,69.0,1.0,1.0
1788787494,1756,2026-09-07 13:24:54+00:00,64.0,0.0,0.0,0.0,0.01656262585581958,0.0,100.0,74382.0,292.174,70.0,1.0,1.0
1788787495,1757,2026-09-07 13:24:55+00:00,64.0,0.0,0.0,0.0,0.015719391864679855,0.0,100.0,74382.0,291.299,70.0,1.0,1.0
1788787496,1758,2026-09-07 13:24:56+00:00,64.0,0.0,0.0,0.0,0.014561518324607281,0.0,100.0,74382.0,305.25,70.0,1.0,1.0
1788787497,1759,2026-09-07 13:24:57+00:00,48.0,16.0,16.0,0.0,0.010427154651631132,0.0,100.0,74382.0,301.792,69.0,1.0,1.0
1788787498,1760,2026-09-07 13:24:58+00:00,25.0,33.0,33.0,0.0,0.005329993958920642,0.0,100.0,74382.0,267.107,69.0,1.0,1.0
1788787499,1761,2026-09-07 13:24:59+00:00,40.0,0.0,0.0,0.0,0.010546717680225526,0.0,100.0,74382.0,288.288,70.0,1.0,1.0
1788787500,1762,2026-09-07 13:25:00+00:00,64.0,0.0,0.0,0.0,0.015870418848167533,0.0,98.0,74382.0,300.686,71.0,1.0,1.0
1788787501,1763,2026-09-07 13:25:01+00:00,64.0,0.0,0.0,0.0,0.014655910189287136,0.0,100.0,74382.0,303.077,70.0,1.0,1.0
1788787502,1764,2026-09-07 13:25:02+00:00,60.0,4.0,4.0,0.0,0.012818415223519897,0.0,100.0,74382.0,300.127,70.0,1.0,1.0
1788787503,1765,2026-09-07 13:25:03+00:00,40.0,23.0,23.0,0.0,0.008595952476842528,0.0,100.0,74382.0,289.46,70.0,1.0,1.0
1788787504,1766,2026-09-07 13:25:04+00:00,28.0,17.0,17.0,0.0,0.006651480064438164,0.0,100.0,74382.0,287.186,71.0,1.0,1.0
1788787505,1767,2026-09-07 13:25:05+00:00,64.0,0.0,0.0,0.0,0.016556333064840945,0.0,100.0,74382.0,291.833,70.0,1.0,1.0
1788787506,1768,2026-09-07 13:25:06+00:00,64.0,0.0,0.0,0.0,0.015373288360853832,0.0,97.0,74382.0,306.029,71.0,1.0,1.0
1788787507,1769,2026-09-07 13:25:07+00:00,64.0,0.0,0.0,0.0,0.014190243656866719,0.0,100.0,74382.0,300.024,70.0,1.0,1.0
1788787508,1770,2026-09-07 13:25:08+00:00,48.0,16.0,16.0,0.0,0.010471204188481686,0.0,100.0,74382.0,302.668,70.0,1.0,1.0
1788787509,1771,2026-09-07 13:25:09+00:00,20.0,7.0,7.0,0.0,0.004291683447442574,0.0,100.0,74382.0,239.452,70.0,1.0,1.0
1788787510,1772,2026-09-07 13:25:10+00:00,64.0,0.0,0.0,0.0,0.016757702376157924,0.0,100.0,74382.0,284.225,71.0,1.0,1.0
1788787511,1773,2026-09-07 13:25:11+00:00,64.0,0.0,0.0,0.0,0.015153040676600837,0.0,86.0,74382.0,297.954,71.0,1.0,1.0
1788787512,1774,2026-09-07 13:25:12+00:00,60.0,4.0,4.0,0.0,0.012912807088199751,0.0,96.0,74382.0,296.468,70.0,1.0,1.0
1788787513,1775,2026-09-07 13:25:13+00:00,35.0,29.0,29.0,0.0,0.007620569875151029,0.0,95.0,74382.0,284.63,70.0,1.0,1.0
1788787514,1776,2026-09-07 13:25:14+00:00,0.0,0.0,0.0,0.0,0.0,0.0,100.0,74382.0,292.919,71.0,1.0,1.0
1788787515,1777,2026-09-07 13:25:15+00:00,64.0,0.0,0.0,0.0,0.01631091421667341,0.0,100.0,74382.0,308.088,71.0,1.0,1.0
1788787516,1778,2026-09-07 13:25:16+00:00,64.0,0.0,0.0,0.0,0.014530054369714107,0.0,96.0,74382.0,302.594,70.0,1.0,1.0
1788787517,1779,2026-09-07 13:25:17+00:00,48.0,16.0,16.0,0.0,0.010225785340314153,0.0,92.0,74382.0,305.51,70.0,1.0,1.0
1788787518,1780,2026-09-07 13:25:18+00:00,23.0,2.0,2.0,0.0,0.005367750704792562,0.0,99.0,74382.0,235.589,70.0,1.0,1.0
1788787519,1781,2026-09-07 13:25:19+00:00,64.0,0.0,0.0,0.0,0.01661296818364877,0.0,96.0,74382.0,287.491,71.0,1.0,1.0
1788787520,1782,2026-09-07 13:25:20+00:00,64.0,0.0,0.0,0.0,0.015366995569875197,0.0,95.0,74382.0,294.387,71.0,1.0,1.0
1788787521,1783,2026-09-07 13:25:21+00:00,64.0,0.0,0.0,0.0,0.014070680628272214,0.0,95.0,74382.0,307.568,70.0,1.0,1.0
1788787522,1784,2026-09-07 13:25:22+00:00,34.0,30.0,30.0,0.0,0.007211538461538436,0.0,99.0,74382.0,304.273,70.0,1.0,1.0
1788787523,1785,2026-09-07 13:25:23+00:00,23.0,6.0,6.0,0.0,0.005525070479258987,0.0,100.0,74382.0,294.676,71.0,1.0,1.0
1788787524,1786,2026-09-07 13:25:24+00:00,64.0,0.0,0.0,0.0,0.016292035843737396,0.0,98.0,74382.0,301.595,71.0,1.0,1.0
1788787525,1787,2026-09-07 13:25:25+00:00,64.0,0.0,0.0,0.0,0.015153040676600837,0.0,99.0,74382.0,305.837,71.0,1.0,1.0
1788787526,1788,2026-09-07 13:25:26+00:00,64.0,0.0,0.0,0.0,0.013907068062827266,0.0,100.0,74382.0,300.924,70.0,1.0,1.0
1788787527,1789,2026-09-07 13:25:27+00:00,44.0,20.0,20.0,0.0,0.009627970197341962,0.0,100.0,74382.0,299.432,70.0,1.0,1.0
1788787528,1790,2026-09-07 13:25:28+00:00,26.0,31.0,31.0,0.0,0.005688683044703935,0.0,100.0,74382.0,294.412,70.0,1.0,1.0
1788787529,1791,2026-09-07 13:25:29+00:00,64.0,0.0,0.0,0.0,0.01658779701973423,0.0,100.0,74382.0,274.418,71.0,1.0,1.0
1788787530,1792,2026-09-07 13:25:30+00:00,64.0,0.0,0.0,0.0,0.015631292790978635,0.0,99.0,74382.0,299.307,71.0,1.0,1.0
1788787531,1793,2026-09-07 13:25:31+00:00,64.0,0.0,0.0,0.0,0.014360149013290413,0.0,100.0,74382.0,303.471,70.0,1.0,1.0
1788787532,1794,2026-09-07 13:25:32+00:00,49.0,15.0,15.0,0.0,0.010829893274264979,0.0,99.0,74382.0,300.009,70.0,1.0,1.0
1788787533,1795,2026-09-07 13:25:33+00:00,28.0,35.0,35.0,0.0,0.005946687474828849,0.0,100.0,74382.0,271.616,70.0,1.0,1.0
1788787534,1796,2026-09-07 13:25:34+00:00,33.0,0.0,0.0,0.0,0.008784736206202126,0.0,100.0,74382.0,286.432,71.0,1.0,1.0
1788787535,1797,2026-09-07 13:25:35+00:00,64.0,0.0,0.0,0.0,0.015945932339911373,0.0,99.0,74382.0,296.541,71.0,1.0,1.0
1788787536,1798,2026-09-07 13:25:36+00:00,64.0,0.0,0.0,0.0,0.014964256947241239,0.0,100.0,74382.0,315.0,72.0,1.0,1.0
1788787537,1799,2026-09-07 13:25:37+00:00,58.0,6.0,6.0,0.0,0.0124408477648007,0.0,99.0,74382.0,300.878,71.0,1.0,1.0
1788787538,1800,2026-09-07 13:25:38+00:00,34.0,30.0,30.0,0.0,0.00738144381796213,0.0,100.0,74382.0,276.898,70.0,1.0,1.0
1788787539,1801,2026-09-07 13:25:39+00:00,15.0,1.0,1.0,0.0,0.0035428413209827037,0.0,100.0,74382.0,284.297,71.0,1.0,1.0
1788787540,1802,2026-09-07 13:25:40+00:00,64.0,0.0,0.0,0.0,0.01618505839710027,0.0,100.0,74382.0,301.23,71.0,1.0,1.0
1788787541,1803,2026-09-07 13:25:41+00:00,64.0,0.0,0.0,0.0,0.015020892066049174,0.0,95.0,74382.0,296.761,72.0,1.0,1.0
1788787542,1804,2026-09-07 13:25:42+00:00,62.0,2.0,2.0,0.0,0.013453987112364119,0.0,100.0,74382.0,302.19,71.0,1.0,1.0
1788787543,1805,2026-09-07 13:25:43+00:00,37.0,27.0,27.0,0.0,0.007803060813531992,0.0,100.0,74382.0,297.129,71.0,1.0,1.0
1788787544,1806,2026-09-07 13:25:44+00:00,28.0,8.0,8.0,0.0,0.006513038662907755,0.0,100.0,74382.0,295.262,72.0,1.0,1.0
1788787545,1807,2026-09-07 13:25:45+00:00,64.0,0.0,0.0,0.0,0.016594089810712864,0.0,100.0,74382.0,286.998,71.0,1.0,1.0
1788787546,1808,2026-09-07 13:25:46+00:00,64.0,0.0,0.0,0.0,0.015392166733789736,0.0,100.0,74382.0,301.88,72.0,1.0,1.0
1788787547,1809,2026-09-07 13:25:47+00:00,64.0,0.0,0.0,0.0,0.014177658074909338,0.0,100.0,74382.0,302.081,71.0,1.0,1.0
1788787548,1810,2026-09-07 13:25:48+00:00,42.0,22.0,22.0,0.0,0.008973519935561836,0.0,100.0,74382.0,295.959,71.0,1.0,1.0
1788787549,1811,2026-09-07 13:25:49+00:00,20.0,26.0,26.0,0.0,0.00414694925493353,0.0,100.0,74382.0,245.474,71.0,1.0,1.0
1788787550,1812,2026-09-07 13:25:50+00:00,64.0,0.0,0.0,0.0,0.016770287958115193,0.0,100.0,74382.0,281.58,71.0,1.0,1.0
1788787551,1813,2026-09-07 13:25:51+00:00,64.0,0.0,0.0,0.0,0.01570051349174384,0.0,99.0,74382.0,290.062,72.0,1.0,1.0
1788787552,1814,2026-09-07 13:25:52+00:00,64.0,0.0,0.0,0.0,0.014366441804269048,0.0,100.0,74382.0,301.776,71.0,1.0,1.0
1788787553,1815,2026-09-07 13:25:53+00:00,53.0,11.0,11.0,0.0,0.011484343536045105,0.0,100.0,74382.0,296.239,71.0,1.0,1.0
1788787554,1816,2026-09-07 13:25:54+00:00,30.0,29.0,29.0,0.0,0.006330547724526792,0.0,100.0,74382.0,258.976,70.0,1.0,1.0
1788787555,1817,2026-09-07 13:25:55+00:00,36.0,0.0,0.0,0.0,0.009615384615384581,0.0,100.0,74382.0,287.198,71.0,1.0,1.0
1788787556,1818,2026-09-07 13:25:56+00:00,64.0,0.0,0.0,0.0,0.01590188280306082,0.0,99.0,74382.0,303.093,72.0,1.0,1.0
1788787557,1819,2026-09-07 13:25:57+00:00,64.0,0.0,0.0,0.0,0.01477547321788164,0.0,100.0,74382.0,351.169,72.0,1.0,1.0
1788787558,1820,2026-09-07 13:25:58+00:00,59.0,5.0,5.0,0.0,0.012856171969391816,0.0,100.0,74382.0,302.011,71.0,1.0,1.0
1788787559,1821,2026-09-07 13:25:59+00:00,37.0,27.0,27.0,0.0,0.007960380587998417,0.0,100.0,74382.0,304.861,71.0,1.0,1.0
1788787560,1822,2026-09-07 13:26:00+00:00,13.0,4.0,4.0,0.0,0.002844341522352023,0.0,100.0,74382.0,294.1,72.0,1.0,1.0
1788787561,1823,2026-09-07 13:26:01+00:00,64.0,0.0,0.0,0.0,0.016141008860249717,0.0,100.0,74382.0,297.895,72.0,1.0,1.0
1788787562,1824,2026-09-07 13:26:02+00:00,64.0,0.0,0.0,0.0,0.015266310914216707,0.0,99.0,74382.0,345.843,72.0,1.0,1.0
1788787563,1825,2026-09-07 13:26:03+00:00,64.0,0.0,0.0,0.0,0.014322392267418493,0.0,100.0,74382.0,303.458,71.0,1.0,1.0
1788787564,1826,2026-09-07 13:26:04+00:00,41.0,23.0,23.0,0.0,0.008791028997180872,0.0,100.0,74382.0,305.56,71.0,1.0,1.0
1788787565,1827,2026-09-07 13:26:05+00:00,32.0,25.0,25.0,0.0,0.00731851590817556,0.0,100.0,74382.0,303.561,71.0,1.0,1.0
1788787566,1828,2026-09-07 13:26:06+00:00,64.0,0.0,0.0,0.0,0.016606675392670134,0.0,100.0,74382.0,294.724,72.0,1.0,1.0
1788787567,1829,2026-09-07 13:26:07+00:00,64.0,0.0,0.0,0.0,0.015568364881192065,0.0,98.0,74382.0,295.303,72.0,1.0,1.0
1788787568,1830,2026-09-07 13:26:08+00:00,64.0,0.0,0.0,0.0,0.014441955296012887,0.0,100.0,74382.0,303.073,71.0,1.0,1.0
1788787569,1831,2026-09-07 13:26:09+00:00,51.0,13.0,13.0,0.0,0.010980920257752769,0.0,100.0,74382.0,307.424,71.0,1.0,1.0
1788787570,1832,2026-09-07 13:26:10+00:00,35.0,22.0,22.0,0.0,0.007979258960934321,0.0,100.0,74382.0,290.454,71.0,1.0,1.0
1788787571,1833,2026-09-07 13:26:11+00:00,31.0,0.0,0.0,0.0,0.008174335481272665,0.0,100.0,74382.0,295.294,72.0,1.0,1.0
1788787572,1834,2026-09-07 13:26:12+00:00,64.0,0.0,0.0,0.0,0.016040324204591228,0.0,97.0,74382.0,308.493,72.0,1.0,1.0
1788787573,1835,2026-09-07 13:26:13+00:00,64.0,0.0,0.0,0.0,0.01492650020136932,0.0,99.0,74382.0,305.613,72.0,1.0,1.0
1788787574,1836,2026-09-07 13:26:14+00:00,63.0,1.0,1.0,0.0,0.013674234796617002,0.0,100.0,74382.0,301.018,71.0,1.0,1.0
1788787575,1837,2026-09-07 13:26:15+00:00,37.0,27.0,27.0,0.0,0.008017015706806241,0.0,100.0,74382.0,290.871,71.0,1.0,1.0
1788787576,1838,2026-09-07 13:26:16+00:00,23.0,15.0,15.0,0.0,0.005260773258155438,0.0,100.0,74382.0,292.046,72.0,1.0,1.0
1788787577,1839,2026-09-07 13:26:17+00:00,64.0,0.0,0.0,0.0,0.0164115988723319,0.0,100.0,74382.0,294.987,72.0,1.0,1.0
1788787578,1840,2026-09-07 13:26:18+00:00,64.0,0.0,0.0,0.0,0.015329238824003277,0.0,100.0,74382.0,301.748,72.0,1.0,1.0
1788787579,1841,2026-09-07 13:26:19+00:00,64.0,0.0,0.0,0.0,0.014278342730567828,0.0,100.0,74382.0,302.278,71.0,1.0,1.0
1788787580,1842,2026-09-07 13:26:20+00:00,47.0,17.0,17.0,0.0,0.010219492549335518,0.0,100.0,74382.0,300.712,71.0,1.0,1.0
1788787581,1843,2026-09-07 13:26:21+00:00,31.0,25.0,25.0,0.0,0.0071360249697945966,0.0,100.0,74382.0,244.131,70.0,1.0,1.0
1788787582,1844,2026-09-07 13:26:22+00:00,48.0,0.0,0.0,0.0,0.012635924285138933,0.0,100.0,74382.0,280.648,71.0,1.0,1.0
1788787583,1845,2026-09-07 13:26:23+00:00,64.0,0.0,0.0,0.0,0.015794905356423694,0.0,98.0,74382.0,296.764,72.0,1.0,1.0
1788787584,1846,2026-09-07 13:26:24+00:00,64.0,0.0,0.0,0.0,0.014737716472009721,0.0,100.0,74382.0,341.244,72.0,1.0,1.0
1788787585,1847,2026-09-07 13:26:25+00:00,54.0,10.0,10.0,0.0,0.0116542488924688,0.0,100.0,74382.0,301.208,71.0,1.0,1.0
1788787586,1848,2026-09-07 13:26:26+00:00,31.0,33.0,33.0,0.0,0.00654450261780104,0.0,100.0,74382.0,301.588,71.0,1.0,1.0
1788787587,1849,2026-09-07 13:26:27+00:00,13.0,0.0,0.0,0.0,0.0034610350382601185,0.0,100.0,74382.0,293.019,72.0,1.0,1.0
1788787588,1850,2026-09-07 13:26:28+00:00,64.0,0.0,0.0,0.0,0.016034031413612593,0.0,100.0,74382.0,303.857,72.0,1.0,1.0
1788787589,1851,2026-09-07 13:26:29+00:00,64.0,0.0,0.0,0.0,0.01477547321788164,0.0,98.0,74382.0,290.328,72.0,1.0,1.0
1788787590,1852,2026-09-07 13:26:30+00:00,61.0,3.0,3.0,0.0,0.013271496173983044,0.0,99.0,74382.0,301.475,71.0,1.0,1.0
1788787591,1853,2026-09-07 13:26:31+00:00,39.0,25.0,25.0,0.0,0.008249848973016505,0.0,100.0,74382.0,300.204,71.0,1.0,1.0
1788787592,1854,2026-09-07 13:26:32+00:00,15.0,5.0,5.0,0.0,0.00336035038260174,0.0,100.0,74382.0,294.779,72.0,1.0,1.0
1788787593,1855,2026-09-07 13:26:33+00:00,64.0,0.0,0.0,0.0,0.016266864679822746,0.0,100.0,74382.0,284.099,72.0,1.0,1.0
1788787594,1856,2026-09-07 13:26:34+00:00,64.0,0.0,0.0,0.0,0.015348117196939182,0.0,98.0,74382.0,292.51,72.0,1.0,1.0
1788787595,1857,2026-09-07 13:26:35+00:00,64.0,0.0,0.0,0.0,0.014272049939589193,0.0,100.0,74382.0,304.04,71.0,1.0,1.0
1788787596,1858,2026-09-07 13:26:36+00:00,46.0,18.0,18.0,0.0,0.009860803463552115,0.0,100.0,74382.0,300.319,71.0,1.0,1.0
1788787597,1859,2026-09-07 13:26:37+00:00,20.0,34.0,34.0,0.0,0.004279097865485304,0.0,100.0,74382.0,262.922,71.0,1.0,1.0
1788787598,1860,2026-09-07 13:26:38+00:00,53.0,0.0,0.0,0.0,0.0138630185259766,0.0,100.0,74382.0,284.235,72.0,1.0,1.0
1788787599,1861,2026-09-07 13:26:39+00:00,64.0,0.0,0.0,0.0,0.01622281514297219,0.0,100.0,74382.0,303.179,72.0,1.0,1.0
1788787600,1862,2026-09-07 13:26:40+00:00,64.0,0.0,0.0,0.0,0.014517468787756727,0.0,100.0,74382.0,305.156,71.0,1.0,1.0
1788787601,1863,2026-09-07 13:26:41+00:00,54.0,10.0,10.0,0.0,0.011629077728554149,0.0,100.0,74382.0,303.886,71.0,1.0,1.0
1788787602,1864,2026-09-07 13:26:42+00:00,30.0,34.0,34.0,0.0,0.00658225936367296,0.0,100.0,74382.0,273.771,71.0,1.0,1.0
1788787603,1865,2026-09-07 13:26:43+00:00,21.0,0.0,0.0,0.0,0.005518777688280352,0.0,100.0,74382.0,281.337,72.0,1.0,1.0
1788787604,1866,2026-09-07 13:26:44+00:00,64.0,0.0,0.0,0.0,0.015971103503826023,0.0,98.0,74382.0,302.458,72.0,1.0,1.0
1788787605,1867,2026-09-07 13:26:45+00:00,64.0,0.0,0.0,0.0,0.014964256947241239,0.0,100.0,74382.0,319.323,72.0,1.0,1.0
1788787606,1868,2026-09-07 13:26:46+00:00,61.0,3.0,3.0,0.0,0.013403644784534818,0.0,100.0,74382.0,301.198,71.0,1.0,1.0
1788787607,1869,2026-09-07 13:26:47+00:00,37.0,23.0,23.0,0.0,0.00815545710833665,0.0,100.0,74382.0,301.482,71.0,1.0,1.0
1788787608,1870,2026-09-07 13:26:48+00:00,18.0,11.0,11.0,0.0,0.00398333668948847,0.0,100.0,74382.0,307.591,72.0,1.0,1.0
1788787609,1871,2026-09-07 13:26:49+00:00,64.0,0.0,0.0,0.0,0.016304621425694776,0.0,100.0,74382.0,280.505,72.0,1.0,1.0
1788787610,1872,2026-09-07 13:26:50+00:00,64.0,0.0,0.0,0.0,0.015392166733789736,0.0,98.0,74382.0,294.284,72.0,1.0,1.0
1788787611,1873,2026-09-07 13:26:51+00:00,64.0,0.0,0.0,0.0,0.01401404550946439,0.0,99.0,74382.0,304.728,71.0,1.0,1.0
1788787612,1874,2026-09-07 13:26:52+00:00,45.0,19.0,19.0,0.0,0.009659434152235247,0.0,100.0,74382.0,302.498,71.0,1.0,1.0
1788787613,1875,2026-09-07 13:26:53+00:00,28.0,28.0,28.0,0.0,0.006513038662907755,0.0,100.0,74382.0,301.384,71.0,1.0,1.0
1788787614,1876,2026-09-07 13:26:54+00:00,63.0,0.0,0.0,0.0,0.016594089810712864,0.0,100.0,74382.0,285.986,72.0,1.0,1.0
1788787615,1877,2026-09-07 13:26:55+00:00,64.0,0.0,0.0,0.0,0.015706806282722474,0.0,97.0,74382.0,295.179,72.0,1.0,1.0
1788787616,1878,2026-09-07 13:26:56+00:00,64.0,0.0,0.0,0.0,0.014530054369714107,0.0,99.0,74382.0,335.397,72.0,1.0,1.0
1788787617,1879,2026-09-07 13:26:57+00:00,56.0,8.0,8.0,0.0,0.012038109142166742,0.0,100.0,74382.0,305.939,71.0,1.0,1.0
1788787618,1880,2026-09-07 13:26:58+00:00,29.0,35.0,35.0,0.0,0.006349426097462696,0.0,100.0,74382.0,303.058,71.0,1.0,1.0
1788787619,1881,2026-09-07 13:26:59+00:00,14.0,0.0,0.0,0.0,0.0034295710833669446,0.0,100.0,74382.0,303.467,71.0,1.0,1.0
1788787620,1882,2026-09-07 13:27:00+00:00,64.0,0.0,0.0,0.0,0.016052909786548497,0.0,100.0,74382.0,280.7,72.0,1.0,1.0
1788787621,1883,2026-09-07 13:27:01+00:00,64.0,0.0,0.0,0.0,0.014932792992347954,0.0,95.0,74382.0,295.213,72.0,1.0,1.0
1788787622,1884,2026-09-07 13:27:02+00:00,60.0,4.0,4.0,0.0,0.01310159081755935,0.0,100.0,74382.0,303.967,71.0,1.0,1.0
1788787623,1885,2026-09-07 13:27:03+00:00,38.0,26.0,26.0,0.0,0.008249848973016505,0.0,100.0,74382.0,302.452,71.0,1.0,1.0
1788787624,1886,2026-09-07 13:27:04+00:00,48.0,8.0,8.0,0.0,0.011817861457913859,0.0,100.0,74382.0,282.128,71.0,1.0,1.0
1788787625,1887,2026-09-07 13:27:05+00:00,64.0,0.0,0.0,0.0,0.01656262585581958,0.0,98.0,74382.0,280.799,72.0,1.0,1.0
1788787626,1888,2026-09-07 13:27:06+00:00,64.0,0.0,0.0,0.0,0.015335531614981912,0.0,100.0,74382.0,294.66,72.0,1.0,1.0
1788787627,1889,2026-09-07 13:27:07+00:00,64.0,0.0,0.0,0.0,0.014045509464357675,0.0,100.0,74382.0,302.981,71.0,1.0,1.0
1788787628,1890,2026-09-07 13:27:08+00:00,44.0,20.0,20.0,0.0,0.009596506242448677,0.0,100.0,74382.0,302.405,71.0,1.0,1.0
1788787629,1891,2026-09-07 13:27:09+00:00,39.0,18.0,18.0,0.0,0.00910566854611361,0.0,100.0,74382.0,302.405,71.0,1.0,1.0
1788787630,1892,2026-09-07 13:27:10+00:00,47.0,0.0,0.0,0.0,0.01242826218284332,0.0,100.0,74382.0,302.405,71.0,1.0,1.0
1788787631,1893,2026-09-07 13:27:11+00:00,64.0,0.0,0.0,0.0,0.0158641260571889,0.0,100.0,74382.0,302.405,71.0,1.0,1.0
1788787632,1894,2026-09-07 13:27:12+00:00,64.0,0.0,0.0,0.0,0.014460833668948903,0.0,100.0,74382.0,302.405,71.0,1.0,1.0
1788787633,1895,2026-09-07 13:27:13+00:00,54.0,10.0,10.0,0.0,0.0116542488924688,0.0,100.0,74382.0,302.405,71.0,1.0,1.0
1788787634,1896,2026-09-07 13:27:14+00:00,31.0,25.0,25.0,0.0,0.006538209826822405,0.0,100.0,74382.0,302.405,71.0,1.0,1.0
1788787635,1897,2026-09-07 13:27:15+00:00,24.0,1.0,1.0,0.0,0.006192106322996382,0.0,100.0,74382.0,302.405,71.0,1.0,1.0
1788787636,1898,2026-09-07 13:27:16+00:00,64.0,0.0,0.0,0.0,0.01622281514297219,0.0,100.0,74382.0,302.405,71.0,1.0,1.0
1788787637,1899,2026-09-07 13:27:17+00:00,64.0,0.0,0.0,0.0,0.014957964156262604,0.0,100.0,74382.0,302.405,71.0,1.0,1.0
1788787638,1900,2026-09-07 13:27:18+00:00,62.0,2.0,2.0,0.0,0.013258910592025774,0.0,100.0,74382.0,302.405,71.0,1.0,1.0
1788787639,1901,2026-09-07 13:27:19+00:00,39.0,25.0,25.0,0.0,0.008457511075312119,0.0,100.0,74382.0,302.405,71.0,1.0,1.0
1788787640,1902,2026-09-07 13:27:20+00:00,9.0,6.0,6.0,0.0,0.0018500805477245086,0.0,100.0,74382.0,301.709,71.0,1.0,1.0
1788787641,1903,2026-09-07 13:27:21+00:00,64.0,0.0,0.0,0.0,0.016342378171566696,0.0,100.0,74382.0,293.79,71.0,1.0,1.0
1788787642,1904,2026-09-07 13:27:22+00:00,64.0,0.0,0.0,0.0,0.015222261377366042,0.0,100.0,74382.0,294.91,72.0,1.0,1.0
1788787643,1905,2026-09-07 13:27:23+00:00,64.0,0.0,0.0,0.0,0.01398887434554974,0.0,100.0,74382.0,308.648,72.0,1.0,1.0
1788787644,1906,2026-09-07 13:27:24+00:00,44.0,20.0,20.0,0.0,0.009395136931131698,0.0,96.0,74382.0,377.177,72.0,1.0,1.0
1788787645,1907,2026-09-07 13:27:25+00:00,31.0,26.0,26.0,0.0,0.007091975432944042,0.0,100.0,74382.0,303.667,71.0,1.0,1.0
1788787646,1908,2026-09-07 13:27:26+00:00,64.0,0.0,0.0,0.0,0.016915022150624237,0.0,100.0,74382.0,300.134,71.0,1.0,1.0
1788787647,1909,2026-09-07 13:27:27+00:00,64.0,0.0,0.0,0.0,0.015411045106725751,0.0,100.0,74382.0,290.104,72.0,1.0,1.0
1788787648,1910,2026-09-07 13:27:28+00:00,64.0,0.0,0.0,0.0,0.014221707611760004,0.0,98.0,74382.0,273.873,71.0,1.0,1.0
1788787649,1911,2026-09-07 13:27:29+00:00,46.0,18.0,18.0,0.0,0.00986709625453086,0.0,100.0,74382.0,313.613,72.0,1.0,1.0
1788787650,1912,2026-09-07 13:27:30+00:00,38.0,18.0,18.0,0.0,0.00904274063632704,0.0,100.0,74382.0,302.296,71.0,1.0,1.0
1788787651,1913,2026-09-07 13:27:31+00:00,31.0,0.0,0.0,0.0,0.00815545710833665,0.0,100.0,74382.0,299.24,71.0,1.0,1.0
1788787652,1914,2026-09-07 13:27:32+00:00,64.0,0.0,0.0,0.0,0.015719391864679855,0.0,100.0,74382.0,296.142,72.0,1.0,1.0
1788787653,1915,2026-09-07 13:27:33+00:00,64.0,0.0,0.0,0.0,0.014668495771244516,0.0,100.0,74382.0,279.916,72.0,1.0,1.0
1788787654,1916,2026-09-07 13:27:34+00:00,54.0,10.0,10.0,0.0,0.01164166331051153,0.0,96.0,74382.0,293.995,72.0,1.0,1.0
1788787655,1917,2026-09-07 13:27:35+00:00,31.0,33.0,33.0,0.0,0.0066200161095448795,0.0,100.0,74382.0,302.175,71.0,1.0,1.0
1788787656,1918,2026-09-07 13:27:36+00:00,22.0,0.0,0.0,0.0,0.005625755134917476,0.0,100.0,74382.0,297.154,71.0,1.0,1.0
1788787657,1919,2026-09-07 13:27:37+00:00,64.0,0.0,0.0,0.0,0.016008860249697943,0.0,100.0,74382.0,289.89,71.0,1.0,1.0
1788787658,1920,2026-09-07 13:27:38+00:00,64.0,0.0,0.0,0.0,0.015039770438985078,0.0,100.0,74382.0,286.015,72.0,1.0,1.0
1788787659,1921,2026-09-07 13:27:39+00:00,63.0,1.0,1.0,0.0,0.013617599677809067,0.0,99.0,74382.0,303.054,72.0,1.0,1.0
1788787660,1922,2026-09-07 13:27:40+00:00,43.0,21.0,21.0,0.0,0.00914342529198553,0.0,100.0,74382.0,354.089,72.0,1.0,1.0
1788787661,1923,2026-09-07 13:27:41+00:00,24.0,25.0,25.0,0.0,0.005594291180024191,0.0,100.0,74382.0,303.185,71.0,1.0,1.0
1788787662,1924,2026-09-07 13:27:42+00:00,64.0,0.0,0.0,0.0,0.016789166331051097,0.0,100.0,74382.0,290.536,71.0,1.0,1.0
1788787663,1925,2026-09-07 13:27:43+00:00,64.0,0.0,0.0,0.0,0.015417337897704386,0.0,100.0,74382.0,286.575,72.0,1.0,1.0
1788787664,1926,2026-09-07 13:27:44+00:00,64.0,0.0,0.0,0.0,0.014372734595247683,0.0,100.0,74382.0,297.547,72.0,1.0,1.0
1788787665,1927,2026-09-07 13:27:45+00:00,50.0,14.0,14.0,0.0,0.01079213652839306,0.0,96.0,74382.0,336.464,72.0,1.0,1.0
1788787666,1928,2026-09-07 13:27:46+00:00,27.0,30.0,30.0,0.0,0.00578307490938379,0.0,100.0,74382.0,302.991,71.0,1.0,1.0
1788787667,1929,2026-09-07 13:27:47+00:00,31.0,0.0,0.0,0.0,0.00816804269029403,0.0,100.0,74382.0,299.855,71.0,1.0,1.0
1788787668,1930,2026-09-07 13:27:48+00:00,64.0,0.0,0.0,0.0,0.015971103503826023,0.0,100.0,74382.0,271.066,71.0,1.0,1.0
1788787669,1931,2026-09-07 13:27:49+00:00,64.0,0.0,0.0,0.0,0.01480064438179618,0.0,100.0,74382.0,286.007,72.0,1.0,1.0
1788787670,1932,2026-09-07 13:27:50+00:00,55.0,9.0,9.0,0.0,0.012119915424889216,0.0,99.0,74382.0,299.853,72.0,1.0,1.0
1788787671,1933,2026-09-07 13:27:51+00:00,32.0,32.0,32.0,0.0,0.006726993556182004,0.0,100.0,74382.0,301.472,71.0,1.0,1.0
1788787672,1934,2026-09-07 13:27:52+00:00,1.0,0.0,0.0,0.0,0.00021395489327424855,0.0,100.0,74382.0,303.36,71.0,1.0,1.0
1788787673,1935,2026-09-07 13:27:53+00:00,64.0,0.0,0.0,0.0,0.016059202577527132,0.0,100.0,74382.0,289.722,71.0,1.0,1.0
1788787674,1936,2026-09-07 13:27:54+00:00,64.0,0.0,0.0,0.0,0.01481322996375356,0.0,100.0,74382.0,292.12,72.0,1.0,1.0
1788787675,1937,2026-09-07 13:27:55+00:00,62.0,2.0,2.0,0.0,0.013246325010068505,0.0,96.0,74382.0,300.428,72.0,1.0,1.0
1788787676,1938,2026-09-07 13:27:56+00:00,38.0,26.0,26.0,0.0,0.00811770036246473,0.0,100.0,74382.0,302.17,72.0,1.0,1.0
1788787677,1939,2026-09-07 13:27:57+00:00,13.0,7.0,7.0,0.0,0.002668143374949694,0.0,100.0,74382.0,303.357,71.0,1.0,1.0
1788787678,1940,2026-09-07 13:27:58+00:00,64.0,0.0,0.0,0.0,0.016380134917438616,0.0,100.0,74382.0,290.893,71.0,1.0,1.0
1788787679,1941,2026-09-07 13:27:59+00:00,64.0,0.0,0.0,0.0,0.015417337897704386,0.0,100.0,74382.0,282.772,72.0,1.0,1.0
1788787680,1942,2026-09-07 13:28:00+00:00,64.0,0.0,0.0,0.0,0.014303513894482478,0.0,100.0,74382.0,291.769,72.0,1.0,1.0
1788787681,1943,2026-09-07 13:28:01+00:00,49.0,15.0,15.0,0.0,0.010697744663713205,0.0,100.0,74382.0,303.038,72.0,1.0,1.0
1788787682,1944,2026-09-07 13:28:02+00:00,28.0,29.0,29.0,0.0,0.006242448650825572,0.0,100.0,74382.0,301.216,71.0,1.0,1.0
1788787683,1945,2026-09-07 13:28:03+00:00,31.0,0.0,0.0,0.0,0.00826872734595252,0.0,100.0,74382.0,300.934,71.0,1.0,1.0
1788787684,1946,2026-09-07 13:28:04+00:00,64.0,0.0,0.0,0.0,0.015769734192509044,0.0,100.0,74382.0,257.341,71.0,1.0,1.0
1788787685,1947,2026-09-07 13:28:05+00:00,64.0,0.0,0.0,0.0,0.014498590414820822,0.0,100.0,74382.0,280.582,71.0,1.0,1.0
1788787686,1948,2026-09-07 13:28:06+00:00,56.0,8.0,8.0,0.0,0.012050694724124011,0.0,99.0,74382.0,302.456,72.0,1.0,1.0
1788787687,1949,2026-09-07 13:28:07+00:00,30.0,29.0,29.0,0.0,0.006588552154651595,0.0,100.0,74382.0,292.977,71.0,1.0,1.0
1788787688,1950,2026-09-07 13:28:08+00:00,10.0,1.0,1.0,0.0,0.0023472110350382103,0.0,100.0,74382.0,299.195,71.0,1.0,1.0
1788787689,1951,2026-09-07 13:28:09+00:00,64.0,0.0,0.0,0.0,0.016021445831655212,0.0,100.0,74382.0,259.945,71.0,1.0,1.0
1788787690,1952,2026-09-07 13:28:10+00:00,64.0,0.0,0.0,0.0,0.015058648811921094,0.0,100.0,74382.0,288.511,72.0,1.0,1.0
1788787691,1953,2026-09-07 13:28:11+00:00,60.0,4.0,4.0,0.0,0.01307641965364481,0.0,100.0,74382.0,294.068,72.0,1.0,1.0
1788787692,1954,2026-09-07 13:28:12+00:00,36.0,28.0,28.0,0.0,0.0075702275473218394,0.0,100.0,74382.0,286.674,70.0,1.0,1.0
1788787693,1955,2026-09-07 13:28:13+00:00,24.0,8.0,8.0,0.0,0.005594291180024191,0.0,100.0,74382.0,301.292,71.0,1.0,1.0
1788787694,1956,2026-09-07 13:28:14+00:00,64.0,0.0,0.0,0.0,0.01639901329037452,0.0,100.0,74382.0,300.535,71.0,1.0,1.0
1788787695,1957,2026-09-07 13:28:15+00:00,64.0,0.0,0.0,0.0,0.015379581151832467,0.0,100.0,74382.0,301.401,72.0,1.0,1.0
1788787696,1958,2026-09-07 13:28:16+00:00,64.0,0.0,0.0,0.0,0.014209122029802623,0.0,100.0,74382.0,283.202,72.0,1.0,1.0
1788787697,1959,2026-09-07 13:28:17+00:00,46.0,18.0,18.0,0.0,0.009974073701167985,0.0,96.0,74382.0,296.974,72.0,1.0,1.0
1788787698,1960,2026-09-07 13:28:18+00:00,25.0,32.0,32.0,0.0,0.005342579540878023,0.0,100.0,74382.0,303.68,71.0,1.0,1.0
1788787699,1961,2026-09-07 13:28:19+00:00,64.0,0.0,0.0,0.0,0.016707360048328623,0.0,100.0,74382.0,305.613,71.0,1.0,1.0
1788787700,1962,2026-09-07 13:28:20+00:00,64.0,0.0,0.0,0.0,0.01567534232782919,0.0,100.0,74382.0,296.89,71.0,1.0,1.0
1788787701,1963,2026-09-07 13:28:21+00:00,64.0,0.0,0.0,0.0,0.014504883205799457,0.0,100.0,74382.0,288.688,72.0,1.0,1.0
1788787702,1964,2026-09-07 13:28:22+00:00,53.0,11.0,11.0,0.0,0.011610199355618245,0.0,98.0,74382.0,288.547,72.0,1.0,1.0
1788787703,1965,2026-09-07 13:28:23+00:00,32.0,25.0,25.0,0.0,0.007060511478050757,0.0,100.0,74382.0,304.666,71.0,1.0,1.0
1788787704,1966,2026-09-07 13:28:24+00:00,28.0,0.0,0.0,0.0,0.007387736608940765,0.0,100.0,74382.0,301.962,71.0,1.0,1.0
1788787705,1967,2026-09-07 13:28:25+00:00,64.0,0.0,0.0,0.0,0.016166180024164367,0.0,100.0,74382.0,262.811,71.0,1.0,1.0
1788787706,1968,2026-09-07 13:28:26+00:00,64.0,0.0,0.0,0.0,0.014844693918646845,0.0,100.0,74382.0,291.916,72.0,1.0,1.0
1788787707,1969,2026-09-07 13:28:27+00:00,62.0,2.0,2.0,0.0,0.013271496173983044,0.0,98.0,74382.0,298.052,72.0,1.0,1.0
1788787708,1970,2026-09-07 13:28:28+00:00,39.0,25.0,25.0,0.0,0.008375704792589644,0.0,99.0,74382.0,315.709,72.0,1.0,1.0
1788787709,1971,2026-09-07 13:28:29+00:00,22.0,13.0,13.0,0.0,0.004990183246073254,0.0,100.0,74382.0,301.981,71.0,1.0,1.0
1788787710,1972,2026-09-07 13:28:30+00:00,64.0,0.0,0.0,0.0,0.01652486910994766,0.0,100.0,74382.0,304.149,71.0,1.0,1.0
1788787711,1973,2026-09-07 13:28:31+00:00,64.0,0.0,0.0,0.0,0.015373288360853832,0.0,100.0,74382.0,295.481,72.0,1.0,1.0
1788787712,1974,2026-09-07 13:28:32+00:00,64.0,0.0,0.0,0.0,0.014095851792186864,0.0,100.0,74382.0,287.922,72.0,1.0,1.0
1788787713,1975,2026-09-07 13:28:33+00:00,44.0,20.0,20.0,0.0,0.009401429722110333,0.0,100.0,74382.0,398.032,72.0,1.0,1.0
1788787714,1976,2026-09-07 13:28:34+00:00,20.0,36.0,36.0,0.0,0.004316854611357224,0.0,100.0,74382.0,303.258,71.0,1.0,1.0
1788787715,1977,2026-09-07 13:28:35+00:00,64.0,0.0,0.0,0.0,0.016946486105517522,0.0,100.0,74382.0,300.422,71.0,1.0,1.0
1788787716,1978,2026-09-07 13:28:36+00:00,64.0,0.0,0.0,0.0,0.015656463954893285,0.0,100.0,74382.0,295.549,71.0,1.0,1.0
1788787717,1979,2026-09-07 13:28:37+00:00,64.0,0.0,0.0,0.0,0.014561518324607281,0.0,100.0,74382.0,275.877,71.0,1.0,1.0
1788787718,1980,2026-09-07 13:28:38+00:00,51.0,13.0,13.0,0.0,0.010980920257752769,0.0,95.0,74382.0,297.532,72.0,1.0,1.0
1788787719,1981,2026-09-07 13:28:39+00:00,45.0,11.0,11.0,0.0,0.01072920861860649,0.0,99.0,74382.0,304.651,71.0,1.0,1.0
1788787720,1982,2026-09-07 13:28:40+00:00,23.0,0.0,0.0,0.0,0.006041079339508704,0.0,100.0,74382.0,300.798,71.0,1.0,1.0
1788787721,1983,2026-09-07 13:28:41+00:00,64.0,0.0,0.0,0.0,0.0158641260571889,0.0,100.0,74382.0,267.614,70.0,1.0,1.0
1788787722,1984,2026-09-07 13:28:42+00:00,64.0,0.0,0.0,0.0,0.014895036246476034,0.0,100.0,74382.0,281.78,71.0,1.0,1.0
1788787723,1985,2026-09-07 13:28:43+00:00,57.0,7.0,7.0,0.0,0.012258356826419625,0.0,100.0,74382.0,307.776,72.0,1.0,1.0
1788787724,1986,2026-09-07 13:28:44+00:00,35.0,29.0,29.0,0.0,0.007532470801449809,0.0,100.0,74382.0,301.906,71.0,1.0,1.0
1788787725,1987,2026-09-07 13:28:45+00:00,27.0,6.0,6.0,0.0,0.00648157470801447,0.0,100.0,74382.0,301.082,71.0,1.0,1.0
1788787726,1988,2026-09-07 13:28:46+00:00,64.0,0.0,0.0,0.0,0.016354963753523966,0.0,100.0,74382.0,283.515,70.0,1.0,1.0
1788787727,1989,2026-09-07 13:28:47+00:00,64.0,0.0,0.0,0.0,0.015184504631494122,0.0,100.0,74382.0,287.26,71.0,1.0,1.0
1788787728,1990,2026-09-07 13:28:48+00:00,64.0,0.0,0.0,0.0,0.014045509464357675,0.0,99.0,74382.0,298.042,72.0,1.0,1.0
1788787729,1991,2026-09-07 13:28:49+00:00,44.0,20.0,20.0,0.0,0.009646848570277866,0.0,100.0,74382.0,304.343,72.0,1.0,1.0
1788787730,1992,2026-09-07 13:28:50+00:00,29.0,28.0,28.0,0.0,0.00648157470801447,0.0,100.0,74382.0,302.002,71.0,1.0,1.0
1788787731,1993,2026-09-07 13:28:51+00:00,63.0,0.0,0.0,0.0,0.01666331051147807,0.0,100.0,74382.0,303.242,71.0,1.0,1.0
1788787732,1994,2026-09-07 13:28:52+00:00,64.0,0.0,0.0,0.0,0.01570051349174384,0.0,100.0,74382.0,259.78,70.0,1.0,1.0
1788787733,1995,2026-09-07 13:28:53+00:00,64.0,0.0,0.0,0.0,0.014347563431333032,0.0,100.0,74382.0,280.101,71.0,1.0,1.0
1788787734,1996,2026-09-07 13:28:54+00:00,50.0,14.0,14.0,0.0,0.010811014901329075,0.0,97.0,74382.0,301.957,72.0,1.0,1.0
1788787735,1997,2026-09-07 13:28:55+00:00,28.0,28.0,28.0,0.0,0.005915223519935564,0.0,100.0,74382.0,302.194,71.0,1.0,1.0
1788787736,1998,2026-09-07 13:28:56+00:00,22.0,0.0,0.0,0.0,0.005801953282319805,0.0,99.0,74382.0,295.886,71.0,1.0,1.0
1788787737,1999,2026-09-07 13:28:57+00:00,64.0,0.0,0.0,0.0,0.016008860249697943,0.0,100.0,74382.0,247.994,70.0,1.0,1.0
1788787738,2000,2026-09-07 13:28:58+00:00,64.0,0.0,0.0,0.0,0.014907621828433304,0.0,100.0,74382.0,281.009,71.0,1.0,1.0
1788787739,2001,2026-09-07 13:28:59+00:00,62.0,2.0,2.0,0.0,0.01327778896496179,0.0,98.0,74382.0,283.762,71.0,1.0,1.0
1788787740,2002,2026-09-07 13:29:00+00:00,35.0,29.0,29.0,0.0,0.007438078936770065,0.0,100.0,74382.0,298.24,71.0,1.0,1.0
1788787741,2003,2026-09-07 13:29:01+00:00,9.0,5.0,5.0,0.0,0.0018563733387031434,0.0,100.0,74382.0,302.595,71.0,1.0,1.0
1788787742,2004,2026-09-07 13:29:02+00:00,64.0,0.0,0.0,0.0,0.016392720499395885,0.0,100.0,74382.0,286.053,70.0,1.0,1.0
1788787743,2005,2026-09-07 13:29:03+00:00,64.0,0.0,0.0,0.0,0.015090112766814379,0.0,100.0,74382.0,288.689,71.0,1.0,1.0
1788787744,2006,2026-09-07 13:29:04+00:00,64.0,0.0,0.0,0.0,0.013875604107933981,0.0,100.0,74382.0,284.25,71.0,1.0,1.0
1788787745,2007,2026-09-07 13:29:05+00:00,40.0,24.0,24.0,0.0,0.008809907370116776,0.0,99.0,74382.0,340.568,71.0,1.0,1.0
1788787746,2008,2026-09-07 13:29:06+00:00,13.0,7.0,7.0,0.0,0.002668143374949694,0.0,100.0,74382.0,300.517,71.0,1.0,1.0
1788787747,2009,2026-09-07 13:29:07+00:00,64.0,0.0,0.0,0.0,0.016568918646798214,0.0,100.0,74382.0,299.998,71.0,1.0,1.0
1788787748,2010,2026-09-07 13:29:08+00:00,64.0,0.0,0.0,0.0,0.015215968586387407,0.0,100.0,74382.0,296.078,71.0,1.0,1.0
1788787749,2011,2026-09-07 13:29:09+00:00,64.0,0.0,0.0,0.0,0.014221707611760004,0.0,100.0,74382.0,277.746,71.0,1.0,1.0
1788787750,2012,2026-09-07 13:29:10+00:00,44.0,20.0,20.0,0.0,0.009583920660491296,0.0,99.0,74382.0,293.868,72.0,1.0,1.0
1788787751,2013,2026-09-07 13:29:11+00:00,36.0,21.0,21.0,0.0,0.008451218284333484,0.0,100.0,74382.0,301.415,71.0,1.0,1.0
1788787752,2014,2026-09-07 13:29:12+00:00,64.0,0.0,0.0,0.0,0.016738824003221908,0.0,100.0,74382.0,297.674,71.0,1.0,1.0
1788787753,2015,2026-09-07 13:29:13+00:00,64.0,0.0,0.0,0.0,0.01565017116391465,0.0,100.0,74382.0,296.892,71.0,1.0,1.0
1788787754,2016,2026-09-07 13:29:14+00:00,64.0,0.0,0.0,0.0,0.014303513894482478,0.0,100.0,74382.0,280.959,71.0,1.0,1.0
1788787755,2017,2026-09-07 13:29:15+00:00,51.0,13.0,13.0,0.0,0.010999798630688673,0.0,97.0,74382.0,303.25,72.0,1.0,1.0
1788787756,2018,2026-09-07 13:29:16+00:00,31.0,25.0,25.0,0.0,0.006840263793797874,0.0,100.0,74382.0,303.957,71.0,1.0,1.0
1788787757,2019,2026-09-07 13:29:17+00:00,26.0,0.0,0.0,0.0,0.0070227547321788375,0.0,100.0,74382.0,302.199,71.0,1.0,1.0
1788787758,2020,2026-09-07 13:29:18+00:00,64.0,0.0,0.0,0.0,0.015996274667740673,0.0,100.0,74382.0,271.866,70.0,1.0,1.0
1788787759,2021,2026-09-07 13:29:19+00:00,64.0,0.0,0.0,0.0,0.01480064438179618,0.0,100.0,74382.0,287.99,71.0,1.0,1.0
1788787760,2022,2026-09-07 13:29:20+00:00,56.0,8.0,8.0,0.0,0.012283527990334275,0.0,95.0,74382.0,300.221,72.0,1.0,1.0
1788787761,2023,2026-09-07 13:29:21+00:00,29.0,35.0,35.0,0.0,0.006192106322996382,0.0,100.0,74382.0,284.174,71.0,1.0,1.0
1788787762,2024,2026-09-07 13:29:22+00:00,16.0,0.0,0.0,0.0,0.004077728554168325,0.0,100.0,74382.0,300.006,71.0,1.0,1.0
1788787763,2025,2026-09-07 13:29:23+00:00,64.0,0.0,0.0,0.0,0.016216522351993556,0.0,100.0,74382.0,267.24,71.0,1.0,1.0
1788787764,2026,2026-09-07 13:29:24+00:00,64.0,0.0,0.0,0.0,0.01477547321788164,0.0,100.0,74382.0,293.765,71.0,1.0,1.0
1788787765,2027,2026-09-07 13:29:25+00:00,63.0,1.0,1.0,0.0,0.013737162706403572,0.0,100.0,74382.0,292.211,71.0,1.0,1.0
1788787766,2028,2026-09-07 13:29:26+00:00,39.0,25.0,25.0,0.0,0.008337948046717725,0.0,100.0,74382.0,337.274,71.0,1.0,1.0
1788787767,2029,2026-09-07 13:29:27+00:00,18.0,10.0,10.0,0.0,0.004115485300040245,0.0,100.0,74382.0,303.052,71.0,1.0,1.0
1788787768,2030,2026-09-07 13:29:28+00:00,64.0,0.0,0.0,0.0,0.016619260974627514,0.0,100.0,74382.0,294.84,71.0,1.0,1.0
1788787769,2031,2026-09-07 13:29:29+00:00,64.0,0.0,0.0,0.0,0.015178211840515488,0.0,100.0,74382.0,297.023,72.0,1.0,1.0
1788787770,2032,2026-09-07 13:29:30+00:00,64.0,0.0,0.0,0.0,0.01405180225533631,0.0,100.0,74382.0,288.138,71.0,1.0,1.0
1788787771,2033,2026-09-07 13:29:31+00:00,43.0,21.0,21.0,0.0,0.009168596455900069,0.0,97.0,74382.0,294.113,72.0,1.0,1.0
1788787772,2034,2026-09-07 13:29:32+00:00,20.0,34.0,34.0,0.0,0.00410919250906161,0.0,99.0,74382.0,300.717,71.0,1.0,1.0
1788787773,2035,2026-09-07 13:29:33+00:00,57.0,0.0,0.0,0.0,0.014907621828433304,0.0,100.0,74382.0,302.579,71.0,1.0,1.0
1788787774,2036,2026-09-07 13:29:34+00:00,64.0,0.0,0.0,0.0,0.01570051349174384,0.0,100.0,74382.0,302.476,70.0,1.0,1.0
1788787775,2037,2026-09-07 13:29:35+00:00,64.0,0.0,0.0,0.0,0.014397905759162333,0.0,100.0,74382.0,282.15,71.0,1.0,1.0
1788787776,2038,2026-09-07 13:29:36+00:00,54.0,10.0,10.0,0.0,0.011610199355618245,0.0,97.0,74382.0,296.409,72.0,1.0,1.0
1788787777,2039,2026-09-07 13:29:37+00:00,28.0,36.0,36.0,0.0,0.005934101892871579,0.0,99.0,74382.0,307.9,71.0,1.0,1.0
1788787778,2040,2026-09-07 13:29:38+00:00,19.0,0.0,0.0,0.0,0.004958719291179969,0.0,99.0,74382.0,296.764,71.0,1.0,1.0
1788787779,2041,2026-09-07 13:29:39+00:00,64.0,0.0,0.0,0.0,0.01583895489327425,0.0,100.0,74382.0,282.064,71.0,1.0,1.0
1788787780,2042,2026-09-07 13:29:40+00:00,64.0,0.0,0.0,0.0,0.01471254530809507,0.0,100.0,74382.0,300.716,72.0,1.0,1.0
1788787781,2043,2026-09-07 13:29:41+00:00,57.0,7.0,7.0,0.0,0.012308699154248925,0.0,97.0,74382.0,299.311,72.0,1.0,1.0
1788787782,2044,2026-09-07 13:29:42+00:00,31.0,33.0,33.0,0.0,0.006752164720096654,0.0,100.0,74382.0,273.763,70.0,1.0,1.0
1788787783,2045,2026-09-07 13:29:43+00:00,4.0,0.0,0.0,0.0,0.0008495267821183594,0.0,99.0,74382.0,300.137,71.0,1.0,1.0
1788787784,2046,2026-09-07 13:29:44+00:00,64.0,0.0,0.0,0.0,0.016008860249697943,0.0,100.0,74382.0,295.266,70.0,1.0,1.0
1788787785,2047,2026-09-07 13:29:45+00:00,64.0,0.0,0.0,0.0,0.015033477648006444,0.0,100.0,74382.0,278.413,71.0,1.0,1.0
1788787786,2048,2026-09-07 13:29:46+00:00,62.0,2.0,2.0,0.0,0.013284081755940425,0.0,97.0,74382.0,282.625,71.0,1.0,1.0
1788787787,2049,2026-09-07 13:29:47+00:00,38.0,26.0,26.0,0.0,0.008136578735400746,0.0,99.0,74382.0,300.348,72.0,1.0,1.0
1788787788,2050,2026-09-07 13:29:48+00:00,13.0,6.0,6.0,0.0,0.0026618505839709483,0.0,100.0,74382.0,302.779,71.0,1.0,1.0
1788787789,2051,2026-09-07 13:29:49+00:00,64.0,0.0,0.0,0.0,0.01642418445428917,0.0,99.0,74382.0,285.536,71.0,1.0,1.0
1788787790,2052,2026-09-07 13:29:50+00:00,64.0,0.0,0.0,0.0,0.015184504631494122,0.0,100.0,74382.0,295.4,72.0,1.0,1.0
1788787791,2053,2026-09-07 13:29:51+00:00,64.0,0.0,0.0,0.0,0.014045509464357675,0.0,100.0,74382.0,293.721,71.0,1.0,1.0
1788787792,2054,2026-09-07 13:29:52+00:00,43.0,21.0,21.0,0.0,0.00918118203785745,0.0,92.0,74382.0,353.202,72.0,1.0,1.0
1788787793,2055,2026-09-07 13:29:53+00:00,25.0,29.0,29.0,0.0,0.005525070479258987,0.0,97.0,74382.0,303.571,71.0,1.0,1.0
1788787794,2056,2026-09-07 13:29:54+00:00,64.0,0.0,0.0,0.0,0.01655004027386231,0.0,99.0,74382.0,301.978,71.0,1.0,1.0
1788787795,2057,2026-09-07 13:29:55+00:00,64.0,0.0,0.0,0.0,0.015411045106725751,0.0,100.0,74382.0,272.4,70.0,1.0,1.0
1788787796,2058,2026-09-07 13:29:56+00:00,64.0,0.0,0.0,0.0,0.014278342730567828,0.0,100.0,74382.0,285.799,71.0,1.0,1.0
1788787797,2059,2026-09-07 13:29:57+00:00,49.0,15.0,15.0,0.0,0.010798429319371694,0.0,96.0,74382.0,293.207,71.0,1.0,1.0
1788787798,2060,2026-09-07 13:29:58+00:00,22.0,17.0,17.0,0.0,0.004713300443012436,0.0,100.0,74382.0,304.155,71.0,1.0,1.0
1788787799,2061,2026-09-07 13:29:59+00:00,47.0,0.0,0.0,0.0,0.01228982078131291,0.0,98.0,74382.0,299.026,71.0,1.0,1.0
1788787800,2062,2026-09-07 13:30:00+00:00,64.0,0.0,0.0,0.0,0.015455094643576306,0.0,100.0,74382.0,296.144,70.0,1.0,1.0
1788787801,2063,2026-09-07 13:30:01+00:00,64.0,0.0,0.0,0.0,0.014341270640354398,0.0,100.0,74382.0,283.733,71.0,1.0,1.0
1788787802,2064,2026-09-07 13:30:02+00:00,51.0,13.0,13.0,0.0,0.011031262585581958,0.0,96.0,74382.0,286.03,71.0,1.0,1.0
1788787803,2065,2026-09-07 13:30:03+00:00,42.0,15.0,15.0,0.0,0.009640555779299231,0.0,99.0,74382.0,304.161,71.0,1.0,1.0
1788787804,2066,2026-09-07 13:30:04+00:00,26.0,0.0,0.0,0.0,0.006922070076520348,0.0,100.0,74382.0,297.075,70.0,1.0,1.0
1788787805,2067,2026-09-07 13:30:05+00:00,64.0,0.0,0.0,0.0,0.015971103503826023,0.0,100.0,74382.0,266.0,70.0,1.0,1.0
1788787806,2068,2026-09-07 13:30:06+00:00,64.0,0.0,0.0,0.0,0.014737716472009721,0.0,100.0,74382.0,287.994,71.0,1.0,1.0
1788787807,2069,2026-09-07 13:30:07+00:00,58.0,6.0,6.0,0.0,0.012510068465565793,0.0,97.0,74382.0,308.358,72.0,1.0,1.0
1788787808,2070,2026-09-07 13:30:08+00:00,30.0,34.0,34.0,0.0,0.00655708819975831,0.0,100.0,74804.0,286.802,70.0,1.0,1.0
1788787809,2071,2026-09-07 13:30:09+00:00,29.0,2.0,2.0,0.0,0.0073940293999193996,0.0,100.0,74804.0,304.841,71.0,1.0,1.0
1788787810,2072,2026-09-07 13:30:10+00:00,64.0,0.0,0.0,0.0,0.016090666532420417,0.0,100.0,74382.0,293.893,70.0,1.0,1.0
1788787811,2073,2026-09-07 13:30:11+00:00,64.0,0.0,0.0,0.0,0.01485098670962548,0.0,100.0,74382.0,298.636,71.0,1.0,1.0
1788787812,2074,2026-09-07 13:30:12+00:00,64.0,0.0,0.0,0.0,0.013711991542488922,0.0,98.0,74382.0,289.94,72.0,1.0,1.0
1788787813,2075,2026-09-07 13:30:13+00:00,40.0,24.0,24.0,0.0,0.008772150624244857,0.0,100.0,74382.0,328.267,72.0,1.0,1.0
1788787814,2076,2026-09-07 13:30:14+00:00,22.0,2.0,2.0,0.0,0.0053866290777285775,0.0,99.0,74382.0,298.557,70.0,1.0,1.0
1788787815,2077,2026-09-07 13:30:15+00:00,64.0,0.0,0.0,0.0,0.01638642770841725,0.0,100.0,74382.0,298.532,71.0,1.0,1.0
1788787816,2078,2026-09-07 13:30:16+00:00,64.0,0.0,0.0,0.0,0.015335531614981912,0.0,100.0,74382.0,293.926,72.0,1.0,1.0
1788787817,2079,2026-09-07 13:30:17+00:00,64.0,0.0,0.0,0.0,0.014322392267418493,0.0,100.0,74382.0,293.963,71.0,1.0,1.0
1788787818,2080,2026-09-07 13:30:18+00:00,42.0,22.0,22.0,0.0,0.009187474828836084,0.0,94.0,74382.0,334.332,72.0,1.0,1.0
1788787819,2081,2026-09-07 13:30:19+00:00,21.0,8.0,8.0,0.0,0.004612615787354057,0.0,99.0,74382.0,301.884,71.0,1.0,1.0
1788787820,2082,2026-09-07 13:30:20+00:00,64.0,0.0,0.0,0.0,0.016543747482883564,0.0,99.0,74382.0,299.722,71.0,1.0,1.0
1788787821,2083,2026-09-07 13:30:21+00:00,64.0,0.0,0.0,0.0,0.015530608135320145,0.0,100.0,74382.0,304.696,71.0,1.0,1.0
1788787822,2084,2026-09-07 13:30:22+00:00,64.0,0.0,0.0,0.0,0.014391612968183698,0.0,100.0,74382.0,280.477,71.0,1.0,1.0
1788787823,2085,2026-09-07 13:30:23+00:00,46.0,18.0,18.0,0.0,0.0099426097462747,0.0,94.0,74382.0,294.589,72.0,1.0,1.0
1788787824,2086,2026-09-07 13:30:24+00:00,21.0,20.0,20.0,0.0,0.004404953685058444,0.0,100.0,74382.0,306.324,71.0,1.0,1.0
1788787825,2087,2026-09-07 13:30:25+00:00,64.0,0.0,0.0,0.0,0.016839508658880398,0.0,100.0,74382.0,302.097,71.0,1.0,1.0
1788787826,2088,2026-09-07 13:30:26+00:00,64.0,0.0,0.0,0.0,0.01568792790978657,0.0,100.0,74382.0,301.203,70.0,1.0,1.0
1788787827,2089,2026-09-07 13:30:27+00:00,64.0,0.0,0.0,0.0,0.013881896898912616,0.0,97.0,74382.0,299.865,72.0,1.0,1.0
1788787828,2090,2026-09-07 13:30:28+00:00,49.0,10.0,10.0,0.0,0.01072920861860649,0.0,97.0,74382.0,295.369,72.0,1.0,1.0
1788787829,2091,2026-09-07 13:30:29+00:00,26.0,37.0,37.0,0.0,0.005525070479258987,0.0,100.0,74382.0,303.982,71.0,1.0,1.0
1788787830,2092,2026-09-07 13:30:30+00:00,39.0,0.0,0.0,0.0,0.010188028594442233,0.0,100.0,74382.0,301.123,71.0,1.0,1.0
1788787831,2093,2026-09-07 13:30:31+00:00,0.0,0.0,0.0,0.0,0.0,0.0,99.0,74382.0,298.027,71.0,1.0,1.0
1788787832,2094,2026-09-07 13:30:32+00:00,0.0,0.0,0.0,0.0,0.0,0.0,0.0,74382.0,126.075,67.0,1.0,1.0
1788787833,2095,2026-09-07 13:30:33+00:00,0.0,0.0,0.0,0.0,0.0,0.0,0.0,74382.0,125.241,66.0,1.0,1.0
1788787834,2096,2026-09-07 13:30:34+00:00,0.0,0.0,0.0,0.0,0.0,0.0,0.0,74382.0,124.564,66.0,1.0,1.0
1788787835,2097,2026-09-07 13:30:35+00:00,0.0,0.0,0.0,0.0,0.0,0.0,0.0,74382.0,124.03,65.0,1.0,1.0
1788787836,2098,2026-09-07 13:30:36+00:00,0.0,0.0,0.0,0.0,0.0,0.0,0.0,74382.0,123.514,65.0,1.0,1.0
1788787837,2099,2026-09-07 13:30:37+00:00,0.0,0.0,0.0,0.0,0.0,0.0,0.0,74382.0,123.343,64.0,1.0,1.0
1788787838,2100,2026-09-07 13:30:38+00:00,0.0,0.0,0.0,0.0,0.0,0.0,0.0,74382.0,122.692,64.0,1.0,1.0
1788787839,2101,2026-09-07 13:30:39+00:00,0.0,0.0,0.0,0.0,0.0,0.0,0.0,74382.0,122.513,64.0,1.0,1.0
1788787840,2102,2026-09-07 13:30:40+00:00,0.0,0.0,0.0,0.0,0.0,0.0,0.0,74382.0,122.006,63.0,1.0,1.0
1788787841,2103,2026-09-07 13:30:41+00:00,0.0,0.0,0.0,0.0,0.0,0.0,0.0,74382.0,120.211,63.0,1.0,1.0
1788787842,2104,2026-09-07 13:30:42+00:00,0.0,0.0,0.0,0.0,0.0,0.0,0.0,74382.0,119.957,63.0,1.0,1.0
1788787843,2105,2026-09-07 13:30:43+00:00,0.0,0.0,0.0,0.0,0.0,0.0,0.0,74382.0,119.719,63.0,1.0,1.0
1788787844,2106,2026-09-07 13:30:44+00:00,0.0,0.0,0.0,0.0,0.0,0.0,0.0,74382.0,119.171,62.0,1.0,1.0
1788787845,2107,2026-09-07 13:30:45+00:00,0.0,0.0,0.0,0.0,0.0,0.0,0.0,74382.0,119.087,62.0,1.0,1.0
1788787846,2108,2026-09-07 13:30:46+00:00,0.0,0.0,0.0,0.0,0.0,0.0,0.0,74382.0,118.682,62.0,1.0,1.0
1788787847,2109,2026-09-07 13:30:47+00:00,0.0,0.0,0.0,0.0,0.0,0.0,0.0,74382.0,118.507,62.0,1.0,1.0
1788787848,2110,2026-09-07 13:30:48+00:00,0.0,0.0,0.0,0.0,0.0,0.0,0.0,74382.0,118.136,61.0,1.0,1.0
1788787849,2111,2026-09-07 13:30:49+00:00,0.0,0.0,0.0,0.0,0.0,0.0,0.0,74382.0,118.094,61.0,1.0,1.0
1788787850,2112,2026-09-07 13:30:50+00:00,0.0,0.0,0.0,0.0,0.0,0.0,0.0,74382.0,117.777,61.0,1.0,1.0
1788787851,2113,2026-09-07 13:30:51+00:00,0.0,0.0,0.0,0.0,0.0,0.0,0.0,74382.0,117.55,61.0,1.0,1.0
1788787852,2114,2026-09-07 13:30:52+00:00,0.0,0.0,0.0,0.0,0.0,0.0,0.0,74382.0,117.354,60.0,1.0,1.0
1788787853,2115,2026-09-07 13:30:53+00:00,0.0,0.0,0.0,0.0,0.0,0.0,0.0,74382.0,116.86,60.0,1.0,1.0
1788787854,2116,2026-09-07 13:30:54+00:00,0.0,0.0,0.0,0.0,0.0,0.0,0.0,74382.0,116.814,60.0,1.0,1.0
1788787855,2117,2026-09-07 13:30:55+00:00,0.0,0.0,0.0,0.0,0.0,0.0,0.0,74382.0,116.478,60.0,1.0,1.0
1788787856,2118,2026-09-07 13:30:56+00:00,0.0,0.0,0.0,0.0,0.0,0.0,0.0,74382.0,116.409,60.0,1.0,1.0
1788787857,2119,2026-09-07 13:30:57+00:00,0.0,0.0,0.0,0.0,0.0,0.0,0.0,74382.0,116.265,59.0,1.0,1.0
1788787858,2120,2026-09-07 13:30:58+00:00,0.0,0.0,0.0,0.0,0.0,0.0,0.0,74382.0,115.894,59.0,1.0,1.0
1788787859,2121,2026-09-07 13:30:59+00:00,0.0,0.0,0.0,0.0,0.0,0.0,0.0,74382.0,115.865,59.0,1.0,1.0
1788787860,2122,2026-09-07 13:31:00+00:00,0.0,0.0,0.0,0.0,0.0,0.0,0.0,74382.0,115.521,59.0,1.0,1.0
1788787861,2123,2026-09-07 13:31:01+00:00,0.0,0.0,0.0,0.0,0.0,0.0,0.0,74382.0,115.458,59.0,1.0,1.0
1788787862,2124,2026-09-07 13:31:02+00:00,0.0,0.0,0.0,0.0,0.0,0.0,0.0,74382.0,115.154,58.0,1.0,1.0
1788787863,2125,2026-09-07 13:31:03+00:00,0.0,0.0,0.0,0.0,0.0,0.0,0.0,74382.0,115.058,58.0,1.0,1.0
1788787864,2126,2026-09-07 13:31:04+00:00,0.0,0.0,0.0,0.0,0.0,0.0,0.0,74382.0,114.821,58.0,1.0,1.0
1788787865,2127,2026-09-07 13:31:05+00:00,0.0,0.0,0.0,0.0,0.0,0.0,0.0,74382.0,114.539,58.0,1.0,1.0
1788787866,2128,2026-09-07 13:31:06+00:00,0.0,0.0,0.0,0.0,0.0,0.0,0.0,74382.0,114.595,58.0,1.0,1.0
1788787867,2129,2026-09-07 13:31:07+00:00,0.0,0.0,0.0,0.0,0.0,0.0,0.0,74382.0,113.664,58.0,1.0,1.0
1788787868,2130,2026-09-07 13:31:08+00:00,0.0,0.0,0.0,0.0,0.0,0.0,0.0,74382.0,114.188,57.0,1.0,1.0
1788787869,2131,2026-09-07 13:31:09+00:00,0.0,0.0,0.0,0.0,0.0,0.0,0.0,74382.0,113.944,57.0,1.0,1.0
1788787870,2132,2026-09-07 13:31:10+00:00,0.0,0.0,0.0,0.0,0.0,0.0,0.0,74382.0,113.492,57.0,1.0,1.0
