configured_lambda_req_s,realized_lambda_req_s,request_id,workload_category,ttft_ms,mean_content_event_itl_ms,e2e_ms,output_tokens,ttft_slo_pass,itl_slo_pass,overall_slo_pass
0.4,0.3455210222603422,req_0675,document_qa,72.0865280018188,7.8148983000573935,541.2149210023927,60,1,1,1
0.4,0.3455210222603422,req_0968,long_output,16.813412999908905,8.246881473301066,5732.136119004281,693,1,1,1
0.4,0.3455210222603422,req_0167,short_interactive,27.01902099943254,10.38353761957652,982.6045890004025,92,1,1,1
0.4,0.3455210222603422,req_0846,long_context_qa,224.97872800158802,8.426327818200331,688.6470120007289,55,1,1,1
0.4,0.3455210222603422,req_0446,knowledge_qa,22.784192995459307,8.184776039058761,1070.6689709986676,128,1,1,1
0.4,0.3455210222603422,req_0407,knowledge_qa,120.74714699701872,8.351489741941013,897.6184659986757,93,1,1,1
0.4,0.3455210222603422,req_0162,short_interactive,14.708351001900155,7.670489825411803,498.17780400189804,63,1,1,1
0.4,0.3455210222603422,req_0638,coding_request,18.57946800009813,7.8437362927471055,2724.991276001674,345,1,1,1
0.4,0.3455210222603422,req_0895,long_context_qa,34.778858003846835,8.625331905109206,1216.7915559984976,137,1,1,1
0.4,0.3455210222603422,req_0233,short_interactive,25.628151997807436,8.261239386712305,2140.7487799951923,256,1,1,1
0.4,0.3455210222603422,req_0703,document_qa,99.90433500206564,8.22266604063031,1111.5369530016324,123,1,1,1
0.4,0.3455210222603422,req_0356,knowledge_qa,241.19940899981884,8.20566002667571,856.9134069985012,75,1,1,1
0.4,0.3455210222603422,req_0429,knowledge_qa,14.183038998453412,7.693850136849123,745.3421470054309,95,1,1,1
0.4,0.3455210222603422,req_0855,long_context_qa,214.64678000484128,8.012386511694558,2266.042221999669,256,1,1,1
0.4,0.3455210222603422,req_0099,short_interactive,36.97597299469635,8.085677296890026,2107.136194994382,256,1,1,1
0.4,0.3455210222603422,req_0175,short_interactive,236.39667299721623,8.98608104444402,1449.8085300001549,135,1,1,1
0.4,0.3455210222603422,req_0093,short_interactive,320.94978500390425,8.213615759207945,1208.316702999582,108,0,1,0
0.4,0.3455210222603422,req_0426,knowledge_qa,23.725423001451418,8.071571153824408,653.5021169984248,78,1,1,1
0.4,0.3455210222603422,req_0960,long_output,29.254155997477937,8.115355859760827,3559.8929949992453,435,1,1,1
0.4,0.3455210222603422,req_0953,long_output,26.919297000858933,7.955180354493052,8173.265944999002,1024,1,1,1
0.4,0.3455210222603422,req_0155,short_interactive,13.496054001734592,8.05617067970843,2076.130423003633,256,1,1,1
0.4,0.3455210222603422,req_0504,coding_request,26.204362999123987,8.183748533338076,1499.49512299645,180,1,1,1
0.4,0.3455210222603422,req_0749,document_qa,30.857207995723,7.692719769413368,131.15115099935792,13,1,1,1
0.4,0.3455210222603422,req_0196,short_interactive,14.50854499853449,7.456610125094206,193.70069300202886,24,1,1,1
0.4,0.3455210222603422,req_0774,document_qa,377.43743600003654,7.355084785688502,480.64667799917515,14,0,1,0
0.4,0.3455210222603422,req_0321,knowledge_qa,14.892072998918593,7.6196280882440455,274.2392629952519,34,1,1,1
0.4,0.3455210222603422,req_0318,knowledge_qa,20.30340400233399,7.708884036596495,652.6733999999124,82,1,1,1
0.4,0.3455210222603422,req_0629,coding_request,128.00969700037967,8.310452031238924,4383.217202994274,512,1,1,1
0.4,0.3455210222603422,req_0035,short_interactive,26.784916000906378,8.003178499873481,315.1413169980515,36,1,1,1
0.4,0.3455210222603422,req_0117,short_interactive,20.256841999071185,8.091344083368313,506.0456630017143,60,1,1,1
0.4,0.3455210222603422,req_0205,short_interactive,14.376321996678598,7.621498891397926,365.2112159979879,46,1,1,1
0.4,0.3455210222603422,req_0769,document_qa,109.74784499558154,7.781578761909808,600.2132719950168,63,1,1,1
0.4,0.3455210222603422,req_0094,short_interactive,234.406442999898,16.661773077010785,451.2531569998828,13,1,0,0
0.4,0.3455210222603422,req_0587,coding_request,14.446743996813893,8.350456627638167,2795.4291259957245,333,1,1,1
0.4,0.3455210222603422,req_0748,document_qa,111.1293529975228,8.362456171722222,1767.1249799968791,198,1,1,1
0.4,0.3455210222603422,req_0218,short_interactive,29.79776499705622,8.285008417971085,2151.0594560022582,256,1,1,1
0.4,0.3455210222603422,req_0967,long_output,30.178643995895982,8.073848410881194,5375.325087996316,662,1,1,1
0.4,0.3455210222603422,req_0399,knowledge_qa,23.26761299627833,8.180864789096631,1070.6512999968254,128,1,1,1
0.4,0.3455210222603422,req_0891,long_context_qa,25.890077005897183,7.934861852845643,565.7024680040195,68,1,1,1
0.4,0.3455210222603422,req_0081,short_interactive,14.600638001866173,8.017427117181342,2067.460657999618,256,1,1,1
0.4,0.3455210222603422,req_0632,coding_request,23.102340004697908,7.950309757802643,4093.8672100019176,512,1,1,1
0.4,0.3455210222603422,req_0370,knowledge_qa,28.24644499924034,8.105578624963528,547.2463120022439,64,1,1,1
0.4,0.3455210222603422,req_0260,short_interactive,14.447095003561117,7.90242734575964,860.2173359977314,107,1,1,1
0.4,0.3455210222603422,req_0346,knowledge_qa,20.400084998982493,7.953174985574889,569.4482149992837,69,1,1,1
0.4,0.3455210222603422,req_0596,coding_request,115.25381700630533,8.939930073762804,1206.2256620047265,122,1,1,1
0.4,0.3455210222603422,req_0056,short_interactive,13.896604999899864,7.380809250025777,161.7337950010551,20,1,1,1
0.4,0.3455210222603422,req_0323,knowledge_qa,39.280878998397384,9.125737424008548,1180.2042510025785,125,1,1,1
0.4,0.3455210222603422,req_0238,short_interactive,20.849594999162946,8.743419547960775,1297.6761839963729,146,1,1,1
0.4,0.3455210222603422,req_0359,knowledge_qa,28.444058996683452,8.613104432697583,924.478854998597,104,1,1,1
0.4,0.3455210222603422,req_0032,short_interactive,33.784327999455854,8.17968993087709,2046.2284949971945,246,1,1,1
0.4,0.3455210222603422,req_0630,coding_request,26.029491004010197,7.811328516700066,3533.5603300045477,449,1,1,1
0.4,0.3455210222603422,req_0904,long_output,116.60193399438867,8.32123944607755,3511.917962998268,408,1,1,1
0.4,0.3455210222603422,req_0690,document_qa,82.68351400329266,8.165472271399008,654.549507999036,70,1,1,1
0.4,0.3455210222603422,req_0833,long_context_qa,511.1534579991712,7.629080130478226,686.860385001637,23,0,1,0
0.4,0.3455210222603422,req_0092,short_interactive,13.465184005326591,7.917832941387815,2040.706173000217,256,1,1,1
0.4,0.3455210222603422,req_0326,knowledge_qa,25.184111000271514,8.036869757859222,1054.1848760040011,128,1,1,1
0.4,0.3455210222603422,req_0208,short_interactive,237.05393700220156,8.367840035162999,2379.5082319993526,256,1,1,1
0.4,0.3455210222603422,req_0710,document_qa,83.29202500317479,7.852219975780651,1057.182897005987,124,1,1,1
0.4,0.3455210222603422,req_0717,document_qa,18.407976000162307,7.853294999996309,387.7498959991499,47,1,1,1
0.4,0.3455210222603422,req_0857,long_context_qa,496.6960329984431,7.96644529810482,1325.4357379992143,104,0,1,0
0.4,0.3455210222603422,req_0773,document_qa,110.8732360007707,7.820719238138519,768.0584370027645,84,1,1,1
0.4,0.3455210222603422,req_0719,document_qa,243.92496600194136,7.686403062507452,490.17730000196025,32,1,1,1
0.4,0.3455210222603422,req_0712,document_qa,83.50090999738313,7.875420832050395,2099.858977999247,256,1,1,1
0.4,0.3455210222603422,req_0142,short_interactive,36.6650860014488,19.21041423058621,286.5996449982049,13,1,0,0
0.4,0.3455210222603422,req_0204,short_interactive,121.9694140017964,8.87055223294343,2330.9928650051006,249,1,1,1
0.4,0.3455210222603422,req_0530,coding_request,21.933666997938417,8.039578539440344,3792.735356997582,469,1,1,1
0.4,0.3455210222603422,req_0878,long_context_qa,228.23300599702634,7.559026666664674,364.5514009986073,18,1,1,1
0.4,0.3455210222603422,req_0319,knowledge_qa,31.60259400465293,9.41491590193062,992.1669910036144,102,1,1,1
0.4,0.3455210222603422,req_0451,knowledge_qa,14.38815200526733,7.500977249947027,224.64839000167558,28,1,1,1
0.4,0.3455210222603422,req_0705,document_qa,39.439391999621876,9.815611707633183,677.6985979959136,65,1,1,1
0.4,0.3455210222603422,req_0408,knowledge_qa,26.873266004258767,9.409164979084986,478.7535499999649,48,1,1,1
0.4,0.3455210222603422,req_0435,knowledge_qa,14.812262001214549,7.727266820324985,1004.1353499982506,128,1,1,1
0.4,0.3455210222603422,req_0974,long_output,15.376813003967982,7.915264644761388,6521.999787000823,822,1,1,1
0.4,0.3455210222603422,req_0240,short_interactive,19.634590003988706,8.166124201682983,991.9700419995934,119,1,1,1
0.4,0.3455210222603422,req_0996,long_output,25.11687199876178,8.000194360407514,3177.434985002037,394,1,1,1
0.4,0.3455210222603422,req_0574,coding_request,24.85801500006346,8.215931342380392,1536.8637869978556,184,1,1,1
0.4,0.3455210222603422,req_0179,short_interactive,14.247020000766497,7.688858964251094,660.3643580019707,84,1,1,1
0.4,0.3455210222603422,req_0367,knowledge_qa,43.18901799706509,9.095195337279218,825.5659110000124,86,1,1,1
0.4,0.3455210222603422,req_0502,coding_request,14.270831001340412,8.635156342463906,3166.415952000534,365,1,1,1
0.4,0.3455210222603422,req_0616,coding_request,24.651851003000047,8.39415488671591,4322.665017003601,512,1,1,1
0.4,0.3455210222603422,req_0840,long_context_qa,219.5803920039907,8.214815062501657,482.75255000044126,32,1,1,1
0.4,0.3455210222603422,req_0835,long_context_qa,24.068229999102186,19.681302500329267,378.66443100210745,18,1,0,0
0.4,0.3455210222603422,req_0886,long_context_qa,247.76169400138315,8.03869950011306,360.63303400442237,14,1,1,1
0.4,0.3455210222603422,req_0040,short_interactive,117.15548700158251,9.434785487519548,872.1614410023903,80,1,1,1
0.4,0.3455210222603422,req_0657,document_qa,81.837017001817,7.833755222236505,223.09925599984126,18,1,1,1
0.4,0.3455210222603422,req_0041,short_interactive,114.65745599707589,8.642545926227658,1169.2871139966883,122,1,1,1
0.4,0.3455210222603422,req_0192,short_interactive,13.177277993236203,7.767725929710423,2001.949240999238,256,1,1,1
0.4,0.3455210222603422,req_0586,coding_request,37.34337000059895,8.251257259503433,2422.156891996565,289,1,1,1
0.4,0.3455210222603422,req_0166,short_interactive,14.027725999767426,7.77368967970915,2004.2929379997076,256,1,1,1
0.4,0.3455210222603422,req_0113,short_interactive,150.10393899865448,8.333204703149022,2283.633867999015,256,1,1,1
0.4,0.3455210222603422,req_0178,short_interactive,14.385352005774621,7.700499188178903,669.1747280056006,85,1,1,1
0.4,0.3455210222603422,req_0818,long_context_qa,401.4147639973089,7.684434416660224,586.1044560006121,24,0,1,0
0.4,0.3455210222603422,req_0148,short_interactive,236.76604199863505,8.883097507459208,832.1764299980714,67,1,1,1
0.4,0.3455210222603422,req_0508,coding_request,240.03374900348717,8.106672860314228,1691.3754160050303,179,1,1,1
0.4,0.3455210222603422,req_0007,short_interactive,26.6921540023759,10.913302021242302,539.8593440040713,47,1,1,1
0.4,0.3455210222603422,req_0698,document_qa,18.394514001556672,7.7579831551451335,468.60288199968636,58,1,1,1
0.4,0.3455210222603422,req_0064,short_interactive,14.574387001630384,7.590177384629034,310.8183399963309,39,1,1,1
0.4,0.3455210222603422,req_0084,short_interactive,120.66372799745295,9.430466250030024,1441.1677579992102,140,1,1,1
0.4,0.3455210222603422,req_0534,coding_request,234.13581700151553,7.990670555924318,2591.748958999233,295,1,1,1
0.4,0.3455210222603422,req_0918,long_output,24.73895300499862,8.058293651366455,8276.76784900541,1024,1,1,1
0.4,0.3455210222603422,req_0466,knowledge_qa,24.41955699760001,7.794126941007562,157.1164589986438,17,1,1,1
0.4,0.3455210222603422,req_0310,knowledge_qa,23.545418996945955,8.134974561646032,617.6275359975989,73,1,1,1
0.4,0.3455210222603422,req_0457,knowledge_qa,21.14648099814076,8.262789917419827,922.0988179949927,109,1,1,1
0.4,0.3455210222603422,req_0984,long_output,28.317026000877377,8.133960035152654,8357.74645699712,1024,1,1,1
0.4,0.3455210222603422,req_0938,long_output,32.94579100474948,8.269885003579885,4647.812489005446,558,1,1,1
0.4,0.3455210222603422,req_0371,knowledge_qa,21.527679004066158,8.150228574070045,462.00492000207305,54,1,1,1
0.4,0.3455210222603422,req_0422,knowledge_qa,21.84593399579171,8.114063632413437,573.9192769979127,68,1,1,1
0.4,0.3455210222603422,req_0131,short_interactive,237.5453349959571,9.394047178119925,923.556854002527,73,1,1,1
0.4,0.3455210222603422,req_0531,coding_request,14.873471998726018,7.761224005352755,1474.2288300039945,188,1,1,1
0.4,0.3455210222603422,req_0864,long_context_qa,478.38638100074604,7.9146847546206045,898.1193479994545,53,0,1,0
0.4,0.3455210222603422,req_0650,coding_request,306.9813600013731,8.5847030098033,4685.42706000153,510,0,1,0
0.4,0.3455210222603422,req_0444,knowledge_qa,315.66289799957303,8.302106939399065,863.8323099949048,66,0,1,0
0.4,0.3455210222603422,req_0931,long_output,28.03780099930009,8.454500846381556,5642.146109996247,664,1,1,1
0.4,0.3455210222603422,req_0793,document_qa,128.2849819981493,8.183125583400397,521.3680559973,48,1,1,1
0.4,0.3455210222603422,req_0926,long_output,25.3194649994839,8.493402928577,976.7847969997092,112,1,1,1
0.4,0.3455210222603422,req_0674,document_qa,77.22473199828528,7.974434874995495,268.99309700093,24,1,1,1
0.4,0.3455210222603422,req_0173,short_interactive,14.485963998595253,5.817615749037941,37.971401994582266,4,1,1,1
0.4,0.3455210222603422,req_0578,coding_request,246.19189299846767,8.138608154562958,1141.6779549981584,110,1,1,1
0.4,0.3455210222603422,req_0524,coding_request,219.09764999873005,7.777964530008224,2552.70680400281,300,1,1,1
0.4,0.3455210222603422,req_0743,document_qa,98.4166619964526,7.78911901434185,643.8957979989937,70,1,1,1
0.6,0.5182815333905132,req_0675,document_qa,74.06526699924143,7.749792044503717,423.01686300197616,45,1,1,1
0.6,0.5182815333905132,req_0968,long_output,18.502976003219374,8.420577175319053,3909.0639960049884,462,1,1,1
0.6,0.5182815333905132,req_0167,short_interactive,23.571710000396706,13.619515852898235,486.88561400194885,34,1,1,1
0.6,0.5182815333905132,req_0846,long_context_qa,226.93522200279403,8.338536854584659,685.8485950069735,55,1,1,1
0.6,0.5182815333905132,req_0446,knowledge_qa,23.22443299635779,8.183952421916274,1071.0732590014231,128,1,1,1
0.6,0.5182815333905132,req_0407,knowledge_qa,42.18884900183184,8.925429064503831,872.4328550015343,93,1,1,1
0.6,0.5182815333905132,req_0162,short_interactive,14.124047003861051,7.883253632291384,550.3773879972869,68,1,1,1
0.6,0.5182815333905132,req_0638,coding_request,31.48415200121235,8.84038095315822,3240.8923549955944,363,1,1,1
0.6,0.5182815333905132,req_0895,long_context_qa,244.65965199487982,9.253475844161585,957.479347998742,77,1,1,1
0.6,0.5182815333905132,req_0233,short_interactive,95.50863500044215,8.054404335950949,2157.657839998137,256,1,1,1
0.6,0.5182815333905132,req_0703,document_qa,95.1066269990406,8.352868804886532,1122.7723249976407,123,1,1,1
0.6,0.5182815333905132,req_0356,knowledge_qa,26.514090001001023,8.575671719930446,669.9258430016926,75,1,1,1
0.6,0.5182815333905132,req_0429,knowledge_qa,14.440664002904668,7.697890452599447,745.9644710033899,95,1,1,1
0.6,0.5182815333905132,req_0855,long_context_qa,213.1541099952301,8.014021767929632,2112.712983995152,237,1,1,1
0.6,0.5182815333905132,req_0099,short_interactive,14.083786998526193,7.752554003900514,1998.9350460018613,256,1,1,1
0.6,0.5182815333905132,req_0175,short_interactive,118.26231900340645,9.132083362944993,1351.3290179980686,135,1,1,1
0.6,0.5182815333905132,req_0093,short_interactive,240.77812299947254,8.190582064815787,1125.5786809997517,108,1,1,1
0.6,0.5182815333905132,req_0426,knowledge_qa,25.24521399755031,8.135668102533181,660.1351519930176,78,1,1,1
0.6,0.5182815333905132,req_0960,long_output,28.48169000208145,8.156730497342975,4637.2705160029,565,1,1,1
0.6,0.5182815333905132,req_0953,long_output,25.557250999554526,8.225938615240125,8449.142048004433,1024,1,1,1
0.6,0.5182815333905132,req_0155,short_interactive,24.387487006606534,8.601703437477681,2226.7481240050984,256,1,1,1
0.6,0.5182815333905132,req_0504,coding_request,28.043711005011573,8.755784011090226,1604.3808390022605,180,1,1,1
0.6,0.5182815333905132,req_0749,document_qa,113.1596140039619,8.108236749952388,308.0614720020094,24,1,1,1
0.6,0.5182815333905132,req_0196,short_interactive,23.274305000086315,7.88345508317434,212.74860199628165,24,1,1,1
0.6,0.5182815333905132,req_0774,document_qa,355.70828300114954,7.35131471394977,458.8550429980387,14,0,1,0
0.6,0.5182815333905132,req_0321,knowledge_qa,14.136807003524154,7.7304727058029075,277.17398299864726,34,1,1,1
0.6,0.5182815333905132,req_0318,knowledge_qa,20.294843998271972,7.753433195672266,733.8418329964043,92,1,1,1
0.6,0.5182815333905132,req_0629,coding_request,15.666938001231756,8.081692572261545,4153.677558999334,512,1,1,1
0.6,0.5182815333905132,req_0035,short_interactive,20.316773996455595,7.97191586106136,307.6009409996914,36,1,1,1
0.6,0.5182815333905132,req_0117,short_interactive,23.45468700514175,8.0750743666916,508.69943400175544,60,1,1,1
0.6,0.5182815333905132,req_0205,short_interactive,21.73896300519118,8.035354847854013,391.67641200037906,46,1,1,1
0.6,0.5182815333905132,req_0769,document_qa,119.20160499721533,7.86212593878617,889.884541000356,98,1,1,1
0.6,0.5182815333905132,req_0094,short_interactive,216.82951699767727,7.264525538350706,311.474554000597,13,1,1,1
0.6,0.5182815333905132,req_0587,coding_request,14.147656998829916,8.427141111440884,2888.094492001983,341,1,1,1
0.6,0.5182815333905132,req_0748,document_qa,108.9083170008962,8.363981742407148,1765.2992889998131,198,1,1,1
0.6,0.5182815333905132,req_0218,short_interactive,27.53585099708289,8.321182652366588,2158.0109060014365,256,1,1,1
0.6,0.5182815333905132,req_0967,long_output,26.75052500126185,8.501583529323398,5535.995226004161,648,1,1,1
0.6,0.5182815333905132,req_0399,knowledge_qa,25.80828600184759,8.152916101551,1069.6678730018903,128,1,1,1
0.6,0.5182815333905132,req_0891,long_context_qa,245.75622400152497,8.348082058813922,813.719019999553,68,1,1,1
0.6,0.5182815333905132,req_0081,short_interactive,27.76922600605758,8.137692910139549,2111.235216005298,256,1,1,1
0.6,0.5182815333905132,req_0632,coding_request,25.212424006895162,8.01785732031135,4130.7145900063915,512,1,1,1
0.6,0.5182815333905132,req_0370,knowledge_qa,23.4268880012678,8.136084749935435,544.3575469980715,64,1,1,1
0.6,0.5182815333905132,req_0260,short_interactive,25.921469001332298,8.181142504204715,999.7698229999514,119,1,1,1
0.6,0.5182815333905132,req_0346,knowledge_qa,25.891067001794,8.095517809001802,746.6253070015227,89,1,1,1
0.6,0.5182815333905132,req_0596,coding_request,31.211173998599406,8.401502516372588,1056.455026002368,122,1,1,1
0.6,0.5182815333905132,req_0056,short_interactive,16.707069997210056,7.367407049969188,164.2854960009572,20,1,1,1
0.6,0.5182815333905132,req_0323,knowledge_qa,14.105737005593255,7.728683159977663,980.4264970007353,125,1,1,1
0.6,0.5182815333905132,req_0238,short_interactive,14.967693998187315,8.038312534216395,1188.7438379999367,146,1,1,1
0.6,0.5182815333905132,req_0359,knowledge_qa,21.250833000522107,8.135502124997192,867.626619998191,104,1,1,1
0.6,0.5182815333905132,req_0032,short_interactive,13.668398998561315,7.937690313015563,1966.605902001902,246,1,1,1
0.6,0.5182815333905132,req_0630,coding_request,23.97348800150212,7.87074202816483,3377.1239560010144,426,1,1,1
0.6,0.5182815333905132,req_0904,long_output,14.369071999681182,8.239688628092447,4999.679918000766,605,1,1,1
0.6,0.5182815333905132,req_0690,document_qa,81.71399500133703,8.169018485620784,653.7310329949833,70,1,1,1
0.6,0.5182815333905132,req_0833,long_context_qa,215.2994950010907,7.718963695641952,393.05896400037454,23,1,1,1
0.6,0.5182815333905132,req_0092,short_interactive,14.182350001647137,7.960722234372497,2052.3554269966553,256,1,1,1
0.6,0.5182815333905132,req_0326,knowledge_qa,23.763003999192733,8.13508761717685,1065.2417929959483,128,1,1,1
0.6,0.5182815333905132,req_0208,short_interactive,117.46234200109029,8.59371719138835,2317.682146996958,256,1,1,1
0.6,0.5182815333905132,req_0710,document_qa,82.42413800326176,7.830930790312836,1053.6660409998149,124,1,1,1
0.6,0.5182815333905132,req_0717,document_qa,90.1438849978149,7.71736731112469,437.65840800188016,45,1,1,1
0.6,0.5182815333905132,req_0857,long_context_qa,408.8078319982742,7.9143111045175205,939.2628999994486,67,0,1,0
0.6,0.5182815333905132,req_0773,document_qa,108.69252299744403,7.751572470571024,504.22810400050366,51,1,1,1
0.6,0.5182815333905132,req_0719,document_qa,258.4585039949161,7.685798968850577,504.6278949957923,32,1,1,1
0.6,0.5182815333905132,req_0712,document_qa,82.57269100431586,7.864668544050405,1600.6926550035132,193,1,1,1
0.6,0.5182815333905132,req_0142,short_interactive,27.39815699897008,11.518640692184608,177.2988200027612,13,1,1,1
0.6,0.5182815333905132,req_0204,short_interactive,73.0087560004904,8.981731682531914,2336.8963399989298,252,1,1,1
0.6,0.5182815333905132,req_0530,coding_request,76.79143299901625,8.575794823265632,3910.4034439951647,447,1,1,1
0.6,0.5182815333905132,req_0878,long_context_qa,242.457986001682,7.904220389011446,384.97910799924284,18,1,1,1
0.6,0.5182815333905132,req_0319,knowledge_qa,14.153518997773062,7.706511725486695,800.4019689979032,102,1,1,1
0.6,0.5182815333905132,req_0451,knowledge_qa,14.00820400158409,7.497024107059198,224.162824000814,28,1,1,1
0.6,0.5182815333905132,req_0705,document_qa,91.37930799624883,9.436547244947679,553.9888170023914,49,1,1,1
0.6,0.5182815333905132,req_0408,knowledge_qa,13.936972994997632,7.617376750052547,379.77882099949056,48,1,1,1
0.6,0.5182815333905132,req_0435,knowledge_qa,13.720069000555668,7.715706453097937,1001.5654789967812,128,1,1,1
0.6,0.5182815333905132,req_0974,long_output,14.319171001261566,8.063937341057782,7320.473266998306,906,1,1,1
0.6,0.5182815333905132,req_0240,short_interactive,25.258752997615375,8.145933663873627,994.9072750023333,119,1,1,1
0.6,0.5182815333905132,req_0996,long_output,29.261715004395228,8.1247709740611,5668.076465000922,694,1,1,1
0.6,0.5182815333905132,req_0574,coding_request,31.760505997226574,8.232733592392279,1546.8406820000382,184,1,1,1
0.6,0.5182815333905132,req_0179,short_interactive,28.096270994865336,8.175050500063836,715.0973190000514,84,1,1,1
0.6,0.5182815333905132,req_0367,knowledge_qa,22.147150004457217,8.045395062405683,408.6122780063306,48,1,1,1
0.6,0.5182815333905132,req_0502,coding_request,14.323461000458337,8.728789904137356,2746.721436997177,313,1,1,1
0.6,0.5182815333905132,req_0616,coding_request,26.34578700235579,9.155861566398471,4714.376302996243,512,1,1,1
0.6,0.5182815333905132,req_0840,long_context_qa,214.91971499926876,8.246338531307629,479.0178420007578,32,1,1,1
0.6,0.5182815333905132,req_0835,long_context_qa,253.9332189990091,17.78190761130342,574.2816010024399,18,1,0,0
0.6,0.5182815333905132,req_0886,long_context_qa,432.9558149984223,8.029406214648459,545.5845070027863,14,0,1,0
0.6,0.5182815333905132,req_0040,short_interactive,30.688392995216418,10.259460209869568,861.9374139962019,81,1,1,1
0.6,0.5182815333905132,req_0657,document_qa,157.30517199699534,7.915320555588955,300.03192699950887,18,1,1,1
0.6,0.5182815333905132,req_0041,short_interactive,33.47308099910151,8.48664841603022,1094.6315600012895,125,1,1,1
0.6,0.5182815333905132,req_0192,short_interactive,21.527277000132017,7.800895773442562,2018.7682190007763,256,1,1,1
0.6,0.5182815333905132,req_0586,coding_request,14.197988995874766,7.770785065756541,2260.219698000583,289,1,1,1
0.6,0.5182815333905132,req_0166,short_interactive,27.313347003655508,7.752601231814796,1733.1173929997021,220,1,1,1
0.6,0.5182815333905132,req_0113,short_interactive,26.49887800362194,8.105038253887642,2101.6433170007076,256,1,1,1
0.6,0.5182815333905132,req_0178,short_interactive,13.001113999052905,7.691793705881162,667.0346640021307,85,1,1,1
0.6,0.5182815333905132,req_0818,long_context_qa,415.8199869998498,7.644362333545966,599.5022380011505,24,0,1,0
0.6,0.5182815333905132,req_0148,short_interactive,121.68838900106493,9.318642283497907,746.2590369977988,67,1,1,1
0.6,0.5182815333905132,req_0508,coding_request,121.04216400621226,8.313926564217038,1609.4630640000105,179,1,1,1
0.6,0.5182815333905132,req_0007,short_interactive,14.01735500257928,7.621205531827303,372.46174000028986,47,1,1,1
0.6,0.5182815333905132,req_0698,document_qa,80.84392599994317,7.8743568103226576,537.8597469971282,58,1,1,1
0.6,0.5182815333905132,req_0064,short_interactive,22.65795200219145,7.771155400041607,333.7915840020287,40,1,1,1
0.6,0.5182815333905132,req_0084,short_interactive,114.97118099941872,8.419682578564139,1293.9682169962907,140,1,1,1
0.6,0.5182815333905132,req_0534,coding_request,121.97971299610799,8.691678030631579,2677.6219099992886,294,1,1,1
0.6,0.5182815333905132,req_0918,long_output,21.620699000777677,8.140528649779004,7250.619874001131,888,1,1,1
0.6,0.5182815333905132,req_0466,knowledge_qa,24.11738099908689,7.541108176690828,152.66192799754208,17,1,1,1
0.6,0.5182815333905132,req_0310,knowledge_qa,26.50394899683306,8.145077041113488,621.3230180001119,73,1,1,1
0.6,0.5182815333905132,req_0457,knowledge_qa,19.7197510060505,8.243241770579608,918.6357430007774,109,1,1,1
0.6,0.5182815333905132,req_0984,long_output,27.803467004559934,8.184782058214193,6354.890123002406,773,1,1,1
0.6,0.5182815333905132,req_0938,long_output,28.776724000636023,8.27048694511776,4850.690627004951,583,1,1,1
0.6,0.5182815333905132,req_0371,knowledge_qa,23.106560001906473,8.175058537071218,464.811436002492,54,1,1,1
0.6,0.5182815333905132,req_0422,knowledge_qa,23.15876099601155,8.168353558871518,578.9724999995087,68,1,1,1
0.6,0.5182815333905132,req_0131,short_interactive,213.34488400316332,7.721525315041431,777.2365960045136,73,1,1,1
0.6,0.5182815333905132,req_0531,coding_request,13.651127999764867,7.7603527021137975,1472.8247599996394,188,1,1,1
0.6,0.5182815333905132,req_0864,long_context_qa,221.025822997035,7.895136151005918,639.7060339950258,53,1,1,1
0.6,0.5182815333905132,req_0650,coding_request,170.35860099713318,8.837724348790244,4174.150487000588,453,1,1,1
0.6,0.5182815333905132,req_0444,knowledge_qa,161.17454399500275,9.184558683552462,887.0597360000829,79,1,1,1
0.6,0.5182815333905132,req_0931,long_output,28.18969600048149,8.363810328728755,6083.820217994798,724,1,1,1
0.6,0.5182815333905132,req_0793,document_qa,128.46082800388103,8.197131575743146,399.24720500130206,33,1,1,1
0.6,0.5182815333905132,req_0926,long_output,28.62851300596958,8.744295857143568,1008.2529640058056,112,1,1,1
0.6,0.5182815333905132,req_0674,document_qa,80.2488839981379,8.11085445820936,275.17489599995315,24,1,1,1
0.6,0.5182815333905132,req_0173,short_interactive,23.023890003969427,6.212001249878085,48.220623000815976,4,1,1,1
0.6,0.5182815333905132,req_0578,coding_request,31.55911199428374,8.757300245501524,995.088052994106,110,1,1,1
0.6,0.5182815333905132,req_0524,coding_request,46.02628599968739,8.770535764701151,2580.925116002618,289,1,1,1
0.6,0.5182815333905132,req_0743,document_qa,103.15730099682696,8.06017528572868,667.589484997734,70,1,1,1
0.8,0.6910420445206844,req_0675,document_qa,71.35321299574571,7.708749622300577,418.4408099972643,45,1,1,1
0.8,0.6910420445206844,req_0968,long_output,15.95919600367779,8.291558666660833,4767.2603169994545,573,1,1,1
0.8,0.6910420445206844,req_0167,short_interactive,23.232923005707562,10.453368269634339,953.8501749993884,89,1,1,1
0.8,0.6910420445206844,req_0846,long_context_qa,221.16565400210675,8.432862636321012,685.2779749970068,55,1,1,1
0.8,0.6910420445206844,req_0446,knowledge_qa,29.233995999675244,8.213032414062127,1080.8438419990125,128,1,1,1
0.8,0.6910420445206844,req_0407,knowledge_qa,14.358143002027646,7.715289268807899,732.1096600062447,93,1,1,1
0.8,0.6910420445206844,req_0162,short_interactive,13.949993001006078,7.956345411751981,555.1785349962302,68,1,1,1
0.8,0.6910420445206844,req_0638,coding_request,24.744764996285085,8.986118366565252,3089.29850399727,341,1,1,1
0.8,0.6910420445206844,req_0895,long_context_qa,244.35152600199217,9.324247298713821,962.7343570027733,77,1,1,1
0.8,0.6910420445206844,req_0233,short_interactive,92.10479499597568,8.138647054693138,2175.8285649993923,256,1,1,1
0.8,0.6910420445206844,req_0703,document_qa,91.6356759989867,8.446325031746667,1156.222407000314,126,1,1,1
0.8,0.6910420445206844,req_0356,knowledge_qa,14.092405996052548,7.68163761337443,590.4497320007067,75,1,1,1
0.8,0.6910420445206844,req_0429,knowledge_qa,14.570896004443057,7.702141757870681,746.5128180047031,95,1,1,1
0.8,0.6910420445206844,req_0855,long_context_qa,213.5243270022329,8.01690555274519,2113.7573270025314,237,1,1,1
0.8,0.6910420445206844,req_0099,short_interactive,13.216407998697832,7.761232046874511,2000.3245970001444,256,1,1,1
0.8,0.6910420445206844,req_0175,short_interactive,30.354728005477227,9.090059444403138,1257.7524780062959,135,1,1,1
0.8,0.6910420445206844,req_0093,short_interactive,53.240674002154265,9.150754259247117,1041.7306080053095,108,1,1,1
0.8,0.6910420445206844,req_0426,knowledge_qa,25.290245001087897,8.14109728208934,660.5163880012697,78,1,1,1
0.8,0.6910420445206844,req_0960,long_output,28.906097999424674,8.330348423890063,7909.642421000171,946,1,1,1
0.8,0.6910420445206844,req_0953,long_output,22.896896000020206,8.350956886086149,7647.562628000742,913,1,1,1
0.8,0.6910420445206844,req_0155,short_interactive,27.027860000089277,8.678911363261932,2249.01417199726,256,1,1,1
0.8,0.6910420445206844,req_0504,coding_request,26.407357996504288,8.93099353797252,1321.6069549962413,145,1,1,1
0.8,0.6910420445206844,req_0749,document_qa,115.70403700170573,8.253815541744794,314.086316000612,24,1,1,1
0.8,0.6910420445206844,req_0196,short_interactive,23.929637005494442,8.023500499803049,216.92349800287047,24,1,1,1
0.8,0.6910420445206844,req_0774,document_qa,109.42313700070372,7.28347335721732,211.61675799521618,14,1,1,1
0.8,0.6910420445206844,req_0321,knowledge_qa,14.058764994842932,7.771760029487162,278.61637299793074,34,1,1,1
0.8,0.6910420445206844,req_0318,knowledge_qa,20.292373999836855,7.770332756147737,657.6913250028156,82,1,1,1
0.8,0.6910420445206844,req_0629,coding_request,16.339032001269516,8.140081937497712,4184.2925989985815,512,1,1,1
0.8,0.6910420445206844,req_0035,short_interactive,22.353783999278676,7.972262638860331,309.5703840008355,36,1,1,1
0.8,0.6910420445206844,req_0117,short_interactive,19.631729999673553,8.064833399960966,503.8154400026542,60,1,1,1
0.8,0.6910420445206844,req_0205,short_interactive,27.438368000730406,8.037181934765693,397.3705520038493,46,1,1,1
0.8,0.6910420445206844,req_0769,document_qa,117.3448890040163,8.187987365032775,633.4707389978576,63,1,1,1
0.8,0.6910420445206844,req_0094,short_interactive,239.0863199980231,18.031929538455397,473.72222899866756,13,1,0,0
0.8,0.6910420445206844,req_0587,coding_request,14.191337999363896,8.449250680965468,3165.913124998042,373,1,1,1
0.8,0.6910420445206844,req_0748,document_qa,107.95689999940805,8.360810045475102,1763.6029630011762,198,1,1,1
0.8,0.6910420445206844,req_0218,short_interactive,28.14157299872022,8.343156816408737,2164.2528039956233,256,1,1,1
0.8,0.6910420445206844,req_0967,long_output,24.540660000639036,8.524179029954349,6852.690457999415,801,1,1,1
0.8,0.6910420445206844,req_0399,knowledge_qa,22.565901002963074,8.194094953125841,1071.6285290036467,128,1,1,1
0.8,0.6910420445206844,req_0891,long_context_qa,245.12627399963094,8.328630500032245,811.656101999688,68,1,1,1
0.8,0.6910420445206844,req_0081,short_interactive,26.465399001608603,8.249407140624498,2138.584932006779,256,1,1,1
0.8,0.6910420445206844,req_0632,coding_request,23.235383996507153,8.191953605475533,4217.745693997131,512,1,1,1
0.8,0.6910420445206844,req_0370,knowledge_qa,25.552209001034498,8.166821640656963,548.5392400005367,64,1,1,1
0.8,0.6910420445206844,req_0260,short_interactive,22.253571994951926,8.198839571461974,998.2555280002998,119,1,1,1
0.8,0.6910420445206844,req_0346,knowledge_qa,23.24216299894033,8.189036121946376,1030.7613219993073,123,1,1,1
0.8,0.6910420445206844,req_0596,coding_request,14.255950998631306,7.735795483611463,958.216054001241,122,1,1,1
0.8,0.6910420445206844,req_0056,short_interactive,19.455066001683008,7.469087600111379,169.059241998184,20,1,1,1
0.8,0.6910420445206844,req_0323,knowledge_qa,14.4212930026697,7.719390832004137,979.5824120010366,125,1,1,1
0.8,0.6910420445206844,req_0238,short_interactive,13.910030000261031,7.991117922640958,1460.5351489954046,181,1,1,1
0.8,0.6910420445206844,req_0359,knowledge_qa,24.238163998234086,8.133324028816647,870.3215979985544,104,1,1,1
0.8,0.6910420445206844,req_0032,short_interactive,14.29020099749323,8.005052802491639,1959.8132980027003,243,1,1,1
0.8,0.6910420445206844,req_0630,coding_request,26.89189800003078,7.908694007244706,3301.3034719988354,414,1,1,1
0.8,0.6910420445206844,req_0904,long_output,13.17848899634555,8.358009297610261,5237.153474998195,625,1,1,1
0.8,0.6910420445206844,req_0690,document_qa,85.99169100489235,8.160806985688396,657.5396460029879,70,1,1,1
0.8,0.6910420445206844,req_0833,long_context_qa,213.58944199891994,8.16945652173751,401.82734900008654,23,1,1,1
0.8,0.6910420445206844,req_0092,short_interactive,29.225865997432265,8.119806632805648,2108.133109002665,256,1,1,1
0.8,0.6910420445206844,req_0326,knowledge_qa,25.518469999951776,8.194811289058634,1074.670039000921,128,1,1,1
0.8,0.6910420445206844,req_0208,short_interactive,28.380837997247,8.306960964858945,2155.2096999948844,256,1,1,1
0.8,0.6910420445206844,req_0710,document_qa,89.73604800121393,7.910874596879955,1110.4026940010954,129,1,1,1
0.8,0.6910420445206844,req_0717,document_qa,89.21170599933248,7.720601666692851,436.8647660012357,45,1,1,1
0.8,0.6910420445206844,req_0857,long_context_qa,217.42959699622588,7.913030119401702,747.8476899996167,67,1,1,1
0.8,0.6910420445206844,req_0773,document_qa,108.87857600027928,7.743498882251409,504.0098429963109,51,1,1,1
0.8,0.6910420445206844,req_0719,document_qa,89.45627200591844,7.637481812480473,334.0831850000541,32,1,1,1
0.8,0.6910420445206844,req_0712,document_qa,81.64878199750092,7.8655917771927255,1599.9305500008631,193,1,1,1
0.8,0.6910420445206844,req_0142,short_interactive,13.990725004987326,7.1653519995519535,107.35690499859629,13,1,1,1
0.8,0.6910420445206844,req_0204,short_interactive,36.535625004034955,8.657854750993696,2192.604943003971,249,1,1,1
0.8,0.6910420445206844,req_0530,coding_request,67.66530799359316,8.517319940661904,3943.2617759957793,455,1,1,1
0.8,0.6910420445206844,req_0878,long_context_qa,236.37456400319934,7.876858721930249,378.3733360032784,18,1,1,1
0.8,0.6910420445206844,req_0319,knowledge_qa,23.55684000212932,7.900781256111946,671.6347670007963,82,1,1,1
0.8,0.6910420445206844,req_0451,knowledge_qa,14.149076996545773,7.495638357275831,224.25093499623472,28,1,1,1
0.8,0.6910420445206844,req_0705,document_qa,81.61835100327153,7.720593755057424,460.1564500044333,49,1,1,1
0.8,0.6910420445206844,req_0408,knowledge_qa,14.399332998436876,7.6025808749970265,379.54791900119744,48,1,1,1
0.8,0.6910420445206844,req_0435,knowledge_qa,15.021085993794259,7.7078825937633155,1001.8544919948909,128,1,1,1
0.8,0.6910420445206844,req_0974,long_output,13.778720000118483,8.12154870975328,7177.183726002113,882,1,1,1
0.8,0.6910420445206844,req_0240,short_interactive,23.779574999934994,8.14540873104589,993.3621199961635,119,1,1,1
0.8,0.6910420445206844,req_0996,long_output,25.9399479982676,8.21545407966754,4873.310700000729,590,1,1,1
0.8,0.6910420445206844,req_0574,coding_request,30.12703300191788,8.223064086964966,1543.6755850023474,184,1,1,1
0.8,0.6910420445206844,req_0179,short_interactive,25.868696000543423,8.184885011879876,713.6749519995647,84,1,1,1
0.8,0.6910420445206844,req_0367,knowledge_qa,22.86450500105275,8.12990431253032,413.35729799902765,48,1,1,1
0.8,0.6910420445206844,req_0502,coding_request,22.79880499554565,9.830001507054451,3512.66881400079,355,1,1,1
0.8,0.6910420445206844,req_0616,coding_request,21.406335996289272,9.187143849615609,4725.456722000672,512,1,1,1
0.8,0.6910420445206844,req_0840,long_context_qa,220.3254259948153,8.230577312588139,483.9704059995711,32,1,1,1
0.8,0.6910420445206844,req_0835,long_context_qa,250.38373799907276,17.836246555816615,571.651271005976,18,1,0,0
0.8,0.6910420445206844,req_0886,long_context_qa,432.30464400403434,8.067315714080385,545.4877189986291,14,0,1,0
0.8,0.6910420445206844,req_0040,short_interactive,14.465253996604588,8.386070412507252,685.5785410007229,80,1,1,1
0.8,0.6910420445206844,req_0657,document_qa,73.4361849972629,7.761288055513028,213.34981499967398,18,1,1,1
0.8,0.6910420445206844,req_0041,short_interactive,14.076055995246861,7.934377446702759,1204.520548999426,150,1,1,1
0.8,0.6910420445206844,req_0192,short_interactive,23.53230899461778,7.869841015633483,2038.4382839984028,256,1,1,1
0.8,0.6910420445206844,req_0586,coding_request,13.983104996441398,7.8715059827089915,2289.0529180003796,289,1,1,1
0.8,0.6910420445206844,req_0166,short_interactive,21.564409995335154,7.876720847662,2038.217622000957,256,1,1,1
0.8,0.6910420445206844,req_0113,short_interactive,14.047924996702932,7.839280632822465,2021.1762819963042,256,1,1,1
0.8,0.6910420445206844,req_0178,short_interactive,24.73349399951985,7.890163546199656,963.9017309964402,119,1,1,1
0.8,0.6910420445206844,req_0818,long_context_qa,202.55461499618832,7.651835000009062,386.43413999670884,24,1,1,1
0.8,0.6910420445206844,req_0148,short_interactive,74.1931399970781,9.754814477633067,728.0000249957084,67,1,1,1
0.8,0.6910420445206844,req_0508,coding_request,239.64527700445615,7.787713776527925,1633.8595370034454,179,1,1,1
0.8,0.6910420445206844,req_0007,short_interactive,13.654058006068226,7.620982148937207,372.0183330005966,47,1,1,1
0.8,0.6910420445206844,req_0698,document_qa,82.86008599679917,7.9559417758116915,544.6125759990537,58,1,1,1
0.8,0.6910420445206844,req_0064,short_interactive,21.966476997477002,7.898475774891267,338.1251229948248,40,1,1,1
0.8,0.6910420445206844,req_0084,short_interactive,35.1914869970642,8.257560935713368,1191.4676329979557,140,1,1,1
0.8,0.6910420445206844,req_0534,coding_request,49.025578002328984,8.47015480612259,2539.5358969981316,294,1,1,1
0.8,0.6910420445206844,req_0918,long_output,20.58098799898289,8.225322720704753,8443.5039279997,1024,1,1,1
0.8,0.6910420445206844,req_0466,knowledge_qa,26.12305199727416,7.788368059075712,158.89891600090778,17,1,1,1
0.8,0.6910420445206844,req_0310,knowledge_qa,22.376416003680788,8.170118972548277,619.2276500005391,73,1,1,1
0.8,0.6910420445206844,req_0457,knowledge_qa,20.738382001582067,8.255990812472191,1077.87713399739,128,1,1,1
0.8,0.6910420445206844,req_0984,long_output,24.39627699641278,8.142329150395256,8362.344351000502,1024,1,1,1
0.8,0.6910420445206844,req_0938,long_output,28.847807996498886,8.291380659675498,3975.8693979965756,476,1,1,1
0.8,0.6910420445206844,req_0371,knowledge_qa,27.280595000775065,8.16885046299797,468.8011290054419,54,1,1,1
0.8,0.6910420445206844,req_0422,knowledge_qa,22.92026699433336,8.19372202942545,580.4198509940761,68,1,1,1
0.8,0.6910420445206844,req_0131,short_interactive,14.012744999490678,7.665608698691159,573.8472950033611,73,1,1,1
0.8,0.6910420445206844,req_0531,coding_request,14.127337002719287,7.736600840407265,1468.8383999964572,188,1,1,1
0.8,0.6910420445206844,req_0864,long_context_qa,221.54354100348428,7.894462056596377,640.1887449974311,53,1,1,1
0.8,0.6910420445206844,req_0650,coding_request,49.22323200298706,8.604560715494003,4102.276724996045,471,1,1,1
0.8,0.6910420445206844,req_0444,knowledge_qa,32.824478003021795,8.218102696446294,493.41021700092824,56,1,1,1
0.8,0.6910420445206844,req_0931,long_output,33.85478699783562,8.340267711143639,5722.166241001105,682,1,1,1
0.8,0.6910420445206844,req_0793,document_qa,128.0444570002146,8.19051436348783,398.7173389978125,33,1,1,1
0.8,0.6910420445206844,req_0926,long_output,29.570612001407426,9.757548970596604,361.6663939974387,34,1,1,1
0.8,0.6910420445206844,req_0674,document_qa,83.64898300351342,8.08532049995847,278.0779029999394,24,1,1,1
0.8,0.6910420445206844,req_0173,short_interactive,26.728764998551924,6.198128749019816,51.84476599970367,4,1,1,1
0.8,0.6910420445206844,req_0578,coding_request,14.335002000734676,7.709706536314281,862.6257959986106,110,1,1,1
0.8,0.6910420445206844,req_0524,coding_request,27.08584199717734,8.47163581000738,2568.797550004092,300,1,1,1
0.8,0.6910420445206844,req_0743,document_qa,111.5615919989068,8.171602828640191,683.8681360022747,70,1,1,1
1.0,0.8638025556508555,req_0675,document_qa,72.15634900057921,7.8122048666248,423.9659130034852,45,1,1,1
1.0,0.8638025556508555,req_0968,long_output,15.848231996642426,8.397075042561012,4357.361083995784,517,1,1,1
1.0,0.8638025556508555,req_0167,short_interactive,26.17853300034767,10.412746586988089,984.4376840046607,92,1,1,1
1.0,0.8638025556508555,req_0846,long_context_qa,223.7765359968762,8.475712036306504,690.2772249959526,55,1,1,1
1.0,0.8638025556508555,req_0446,knowledge_qa,25.795456000196282,8.26497250778857,1084.0172230018652,128,1,1,1
1.0,0.8638025556508555,req_0407,knowledge_qa,21.146410006622318,7.940255774179429,759.8249120055698,93,1,1,1
1.0,0.8638025556508555,req_0162,short_interactive,14.297709996753838,8.039117367683074,561.2427870000829,68,1,1,1
1.0,0.8638025556508555,req_0638,coding_request,30.691264997585677,8.990274463808626,3384.287624998251,373,1,1,1
1.0,0.8638025556508555,req_0895,long_context_qa,250.1216230011778,9.319151391299902,1107.8745690028882,92,1,1,1
1.0,0.8638025556508555,req_0233,short_interactive,25.913227997079957,8.564009117179694,2218.5313669979223,256,1,1,1
1.0,0.8638025556508555,req_0703,document_qa,103.1294810018153,8.53463791950737,845.8581140002934,87,1,1,1
1.0,0.8638025556508555,req_0356,knowledge_qa,14.17571899946779,7.683922546663477,590.6992450036341,75,1,1,1
1.0,0.8638025556508555,req_0429,knowledge_qa,14.269621002313215,7.716291600005015,747.558057999413,95,1,1,1
1.0,0.8638025556508555,req_0855,long_context_qa,214.1632689963444,8.137753386733948,2297.793063997233,256,1,1,1
1.0,0.8638025556508555,req_0099,short_interactive,29.98290999676101,7.913096628925587,2055.94701100199,256,1,1,1
1.0,0.8638025556508555,req_0175,short_interactive,14.352070997119881,8.13541494773826,1104.7142389943474,134,1,1,1
1.0,0.8638025556508555,req_0093,short_interactive,25.884026996209286,8.156736324087467,907.158497000637,108,1,1,1
1.0,0.8638025556508555,req_0426,knowledge_qa,20.299882999097463,8.130793602620729,654.7937400027877,78,1,1,1
1.0,0.8638025556508555,req_0960,long_output,28.89191700523952,8.448871255858137,8680.863900000986,1024,1,1,1
1.0,0.8638025556508555,req_0953,long_output,25.622132001444697,8.462657416011155,8691.594550000445,1024,1,1,1
1.0,0.8638025556508555,req_0155,short_interactive,27.069752002716996,8.677754937508553,2248.9491140004247,256,1,1,1
1.0,0.8638025556508555,req_0504,coding_request,26.290583999070805,8.949714124148535,1324.3977000020095,145,1,1,1
1.0,0.8638025556508555,req_0749,document_qa,116.57916400145041,8.26431408343827,315.2603589987848,24,1,1,1
1.0,0.8638025556508555,req_0196,short_interactive,22.51801900274586,8.047985083370198,215.94011600245722,24,1,1,1
1.0,0.8638025556508555,req_0774,document_qa,116.39075900166063,7.887535642761837,227.12345400213962,14,1,1,1
1.0,0.8638025556508555,req_0321,knowledge_qa,21.867426003154833,8.222477411704055,301.8314159999136,34,1,1,1
1.0,0.8638025556508555,req_0318,knowledge_qa,28.950218998943456,8.240942419375173,795.6669499981217,93,1,1,1
1.0,0.8638025556508555,req_0629,coding_request,15.77882200217573,8.136495591799076,4181.895419002103,512,1,1,1
1.0,0.8638025556508555,req_0035,short_interactive,22.391706006601453,7.992934388716498,310.3716390032787,36,1,1,1
1.0,0.8638025556508555,req_0117,short_interactive,22.420157001761254,8.063086183271176,506.4887929984252,60,1,1,1
1.0,0.8638025556508555,req_0205,short_interactive,27.56224099721294,8.026419739073152,396.99392300099134,46,1,1,1
1.0,0.8638025556508555,req_0769,document_qa,122.84890199953225,8.171933063533201,637.9075200020452,63,1,1,1
1.0,0.8638025556508555,req_0094,short_interactive,211.92267600417836,7.244119768774208,306.3290979989688,13,1,1,1
1.0,0.8638025556508555,req_0587,coding_request,14.330660997075029,8.494175519532378,2843.2148849969963,333,1,1,1
1.0,0.8638025556508555,req_0748,document_qa,105.47853800380835,8.37872721466933,1706.2540350016207,191,1,1,1
1.0,0.8638025556508555,req_0218,short_interactive,24.17242299998179,8.348066749988448,2161.498825000308,256,1,1,1
1.0,0.8638025556508555,req_0967,long_output,25.783943994611036,8.601177752766313,6253.215949996957,724,1,1,1
1.0,0.8638025556508555,req_0399,knowledge_qa,28.67364400299266,8.22696267965739,1081.9192310009385,128,1,1,1
1.0,0.8638025556508555,req_0891,long_context_qa,245.09310100256698,8.381817191227181,815.3662960030488,68,1,1,1
1.0,0.8638025556508555,req_0081,short_interactive,26.60056299646385,8.247495917970582,2138.219704000221,256,1,1,1
1.0,0.8638025556508555,req_0632,coding_request,29.299375994014554,8.189443802734786,4222.495726993657,512,1,1,1
1.0,0.8638025556508555,req_0370,knowledge_qa,23.850176003179513,8.156043625035636,546.0371020017192,64,1,1,1
1.0,0.8638025556508555,req_0260,short_interactive,23.943347994645592,8.213285344531524,1001.5447389960173,119,1,1,1
1.0,0.8638025556508555,req_0346,knowledge_qa,28.244916000403464,8.20200347971707,1037.4283710043528,123,1,1,1
1.0,0.8638025556508555,req_0596,coding_request,25.66090400068788,7.946332581923343,995.3389229995082,122,1,1,1
1.0,0.8638025556508555,req_0056,short_interactive,22.190862997376826,7.801771600134089,178.49192999710795,20,1,1,1
1.0,0.8638025556508555,req_0323,knowledge_qa,13.894673000322655,7.721277976001147,979.2859650042374,125,1,1,1
1.0,0.8638025556508555,req_0238,short_interactive,14.19216999784112,8.082990387924054,1889.7467860006145,232,1,1,1
1.0,0.8638025556508555,req_0359,knowledge_qa,24.433500999293756,8.159564980745087,873.3236850021058,104,1,1,1
1.0,0.8638025556508555,req_0032,short_interactive,26.243444001011085,8.18003903702668,2014.288205995399,243,1,1,1
1.0,0.8638025556508555,req_0630,coding_request,22.0607290029875,8.206164615936965,3419.7332469993853,414,1,1,1
1.0,0.8638025556508555,req_0904,long_output,27.58622200053651,8.554545864913203,3637.8305809994345,422,1,1,1
1.0,0.8638025556508555,req_0690,document_qa,83.97652999701677,8.26659647147088,662.837566997041,70,1,1,1
1.0,0.8638025556508555,req_0833,long_context_qa,220.0566940009594,8.168325130258301,408.2625890005147,23,1,1,1
1.0,0.8638025556508555,req_0092,short_interactive,24.625960999401286,8.073205632825875,2091.593377001118,256,1,1,1
1.0,0.8638025556508555,req_0326,knowledge_qa,21.799804002512246,8.1437793984378,1064.4849029995385,128,1,1,1
1.0,0.8638025556508555,req_0208,short_interactive,14.391092998266686,8.136160699223183,2097.439625998959,256,1,1,1
1.0,0.8638025556508555,req_0710,document_qa,90.72834700054955,8.037948663986754,1095.6999640038703,125,1,1,1
1.0,0.8638025556508555,req_0717,document_qa,89.54210399679141,7.718715866697797,437.1164129988756,45,1,1,1
1.0,0.8638025556508555,req_0857,long_context_qa,217.14837300532963,7.919940850658363,747.9719940020004,67,1,1,1
1.0,0.8638025556508555,req_0773,document_qa,110.94183899695054,7.754577549063719,506.6395179965184,51,1,1,1
1.0,0.8638025556508555,req_0719,document_qa,89.95294299529633,7.6388186562326155,334.68353599892,32,1,1,1
1.0,0.8638025556508555,req_0712,document_qa,81.69147399894428,7.874830497396806,1601.747943997907,193,1,1,1
1.0,0.8638025556508555,req_0142,short_interactive,14.11255700077163,7.176881615193381,107.62560199509608,13,1,1,1
1.0,0.8638025556508555,req_0204,short_interactive,14.286309997260105,8.60889713334877,1951.7749849983375,225,1,1,1
1.0,0.8638025556508555,req_0530,coding_request,39.90822299965657,8.585957140789159,4187.1280659979675,483,1,1,1
1.0,0.8638025556508555,req_0878,long_context_qa,236.91765599505743,7.895459722122824,379.32142699719407,18,1,1,1
1.0,0.8638025556508555,req_0319,knowledge_qa,26.343827004893683,8.122614012192082,692.6522410067264,82,1,1,1
1.0,0.8638025556508555,req_0451,knowledge_qa,25.45810899755452,7.9406142501414125,248.0773740026052,28,1,1,1
1.0,0.8638025556508555,req_0705,document_qa,82.00722900073742,7.730005040814701,461.01039099448826,49,1,1,1
1.0,0.8638025556508555,req_0408,knowledge_qa,14.655498998763505,7.62583741667792,380.93223000032594,48,1,1,1
1.0,0.8638025556508555,req_0435,knowledge_qa,13.953993002360221,7.793638304690376,1011.8025120027596,128,1,1,1
1.0,0.8638025556508555,req_0974,long_output,27.317077001498546,8.782161036130276,9020.551164001517,1024,1,1,1
1.0,0.8638025556508555,req_0240,short_interactive,24.748342999373563,8.128841067216761,992.3590549951768,119,1,1,1
1.0,0.8638025556508555,req_0996,long_output,31.90222999546677,8.272531731505818,3945.158786002139,473,1,1,1
1.0,0.8638025556508555,req_0574,coding_request,27.708544999768492,8.2242804368434,1590.6565149998642,190,1,1,1
1.0,0.8638025556508555,req_0179,short_interactive,21.906255999056157,8.168411952456587,708.2649740041234,84,1,1,1
1.0,0.8638025556508555,req_0367,knowledge_qa,22.444228001404554,8.312011979190478,421.80249000375625,48,1,1,1
1.0,0.8638025556508555,req_0502,coding_request,28.150993995950557,9.937341842254375,3556.1142820006353,355,1,1,1
1.0,0.8638025556508555,req_0616,coding_request,22.543597995536402,9.41790689843458,4844.72826399724,512,1,1,1
1.0,0.8638025556508555,req_0840,long_context_qa,216.39916799904313,8.29148696880111,482.03165699669626,32,1,1,1
1.0,0.8638025556508555,req_0835,long_context_qa,250.12629500270123,18.1714961112852,577.4867110012565,18,1,0,0
1.0,0.8638025556508555,req_0886,long_context_qa,434.378645994002,8.397467428689456,552.1521839982597,14,0,1,0
1.0,0.8638025556508555,req_0040,short_interactive,21.386225998867303,8.759191374974762,722.3934319990803,80,1,1,1
1.0,0.8638025556508555,req_0657,document_qa,73.94848800322507,7.916345611091755,216.59328199893935,18,1,1,1
1.0,0.8638025556508555,req_0041,short_interactive,14.011235994985327,7.981105853347496,1211.4693999974406,150,1,1,1
1.0,0.8638025556508555,req_0192,short_interactive,25.121181999566033,7.962593792967709,2063.7586479933816,256,1,1,1
1.0,0.8638025556508555,req_0586,coding_request,24.51712900074199,7.9929169010199725,2366.665155001101,293,1,1,1
1.0,0.8638025556508555,req_0166,short_interactive,25.235904999135528,7.960979460960971,2063.460422003118,256,1,1,1
1.0,0.8638025556508555,req_0113,short_interactive,14.52396599779604,7.8797219882744685,2031.9420599989826,256,1,1,1
1.0,0.8638025556508555,req_0178,short_interactive,25.078131002373993,8.100494547936052,616.7029889984406,73,1,1,1
1.0,0.8638025556508555,req_0818,long_context_qa,198.92734199675033,7.616665541718248,381.92189899564255,24,1,1,1
1.0,0.8638025556508555,req_0148,short_interactive,69.35959299880778,9.440701656649932,702.1290789998602,67,1,1,1
1.0,0.8638025556508555,req_0508,coding_request,147.15938700101105,8.61633965919866,1689.653890003683,179,1,1,1
1.0,0.8638025556508555,req_0007,short_interactive,22.207982998224907,9.090438319191811,449.8006110006827,47,1,1,1
1.0,0.8638025556508555,req_0698,document_qa,87.7820050009177,8.113963568983559,558.5546049987897,58,1,1,1
1.0,0.8638025556508555,req_0064,short_interactive,26.70975399814779,8.015756699933263,347.5408769954811,40,1,1,1
1.0,0.8638025556508555,req_0084,short_interactive,14.17040799424285,7.729447971464002,1096.504148998065,140,1,1,1
1.0,0.8638025556508555,req_0534,coding_request,88.55512399895815,8.558909000007619,2605.1717860027566,294,1,1,1
1.0,0.8638025556508555,req_0918,long_output,28.118333000747953,8.26407503134281,8465.98011500464,1021,1,1,1
1.0,0.8638025556508555,req_0466,knowledge_qa,28.52984100172762,7.764768117340282,160.78232399740955,17,1,1,1
1.0,0.8638025556508555,req_0310,knowledge_qa,27.394097996875644,8.142827191826257,622.1351100030006,73,1,1,1
1.0,0.8638025556508555,req_0457,knowledge_qa,25.3574349990231,8.260352523450365,1083.0132449991652,128,1,1,1
1.0,0.8638025556508555,req_0984,long_output,22.57077000103891,8.272600278429142,6351.32541799976,765,1,1,1
1.0,0.8638025556508555,req_0938,long_output,27.924859001359437,8.287909138892212,4503.719141001056,540,1,1,1
1.0,0.8638025556508555,req_0371,knowledge_qa,28.034010996634606,8.170092685220341,469.62490499572596,54,1,1,1
1.0,0.8638025556508555,req_0422,knowledge_qa,28.127253004640806,8.189919573530513,585.2641390010831,68,1,1,1
1.0,0.8638025556508555,req_0131,short_interactive,13.812820994644426,7.671706109648182,574.1069619980408,73,1,1,1
1.0,0.8638025556508555,req_0531,coding_request,14.022525996551849,8.797496558512881,1668.1760840001516,188,1,1,1
1.0,0.8638025556508555,req_0864,long_context_qa,229.74266899836948,7.905830075510751,648.9496669964865,53,1,1,1
1.0,0.8638025556508555,req_0650,coding_request,48.084779002238065,8.588570232419102,4445.636431999446,512,1,1,1
1.0,0.8638025556508555,req_0444,knowledge_qa,37.7518390014302,8.210484160762073,498.0690450029215,56,1,1,1
1.0,0.8638025556508555,req_0931,long_output,32.063113001640886,8.393461370271964,6243.462981998164,740,1,1,1
1.0,0.8638025556508555,req_0793,document_qa,129.09809999837307,8.189522575721089,399.6030999987852,33,1,1,1
1.0,0.8638025556508555,req_0926,long_output,29.6172540038242,8.786674859761108,970.1221510040341,107,1,1,1
1.0,0.8638025556508555,req_0674,document_qa,79.30842499627033,8.054874041590665,272.92530900012935,24,1,1,1
1.0,0.8638025556508555,req_0173,short_interactive,29.625752998981625,6.222204250661889,54.80981599976076,4,1,1,1
1.0,0.8638025556508555,req_0578,coding_request,25.29225499893073,8.141311040017172,839.7107550044893,100,1,1,1
1.0,0.8638025556508555,req_0524,coding_request,14.31942100316519,8.173582782451136,2343.9615780007443,285,1,1,1
1.0,0.8638025556508555,req_0743,document_qa,106.59814099926734,8.172089571494976,678.916846998618,70,1,1,1
1.5,1.2957038334762834,req_0675,document_qa,73.36850499996217,8.055005599938644,436.0799119967851,45,1,1,1
1.5,1.2957038334762834,req_0968,long_output,27.805477002402768,8.591345922209761,3894.1495069957455,450,1,1,1
1.5,1.2957038334762834,req_0167,short_interactive,21.447696999530308,13.792347029426738,490.63775099784834,34,1,1,1
1.5,1.2957038334762834,req_0846,long_context_qa,221.80699699674733,8.401423861060822,524.525241999072,36,1,1,1
1.5,1.2957038334762834,req_0446,knowledge_qa,26.552281000476796,8.269201296855044,1085.3039930007071,128,1,1,1
1.5,1.2957038334762834,req_0407,knowledge_qa,22.842004997073673,8.202038763478393,785.9130959986942,93,1,1,1
1.5,1.2957038334762834,req_0162,short_interactive,22.680761001538485,8.268093396990855,585.1961879961891,68,1,1,1
1.5,1.2957038334762834,req_0638,coding_request,30.340627999976277,9.30076634227931,2802.3253249994013,298,1,1,1
1.5,1.2957038334762834,req_0895,long_context_qa,250.17549600306666,9.27998928846836,1215.5117470028927,104,1,1,1
1.5,1.2957038334762834,req_0233,short_interactive,27.320035005686805,8.68042492186305,2249.7725800058106,256,1,1,1
1.5,1.2957038334762834,req_0703,document_qa,103.74959200271405,8.60530572407143,852.6316740026232,87,1,1,1
1.5,1.2957038334762834,req_0356,knowledge_qa,22.76531399547821,8.169099053387376,635.5985759946634,75,1,1,1
1.5,1.2957038334762834,req_0429,knowledge_qa,23.35896500153467,9.806407094737025,955.1857340047718,95,1,1,1
1.5,1.2957038334762834,req_0855,long_context_qa,224.25764700165018,8.259276734349896,2338.8524659967516,256,1,1,1
1.5,1.2957038334762834,req_0099,short_interactive,28.894898998260032,8.08448157033581,2098.7604960027966,256,1,1,1
1.5,1.2957038334762834,req_0175,short_interactive,14.480260993877891,8.297655303721074,1134.850460999587,135,1,1,1
1.5,1.2957038334762834,req_0093,short_interactive,22.391665996110532,8.299530962984944,919.0480170000228,108,1,1,1
1.5,1.2957038334762834,req_0426,knowledge_qa,22.10219099652022,8.333388166647637,672.3583639977733,78,1,1,1
1.5,1.2957038334762834,req_0960,long_output,40.40496100060409,8.595469939450595,8842.40124400094,1024,1,1,1
1.5,1.2957038334762834,req_0953,long_output,22.702242000377737,8.59438446484262,8823.551998000767,1024,1,1,1
1.5,1.2957038334762834,req_0155,short_interactive,21.637550999002997,8.662144570308783,2239.4463070013444,256,1,1,1
1.5,1.2957038334762834,req_0504,coding_request,23.738073999993503,8.940243448285338,1320.4013200011104,145,1,1,1
1.5,1.2957038334762834,req_0749,document_qa,116.80843900103355,8.26305412495761,315.5678969997098,24,1,1,1
1.5,1.2957038334762834,req_0196,short_interactive,28.342646997771226,8.10601383333657,223.0998430022737,24,1,1,1
1.5,1.2957038334762834,req_0774,document_qa,123.15664700145135,7.827512999938335,233.07996600487968,14,1,1,1
1.5,1.2957038334762834,req_0321,knowledge_qa,21.008928000810556,8.111068999877556,297.19752299570246,34,1,1,1
1.5,1.2957038334762834,req_0318,knowledge_qa,25.090590002946556,8.226974645172,790.534669002227,93,1,1,1
1.5,1.2957038334762834,req_0629,coding_request,23.575049999635667,8.338713802729103,4293.221492000157,512,1,1,1
1.5,1.2957038334762834,req_0035,short_interactive,29.637163002917077,8.20279261097312,325.3320250005345,36,1,1,1
1.5,1.2957038334762834,req_0117,short_interactive,22.65691999491537,8.256995500050834,518.4156670002267,60,1,1,1
1.5,1.2957038334762834,req_0205,short_interactive,25.496190006379038,10.325488934778031,500.91484000586206,46,1,1,1
1.5,1.2957038334762834,req_0769,document_qa,118.9792840013979,8.4184143518171,573.9553769963095,54,1,1,1
1.5,1.2957038334762834,req_0094,short_interactive,13.822651002556086,7.184022461632804,107.41411700291792,13,1,1,1
1.5,1.2957038334762834,req_0587,coding_request,14.314301006379537,9.257681389341387,3319.638244000089,357,1,1,1
1.5,1.2957038334762834,req_0748,document_qa,105.69422200205736,8.409854835341187,1485.2100610005436,164,1,1,1
1.5,1.2957038334762834,req_0218,short_interactive,22.81886299897451,9.390529140631543,2427.0227480010362,256,1,1,1
1.5,1.2957038334762834,req_0967,long_output,30.049612003494985,8.841203663441194,4601.375473997905,517,1,1,1
1.5,1.2957038334762834,req_0399,knowledge_qa,29.613462000270374,10.200534265663919,1335.6402159988647,128,1,1,1
1.5,1.2957038334762834,req_0891,long_context_qa,246.20333300117636,9.013663372863478,778.469621000113,59,1,1,1
1.5,1.2957038334762834,req_0081,short_interactive,26.46888899471378,8.376684472665374,2171.1886799967033,256,1,1,1
1.5,1.2957038334762834,req_0632,coding_request,35.00566300499486,8.262115167966044,4265.4211730041425,512,1,1,1
1.5,1.2957038334762834,req_0370,knowledge_qa,28.340566997940186,8.17248390626446,551.6079219960375,64,1,1,1
1.5,1.2957038334762834,req_0260,short_interactive,28.139453002950177,8.255149361319416,1010.839164002391,119,1,1,1
1.5,1.2957038334762834,req_0346,knowledge_qa,26.242244995955843,8.235688666693347,1039.4591259973822,123,1,1,1
1.5,1.2957038334762834,req_0596,coding_request,23.107291002816055,8.19001439100621,1300.9416500062798,156,1,1,1
1.5,1.2957038334762834,req_0056,short_interactive,20.26775300328154,7.858004499939852,177.76404000323964,20,1,1,1
1.5,1.2957038334762834,req_0323,knowledge_qa,23.477078997530043,8.00762211719075,1048.8058069968247,128,1,1,1
1.5,1.2957038334762834,req_0238,short_interactive,26.450198995007668,8.182756847976666,1425.9178749998682,171,1,1,1
1.5,1.2957038334762834,req_0359,knowledge_qa,27.339856002072338,8.131338461540649,873.2623710020562,104,1,1,1
1.5,1.2957038334762834,req_0032,short_interactive,25.292745005572215,8.184403269405422,1605.151941999793,193,1,1,1
1.5,1.2957038334762834,req_0630,coding_request,30.255026002123486,8.30250640093723,3592.2574560026987,429,1,1,1
1.5,1.2957038334762834,req_0904,long_output,25.43749799951911,8.995737357591596,2994.355442999222,330,1,1,1
1.5,1.2957038334762834,req_0690,document_qa,86.97142200253438,8.28843174281896,667.3790179993375,70,1,1,1
1.5,1.2957038334762834,req_0833,long_context_qa,217.6332890012418,8.215575912997693,406.78614899661625,23,1,1,1
1.5,1.2957038334762834,req_0092,short_interactive,37.70642800373025,8.06617277342525,2102.8216910053743,256,1,1,1
1.5,1.2957038334762834,req_0326,knowledge_qa,21.502206996956374,8.174348726583958,1068.0393389993696,128,1,1,1
1.5,1.2957038334762834,req_0208,short_interactive,14.538866002112627,8.579278839818016,2211.05055299995,256,1,1,1
1.5,1.2957038334762834,req_0710,document_qa,91.19260599982226,8.841650116270003,1231.9506450003246,129,1,1,1
1.5,1.2957038334762834,req_0717,document_qa,103.8631039991742,8.249580577830784,475.4325070025516,45,1,1,1
1.5,1.2957038334762834,req_0857,long_context_qa,216.62596899841446,9.447554864891572,915.9937239965075,74,1,1,1
1.5,1.2957038334762834,req_0773,document_qa,117.37729999731528,8.09074443532154,805.3002710003057,85,1,1,1
1.5,1.2957038334762834,req_0719,document_qa,89.60441400267882,7.638282687366882,334.2632350031636,32,1,1,1
1.5,1.2957038334762834,req_0712,document_qa,81.2670649975189,7.903952715027814,1606.9592740022927,193,1,1,1
1.5,1.2957038334762834,req_0142,short_interactive,22.932406995096244,7.630430000202837,122.39946299814619,13,1,1,1
1.5,1.2957038334762834,req_0204,short_interactive,14.59040599729633,8.985781335951515,2315.2773850015365,256,1,1,1
1.5,1.2957038334762834,req_0530,coding_request,27.116962999571115,8.695562956794218,4253.358384004969,486,1,1,1
1.5,1.2957038334762834,req_0878,long_context_qa,244.33060799492523,8.006287444408777,388.75235799787333,18,1,1,1
1.5,1.2957038334762834,req_0319,knowledge_qa,22.589109998079948,8.133745634173776,689.8695479976595,82,1,1,1
1.5,1.2957038334762834,req_0451,knowledge_qa,21.78670199646149,7.914558000006115,243.66655099584023,28,1,1,1
1.5,1.2957038334762834,req_0705,document_qa,94.30726100254105,8.100580559985247,499.60549500247,50,1,1,1
1.5,1.2957038334762834,req_0408,knowledge_qa,25.07476000027964,7.812788270863773,400.2941610015114,48,1,1,1
1.5,1.2957038334762834,req_0435,knowledge_qa,14.362401998369023,7.927352367175899,1029.282379997312,128,1,1,1
1.5,1.2957038334762834,req_0974,long_output,23.446057995897718,9.08910987231674,7213.361475995043,791,1,1,1
1.5,1.2957038334762834,req_0240,short_interactive,22.254622999753337,8.156579873975105,993.1002930024988,119,1,1,1
1.5,1.2957038334762834,req_0996,long_output,25.861136004095897,9.461924903092061,4908.492881004349,516,1,1,1
1.5,1.2957038334762834,req_0574,coding_request,32.247226998151746,8.240120994583856,1548.7008260024595,184,1,1,1
1.5,1.2957038334762834,req_0179,short_interactive,29.233506000309717,8.192805511845066,717.6550829972257,84,1,1,1
1.5,1.2957038334762834,req_0367,knowledge_qa,24.660132999997586,8.127457770873056,414.9959500064142,48,1,1,1
1.5,1.2957038334762834,req_0502,coding_request,25.711993999721017,10.310541972489842,3397.6339760047267,327,1,1,1
1.5,1.2957038334762834,req_0616,coding_request,25.471317996561993,9.509148404305279,4894.362255996384,512,1,1,1
1.5,1.2957038334762834,req_0840,long_context_qa,219.03121999639552,8.650842437646133,496.151473998907,32,1,1,1
1.5,1.2957038334762834,req_0835,long_context_qa,250.35488799767336,18.23713855547895,578.9061369941919,18,1,0,0
1.5,1.2957038334762834,req_0886,long_context_qa,437.9676379976445,8.444175571120079,556.6137039932073,14,0,1,0
1.5,1.2957038334762834,req_0040,short_interactive,22.44877799967071,8.830684062468208,729.1636980007752,80,1,1,1
1.5,1.2957038334762834,req_0657,document_qa,77.5878990025376,8.062295888925696,222.96837100293487,18,1,1,1
1.5,1.2957038334762834,req_0041,short_interactive,27.611003002675716,8.16167081315403,770.5319420056185,91,1,1,1
1.5,1.2957038334762834,req_0192,short_interactive,26.783966000948567,8.102851097646635,2101.4165529995807,256,1,1,1
1.5,1.2957038334762834,req_0586,coding_request,21.539798006415367,8.181988040121684,2263.606995002192,274,1,1,1
1.5,1.2957038334762834,req_0166,short_interactive,23.122749997128267,8.14917689064032,2109.590048996324,256,1,1,1
1.5,1.2957038334762834,req_0113,short_interactive,24.541880004107952,8.002496172852217,1969.3823750058073,243,1,1,1
1.5,1.2957038334762834,req_0178,short_interactive,21.781224000733346,8.095760904101029,612.9891939999652,73,1,1,1
1.5,1.2957038334762834,req_0818,long_context_qa,198.45915099722333,7.645885666837178,382.19189099618234,24,1,1,1
1.5,1.2957038334762834,req_0148,short_interactive,30.515931997797452,9.978351686579877,699.299889995018,67,1,1,1
1.5,1.2957038334762834,req_0508,coding_request,33.566614001756534,8.869669837973083,1621.5988820040366,179,1,1,1
1.5,1.2957038334762834,req_0007,short_interactive,22.256543998082634,9.550475531834811,471.42123999947216,47,1,1,1
1.5,1.2957038334762834,req_0698,document_qa,95.43491400108906,8.150953051693344,568.4387959991,58,1,1,1
1.5,1.2957038334762834,req_0064,short_interactive,29.267465994053055,8.089389225096966,353.035338994232,40,1,1,1
1.5,1.2957038334762834,req_0084,short_interactive,13.670487998751923,7.7324691000415315,1096.4530870041926,140,1,1,1
1.5,1.2957038334762834,req_0534,coding_request,13.975073998153675,8.17934216666756,2419.0331079953467,294,1,1,1
1.5,1.2957038334762834,req_0918,long_output,22.61117000307422,8.290609021950463,7575.557443000434,911,1,1,1
1.5,1.2957038334762834,req_0466,knowledge_qa,28.60242199676577,7.786929705830784,161.21513200050686,17,1,1,1
1.5,1.2957038334762834,req_0310,knowledge_qa,21.4859669940779,8.151383794527597,616.8076589965494,73,1,1,1
1.5,1.2957038334762834,req_0457,knowledge_qa,24.43641500576632,8.282783377543804,836.5221240019309,98,1,1,1
1.5,1.2957038334762834,req_0984,long_output,28.598812001291662,8.537088452489668,7217.05977399688,842,1,1,1
1.5,1.2957038334762834,req_0938,long_output,29.211884997494053,8.286441782314993,4902.025950999814,588,1,1,1
1.5,1.2957038334762834,req_0371,knowledge_qa,20.85944500140613,8.139636296281996,460.751632002939,54,1,1,1
1.5,1.2957038334762834,req_0422,knowledge_qa,26.842924999073148,8.177511529378107,583.2843160023913,68,1,1,1
1.5,1.2957038334762834,req_0131,short_interactive,22.239673002331983,8.229912383571962,623.2510819972958,73,1,1,1
1.5,1.2957038334762834,req_0531,coding_request,22.03366899630055,9.359881666670036,1791.3381199978176,189,1,1,1
1.5,1.2957038334762834,req_0864,long_context_qa,237.6358600013191,8.405870981080643,683.366056997329,53,1,1,1
1.5,1.2957038334762834,req_0650,coding_request,47.88246499811066,8.639156233111228,4013.4784109977772,459,1,1,1
1.5,1.2957038334762834,req_0444,knowledge_qa,47.271554001781624,8.250343867189258,1103.571034000197,128,1,1,1
1.5,1.2957038334762834,req_0931,long_output,25.92320800613379,8.462621467946846,5306.898080001702,624,1,1,1
1.5,1.2957038334762834,req_0793,document_qa,128.67096999980276,10.020399212159894,459.50099699985003,33,1,1,1
1.5,1.2957038334762834,req_0926,long_output,26.757285006169695,8.78795550466476,967.302319004375,107,1,1,1
1.5,1.2957038334762834,req_0674,document_qa,84.80770599999232,8.232169750044704,282.69301600084873,24,1,1,1
1.5,1.2957038334762834,req_0173,short_interactive,24.878067000827286,6.284872750256909,50.35011500149267,4,1,1,1
1.5,1.2957038334762834,req_0578,coding_request,21.449676001793705,8.188012550017447,840.538276002917,100,1,1,1
1.5,1.2957038334762834,req_0524,coding_request,21.026198999607004,8.393045488681235,1876.1200259978068,221,1,1,1
1.5,1.2957038334762834,req_0743,document_qa,110.73232399940025,8.1619626428749,682.3716549988603,70,1,1,1
2.5,2.1595063891271375,req_0675,document_qa,71.03578600072069,12.525956822274667,634.9053380035912,45,1,1,1
2.5,2.1595063891271375,req_0968,long_output,28.499271000328008,9.742703398302892,5776.885159997619,590,1,1,1
2.5,2.1595063891271375,req_0167,short_interactive,25.84735699929297,10.546650269737185,964.855948004697,89,1,1,1
2.5,2.1595063891271375,req_0846,long_context_qa,225.4532820006716,8.546231472758915,695.7635279977694,55,1,1,1
2.5,2.1595063891271375,req_0446,knowledge_qa,63.92619099642616,8.377978882833759,1136.6835059961886,128,1,1,1
2.5,2.1595063891271375,req_0407,knowledge_qa,21.368294997955672,8.246329064516637,788.7336679996224,93,1,1,1
2.5,2.1595063891271375,req_0162,short_interactive,23.67570200294722,12.39952658825667,867.2182580048684,68,1,1,1
2.5,2.1595063891271375,req_0638,coding_request,27.91717799846083,10.156359735624758,3562.7178639988415,348,1,1,1
2.5,2.1595063891271375,req_0895,long_context_qa,246.21943999954965,9.562237635027552,1556.4731499980553,137,1,1,1
2.5,2.1595063891271375,req_0233,short_interactive,154.09038600046188,9.693078089838991,2635.9528660032083,256,1,1,1
2.5,2.1595063891271375,req_0703,document_qa,154.051964993414,9.065419983741547,1269.2424159977236,123,1,1,1
2.5,2.1595063891271375,req_0356,knowledge_qa,29.648932002601214,8.726403573333906,684.4331859974773,75,1,1,1
2.5,2.1595063891271375,req_0429,knowledge_qa,26.50207000260707,10.675659431542858,1040.9682210010942,95,1,1,1
2.5,2.1595063891271375,req_0855,long_context_qa,229.68589499942027,8.713209531997563,2408.200511999894,250,1,1,1
2.5,2.1595063891271375,req_0099,short_interactive,33.76880600262666,8.618828542978463,2240.5591900023865,256,1,1,1
2.5,2.1595063891271375,req_0175,short_interactive,29.45052900031442,8.549200937981254,1132.7172179953777,129,1,1,1
2.5,2.1595063891271375,req_0093,short_interactive,23.689041001489386,8.59940359259781,952.8195370003232,108,1,1,1
2.5,2.1595063891271375,req_0426,knowledge_qa,29.572202001872938,8.630721857140065,694.434541001101,77,1,1,1
2.5,2.1595063891271375,req_0960,long_output,41.406263000681065,8.785870516754535,8168.593075999524,925,1,1,1
2.5,2.1595063891271375,req_0953,long_output,28.617082003620453,8.78424268775401,8637.395311001455,980,1,1,1
2.5,2.1595063891271375,req_0155,short_interactive,20.706681003503036,9.078233414072656,2345.0423210015288,256,1,1,1
2.5,2.1595063891271375,req_0504,coding_request,25.808336002228316,9.357156949974726,1710.4371539971908,180,1,1,1
2.5,2.1595063891271375,req_0749,document_qa,113.00992999895243,8.312602041769424,312.92950799979735,24,1,1,1
2.5,2.1595063891271375,req_0196,short_interactive,25.65941200009547,8.06944041657213,219.79115199792432,24,1,1,1
2.5,2.1595063891271375,req_0774,document_qa,120.55275400052778,7.926051285591841,231.94479099765886,14,1,1,1
2.5,2.1595063891271375,req_0321,knowledge_qa,23.857215004682075,8.238091499900774,304.1373200030648,34,1,1,1
2.5,2.1595063891271375,req_0318,knowledge_qa,29.67105399875436,8.313757215028188,803.2642229954945,93,1,1,1
2.5,2.1595063891271375,req_0629,coding_request,26.299213997845072,8.782775058605807,4523.41049000097,512,1,1,1
2.5,2.1595063891271375,req_0035,short_interactive,21.288973999617156,8.188037805464571,316.39704199915286,36,1,1,1
2.5,2.1595063891271375,req_0117,short_interactive,23.288304000743665,8.302671033258472,521.6475299966987,60,1,1,1
2.5,2.1595063891271375,req_0205,short_interactive,27.61129200371215,10.376659521685012,505.347307996999,46,1,1,1
2.5,2.1595063891271375,req_0769,document_qa,117.44495099992491,8.41844249202589,648.0568729966762,63,1,1,1
2.5,2.1595063891271375,req_0094,short_interactive,30.069633001403417,7.739789153744753,131.0650000013993,13,1,1,1
2.5,2.1595063891271375,req_0587,coding_request,25.34198600187665,9.50795182543731,3239.329429001373,338,1,1,1
2.5,2.1595063891271375,req_0748,document_qa,110.54618100024527,9.800737029389197,2110.0836990008247,204,1,1,1
2.5,2.1595063891271375,req_0218,short_interactive,23.928616996272467,9.525042941419315,2462.977792994934,256,1,1,1
2.5,2.1595063891271375,req_0967,long_output,27.487809005833697,8.892505177136627,6252.67542200163,700,1,1,1
2.5,2.1595063891271375,req_0399,knowledge_qa,23.780554998666048,10.422017335940836,1358.17692099954,128,1,1,1
2.5,2.1595063891271375,req_0891,long_context_qa,248.37176599976374,8.92403770590403,855.5721279990394,68,1,1,1
2.5,2.1595063891271375,req_0081,short_interactive,29.988590998982545,8.541174550771302,2216.947615001118,256,1,1,1
2.5,2.1595063891271375,req_0632,coding_request,34.49693299626233,8.435757542969213,4353.924131995882,512,1,1,1
2.5,2.1595063891271375,req_0370,knowledge_qa,28.842826999607496,8.480380953187705,571.7987720054225,64,1,1,1
2.5,2.1595063891271375,req_0260,short_interactive,21.204201999353245,8.363086226916707,1016.7479900046601,119,1,1,1
2.5,2.1595063891271375,req_0346,knowledge_qa,26.736923995485995,8.344131260182769,1053.341824997915,123,1,1,1
2.5,2.1595063891271375,req_0596,coding_request,27.380357001675293,8.319915865379302,1325.4515849985182,156,1,1,1
2.5,2.1595063891271375,req_0056,short_interactive,22.654929998680018,7.986788600101136,182.71548899792833,20,1,1,1
2.5,2.1595063891271375,req_0323,knowledge_qa,27.23796499776654,8.309937195349448,1091.159941002843,128,1,1,1
2.5,2.1595063891271375,req_0238,short_interactive,21.965316002024338,8.377786454984744,1697.7835520010558,200,1,1,1
2.5,2.1595063891271375,req_0359,knowledge_qa,22.924996999790892,8.348175317363571,891.5450890053762,104,1,1,1
2.5,2.1595063891271375,req_0032,short_interactive,22.202321997610852,8.62486102343496,2230.478210003639,256,1,1,1
2.5,2.1595063891271375,req_0630,coding_request,22.823883999080863,9.014344390941263,4404.224496996903,486,1,1,1
2.5,2.1595063891271375,req_0904,long_output,28.639841999392956,9.169568849858441,3632.4743939985638,393,1,1,1
2.5,2.1595063891271375,req_0690,document_qa,87.78307600005064,8.368911383825829,916.6220689949114,99,1,1,1
2.5,2.1595063891271375,req_0833,long_context_qa,211.8927999981679,8.47156547831179,407.1036629975424,23,1,1,1
2.5,2.1595063891271375,req_0092,short_interactive,102.32311100116931,8.627786046872643,2311.3173749952693,256,1,1,1
2.5,2.1595063891271375,req_0326,knowledge_qa,29.295775995706208,8.29200495314808,1091.1249389973818,128,1,1,1
2.5,2.1595063891271375,req_0208,short_interactive,23.932996999064926,10.419290191407526,2691.6898239942384,256,1,1,1
2.5,2.1595063891271375,req_0710,document_qa,94.54648400424048,11.316336120921,1498.0002580050495,124,1,1,1
2.5,2.1595063891271375,req_0717,document_qa,102.44918399985181,8.297277044362595,476.07675600011135,45,1,1,1
2.5,2.1595063891271375,req_0857,long_context_qa,223.8335240035667,10.79705097359501,1044.6477930017863,76,1,1,1
2.5,2.1595063891271375,req_0773,document_qa,125.79291799920611,9.450433694120662,929.4812099979026,85,1,1,1
2.5,2.1595063891271375,req_0719,document_qa,106.28786199958995,10.266731343790525,435.1333209997392,32,1,1,1
2.5,2.1595063891271375,req_0712,document_qa,91.3446880003903,7.9302856684080325,1622.1317770032329,193,1,1,1
2.5,2.1595063891271375,req_0142,short_interactive,28.677542999503203,7.641971307748463,128.30511599895544,13,1,1,1
2.5,2.1595063891271375,req_0204,short_interactive,14.280869007052388,9.3565107636863,2232.094616003451,237,1,1,1
2.5,2.1595063891271375,req_0530,coding_request,24.440777000563685,8.81045418749693,4535.626106000564,512,1,1,1
2.5,2.1595063891271375,req_0878,long_context_qa,243.8276329994551,8.171051000115565,391.2713379977504,18,1,1,1
2.5,2.1595063891271375,req_0319,knowledge_qa,28.90595800272422,8.187306341402824,700.5572140042204,82,1,1,1
2.5,2.1595063891271375,req_0451,knowledge_qa,22.68447100505,7.9812685713217695,246.45318699913332,28,1,1,1
2.5,2.1595063891271375,req_0705,document_qa,89.04235900263302,8.218713138418165,623.5402679958497,65,1,1,1
2.5,2.1595063891271375,req_0408,knowledge_qa,25.63800200005062,8.15836148157595,466.4545870036818,54,1,1,1
2.5,2.1595063891271375,req_0435,knowledge_qa,24.531608003599104,8.22404692183909,1077.6384019991383,128,1,1,1
2.5,2.1595063891271375,req_0974,long_output,21.35190399712883,9.16332838867362,9404.835308996553,1024,1,1,1
2.5,2.1595063891271375,req_0240,short_interactive,26.25697300391039,8.280758394949244,1012.0678009989206,119,1,1,1
2.5,2.1595063891271375,req_0996,long_output,29.742575003183447,9.967603040004178,4017.055137002899,400,1,1,1
2.5,2.1595063891271375,req_0574,coding_request,36.572392004018184,8.281318773668701,1610.3585560049396,190,1,1,1
2.5,2.1595063891271375,req_0179,short_interactive,28.577189004863612,8.205973857132319,718.1235180032672,84,1,1,1
2.5,2.1595063891271375,req_0367,knowledge_qa,24.26747199933743,11.990348395859959,600.0284600013401,48,1,1,1
2.5,2.1595063891271375,req_0502,coding_request,23.08176700171316,10.1541807753439,3729.583555003046,365,1,1,1
2.5,2.1595063891271375,req_0616,coding_request,27.226584003074095,9.675187476560154,4981.189297999663,512,1,1,1
2.5,2.1595063891271375,req_0840,long_context_qa,223.53115100122523,8.620871468792757,499.7441750019789,32,1,1,1
2.5,2.1595063891271375,req_0835,long_context_qa,247.14699099422432,18.16598333365012,574.5348689961247,18,1,0,0
2.5,2.1595063891271375,req_0886,long_context_qa,434.4531340029789,8.411650071398721,552.583903001505,14,0,1,0
2.5,2.1595063891271375,req_0040,short_interactive,27.467477004393004,9.003937462512113,748.0270990054123,80,1,1,1
2.5,2.1595063891271375,req_0657,document_qa,76.73916799831204,8.090314833680168,222.95727799792076,18,1,1,1
2.5,2.1595063891271375,req_0041,short_interactive,24.194002005970106,8.277694571406355,777.8590960006113,91,1,1,1
2.5,2.1595063891271375,req_0192,short_interactive,29.37487600138411,8.413153296885412,2183.4921370027587,256,1,1,1
2.5,2.1595063891271375,req_0586,coding_request,22.5701890012715,8.440239270073047,2335.4543239984196,274,1,1,1
2.5,2.1595063891271375,req_0166,short_interactive,30.05252900038613,8.413712996087952,2184.2737020051572,256,1,1,1
2.5,2.1595063891271375,req_0113,short_interactive,27.36331699998118,9.200684536601951,1913.775072003773,205,1,1,1
2.5,2.1595063891271375,req_0178,short_interactive,24.219521998020355,8.287697465737885,629.4406209999579,73,1,1,1
2.5,2.1595063891271375,req_0818,long_context_qa,205.11966600315645,8.164997875004095,401.30345900251996,24,1,1,1
2.5,2.1595063891271375,req_0148,short_interactive,14.535925001837313,7.6782895074444895,529.2013060025056,67,1,1,1
2.5,2.1595063891271375,req_0508,coding_request,14.235843998903874,8.335482681546667,1506.53161900118,179,1,1,1
2.5,2.1595063891271375,req_0007,short_interactive,22.6170509995427,9.561552106498176,472.4158980025095,47,1,1,1
2.5,2.1595063891271375,req_0698,document_qa,92.74802699655993,8.21327853454618,569.3913079958293,58,1,1,1
2.5,2.1595063891271375,req_0064,short_interactive,22.732773002644535,8.164348324862658,349.58570200251415,40,1,1,1
2.5,2.1595063891271375,req_0084,short_interactive,14.146542001981288,7.738165378603818,1097.7131300023757,140,1,1,1
2.5,2.1595063891271375,req_0534,coding_request,15.032505994895473,8.25262729591907,2441.6242269944632,294,1,1,1
2.5,2.1595063891271375,req_0918,long_output,28.678274000412785,8.909795211913263,9152.62965799775,1024,1,1,1
2.5,2.1595063891271375,req_0466,knowledge_qa,21.924385000602342,7.771478294350398,154.32737200171687,17,1,1,1
2.5,2.1595063891271375,req_0310,knowledge_qa,23.432615998899564,8.122429506827707,616.7245679971529,73,1,1,1
2.5,2.1595063891271375,req_0457,knowledge_qa,25.417327000468504,8.325447071428597,841.6352269996423,98,1,1,1
2.5,2.1595063891271375,req_0984,long_output,24.58714000385953,8.9478292861358,9187.508976006939,1024,1,1,1
2.5,2.1595063891271375,req_0938,long_output,29.34325700334739,8.861399035932898,4469.097828005033,501,1,1,1
2.5,2.1595063891271375,req_0371,knowledge_qa,24.665240998729132,8.242703407395984,470.23092399467714,54,1,1,1
2.5,2.1595063891271375,req_0422,knowledge_qa,28.342247002001386,8.224763500038534,587.9156610026257,68,1,1,1
2.5,2.1595063891271375,req_0131,short_interactive,21.2065910018282,8.2468311780783,623.5250630052178,73,1,1,1
2.5,2.1595063891271375,req_0531,coding_request,29.05774200189626,10.285172000002051,2076.140076002048,199,1,1,1
2.5,2.1595063891271375,req_0864,long_context_qa,238.67309400520753,9.635003547064459,749.8230519995559,53,1,1,1
2.5,2.1595063891271375,req_0650,coding_request,60.116954999102745,9.063253213151842,4610.086291999323,502,1,1,1
2.5,2.1595063891271375,req_0444,knowledge_qa,61.15882700396469,9.822071671862886,1318.6197059985716,128,1,1,1
2.5,2.1595063891271375,req_0931,long_output,34.114845999283716,8.614507371777929,7055.1749389996985,815,1,1,1
2.5,2.1595063891271375,req_0793,document_qa,134.11811299738474,10.13079621219676,468.78179499617545,33,1,1,1
2.5,2.1595063891271375,req_0926,long_output,30.062213001656346,8.934130571430744,1030.945653001254,112,1,1,1
2.5,2.1595063891271375,req_0674,document_qa,83.43034100107616,8.211106500008706,280.89242600253783,24,1,1,1
2.5,2.1595063891271375,req_0173,short_interactive,25.777906004805118,6.4051007484522415,51.85289800283499,4,1,1,1
2.5,2.1595063891271375,req_0578,coding_request,28.44037899922114,8.392993480010773,867.993372005003,100,1,1,1
2.5,2.1595063891271375,req_0524,coding_request,24.070130995824,8.866694369290558,2161.1776189965894,241,1,1,1
2.5,2.1595063891271375,req_0743,document_qa,107.50262100191321,8.665626891875569,1069.6863630000735,111,1,1,1
3.5,3.0233089447779924,req_0675,document_qa,70.88759399630362,12.678137644413962,641.7941359977704,45,1,1,1
3.5,3.0233089447779924,req_0968,long_output,30.144994001602754,10.177504406705381,4885.075590995257,477,1,1,1
3.5,3.0233089447779924,req_0167,short_interactive,25.712463997479063,10.535917247222407,963.733646000037,89,1,1,1
3.5,3.0233089447779924,req_0846,long_context_qa,229.14598899660632,8.581488923086093,564.2080749967135,39,1,1,1
3.5,3.0233089447779924,req_0446,knowledge_qa,109.57496199989691,8.38997420311216,1183.848759996181,128,1,1,1
3.5,3.0233089447779924,req_0407,knowledge_qa,21.30646400473779,11.364289720433824,1078.6588470000424,93,1,1,1
3.5,3.0233089447779924,req_0162,short_interactive,23.776465000992175,12.631963088257608,883.1342429984943,68,1,1,1
3.5,3.0233089447779924,req_0638,coding_request,28.211575001478195,10.03046496162329,4211.23426000122,417,1,1,1
3.5,3.0233089447779924,req_0895,long_context_qa,250.72368899418507,11.091589181114255,1659.6124499992584,127,1,1,1
3.5,3.0233089447779924,req_0233,short_interactive,199.85483199707232,9.777935773456647,2703.3716469959472,256,1,1,1
3.5,3.0233089447779924,req_0703,document_qa,199.6902989994851,10.618124756125859,1506.0339499978,123,1,1,1
3.5,3.0233089447779924,req_0356,knowledge_qa,30.822437998722307,11.538743040000554,896.4390809996985,75,1,1,1
3.5,3.0233089447779924,req_0429,knowledge_qa,27.94464700127719,10.94723023155606,1068.216655003198,95,1,1,1
3.5,3.0233089447779924,req_0855,long_context_qa,226.43237499869429,8.972532897327515,2236.8460659999982,224,1,1,1
3.5,3.0233089447779924,req_0099,short_interactive,25.448188003792893,8.81593654295898,2282.629869005177,256,1,1,1
3.5,3.0233089447779924,req_0175,short_interactive,30.50416100450093,8.882794599949627,963.6850940005388,105,1,1,1
3.5,3.0233089447779924,req_0093,short_interactive,25.92788800393464,8.733972972196272,1283.9072620045044,144,1,1,1
3.5,3.0233089447779924,req_0426,knowledge_qa,26.01460000005318,8.92185472723402,713.1609169955482,77,1,1,1
3.5,3.0233089447779924,req_0960,long_output,45.39581599965459,9.084897259997792,8676.33787899831,950,1,1,1
3.5,3.0233089447779924,req_0953,long_output,29.949919997307006,9.23348357716955,7149.287073996675,771,1,1,1
3.5,3.0233089447779924,req_0155,short_interactive,24.53379999496974,9.12086553125846,2359.8408339967136,256,1,1,1
3.5,3.0233089447779924,req_0504,coding_request,25.759975003893487,9.611108972219679,1410.0578830039012,144,1,1,1
3.5,3.0233089447779924,req_0749,document_qa,115.26547999528702,8.28723437522664,314.59901399648516,24,1,1,1
3.5,3.0233089447779924,req_0196,short_interactive,29.196675997809507,8.109348624808868,224.00089699658565,24,1,1,1
3.5,3.0233089447779924,req_0774,document_qa,117.59325800085207,8.250501000085412,233.58830100187333,14,1,1,1
3.5,3.0233089447779924,req_0321,knowledge_qa,24.90886699524708,8.241484205962692,305.35342499933904,34,1,1,1
3.5,3.0233089447779924,req_0318,knowledge_qa,26.181913999607787,8.385870095770905,814.9102919996949,94,1,1,1
3.5,3.0233089447779924,req_0629,coding_request,28.722186994855292,9.287616730475179,4784.32662999694,512,1,1,1
3.5,3.0233089447779924,req_0035,short_interactive,22.626711004704703,8.32425966655137,322.4899530032417,36,1,1,1
3.5,3.0233089447779924,req_0117,short_interactive,24.42963799694553,9.953241400095672,621.8570659984834,60,1,1,1
3.5,3.0233089447779924,req_0205,short_interactive,23.453498004528228,10.423677913027147,503.38222100253915,46,1,1,1
3.5,3.0233089447779924,req_0769,document_qa,121.51850699592615,8.423960920596969,652.4729099983233,63,1,1,1
3.5,3.0233089447779924,req_0094,short_interactive,22.875296002894174,7.724095922850001,123.64696100121364,13,1,1,1
3.5,3.0233089447779924,req_0587,coding_request,25.043950001418125,9.423268323542501,3229.1290030043456,340,1,1,1
3.5,3.0233089447779924,req_0748,document_qa,108.15011500380933,9.758186464640664,2040.7346850042813,198,1,1,1
3.5,3.0233089447779924,req_0218,short_interactive,34.489092002331745,9.41269548047785,2444.5350430032704,256,1,1,1
3.5,3.0233089447779924,req_0967,long_output,29.402798994851764,9.254303486114274,6026.615816997946,648,1,1,1
3.5,3.0233089447779924,req_0399,knowledge_qa,22.567950996744912,11.04829057142494,1028.354150999803,91,1,1,1
3.5,3.0233089447779924,req_0891,long_context_qa,252.5768230043468,9.074992172325688,779.5247820031364,58,1,1,1
3.5,3.0233089447779924,req_0081,short_interactive,57.1888240010594,8.573661050803594,2252.2870680040796,256,1,1,1
3.5,3.0233089447779924,req_0632,coding_request,35.51880300074117,9.017393210939417,4652.860836002219,512,1,1,1
3.5,3.0233089447779924,req_0370,knowledge_qa,32.026312001107726,8.72811537499274,590.8744309999747,64,1,1,1
3.5,3.0233089447779924,req_0260,short_interactive,30.763015995034948,8.248150966386017,1012.565185999847,119,1,1,1
3.5,3.0233089447779924,req_0346,knowledge_qa,25.72528400196461,8.231871593502214,1038.7203889986267,123,1,1,1
3.5,3.0233089447779924,req_0596,coding_request,24.35686600074405,8.387978224327059,1333.1391739993705,156,1,1,1
3.5,3.0233089447779924,req_0056,short_interactive,25.154451999696903,7.790689600005862,181.44286300230306,20,1,1,1
3.5,3.0233089447779924,req_0323,knowledge_qa,24.077599999145605,8.45590169535626,1106.7537740018452,128,1,1,1
3.5,3.0233089447779924,req_0238,short_interactive,29.83935700467555,9.463251879519174,2386.5557230019476,249,1,1,1
3.5,3.0233089447779924,req_0359,knowledge_qa,30.54753199830884,8.346593019268767,898.855341001763,104,1,1,1
3.5,3.0233089447779924,req_0032,short_interactive,23.833815997932106,9.474559937501681,2449.6401869982947,256,1,1,1
3.5,3.0233089447779924,req_0630,coding_request,28.55311099847313,10.14616863768613,4229.387714003678,414,1,1,1
3.5,3.0233089447779924,req_0904,long_output,24.332836001121905,10.754584195825615,4143.542347002949,383,1,1,1
3.5,3.0233089447779924,req_0690,document_qa,86.0236519947648,8.66236994292454,692.6571929943748,70,1,1,1
3.5,3.0233089447779924,req_0833,long_context_qa,216.84400500089396,8.459779652184807,411.6707720022532,23,1,1,1
3.5,3.0233089447779924,req_0092,short_interactive,141.93273999990197,10.227308624990883,2760.3062319976743,256,1,1,1
3.5,3.0233089447779924,req_0326,knowledge_qa,31.29909699782729,8.378668023453884,1104.041849001078,128,1,1,1
3.5,3.0233089447779924,req_0208,short_interactive,21.901774998696055,10.810747863274628,2789.6469719999004,256,1,1,1
3.5,3.0233089447779924,req_0710,document_qa,95.23167999577709,12.416988552104158,1287.5669169952744,96,1,1,1
3.5,3.0233089447779924,req_0717,document_qa,97.34807199856732,14.553652510624081,781.7259470029967,47,1,1,1
3.5,3.0233089447779924,req_0857,long_context_qa,229.81194900057744,11.78429364194421,1184.5832890030579,81,1,1,1
3.5,3.0233089447779924,req_0773,document_qa,123.36511199828237,10.345329078429096,651.3055510004051,51,1,1,1
3.5,3.0233089447779924,req_0719,document_qa,103.4538669991889,10.82460818747677,450.14271500258474,32,1,1,1
3.5,3.0233089447779924,req_0712,document_qa,95.04035499412566,8.261569513827087,1590.6972029988538,181,1,1,1
3.5,3.0233089447779924,req_0142,short_interactive,22.88856700033648,7.708651615338078,123.28703100502025,13,1,1,1
3.5,3.0233089447779924,req_0204,short_interactive,25.00564799993299,9.40388441936633,2357.390358003613,248,1,1,1
3.5,3.0233089447779924,req_0530,coding_request,29.809497005771846,9.325735864114321,4422.563795000315,471,1,1,1
3.5,3.0233089447779924,req_0878,long_context_qa,237.1108279985492,8.138975277688587,383.7956459974521,18,1,1,1
3.5,3.0233089447779924,req_0319,knowledge_qa,29.191045003244653,9.032890768228354,770.2629159975913,82,1,1,1
3.5,3.0233089447779924,req_0451,knowledge_qa,21.449337000376545,7.993214214366162,245.49518000276294,28,1,1,1
3.5,3.0233089447779924,req_0705,document_qa,89.43347199965501,8.275600519991713,503.61479700222844,50,1,1,1
3.5,3.0233089447779924,req_0408,knowledge_qa,22.87804699881235,8.185542055596468,465.090051999141,54,1,1,1
3.5,3.0233089447779924,req_0435,knowledge_qa,21.320134001143742,8.294802289071868,1083.2601610018173,128,1,1,1
3.5,3.0233089447779924,req_0974,long_output,26.820535997103434,9.210060537114373,9458.26733300055,1024,1,1,1
3.5,3.0233089447779924,req_0240,short_interactive,28.04774999822257,8.286556622416745,840.3748339987942,98,1,1,1
3.5,3.0233089447779924,req_0996,long_output,25.999240002420265,9.932892988230485,4247.821967001073,425,1,1,1
3.5,3.0233089447779924,req_0574,coding_request,33.73087699583266,11.482267626323798,2215.615600995079,190,1,1,1
3.5,3.0233089447779924,req_0179,short_interactive,20.88687499781372,10.445468678621442,898.6416299958364,84,1,1,1
3.5,3.0233089447779924,req_0367,knowledge_qa,24.267444998258725,12.055430104131423,603.2192549973843,48,1,1,1
3.5,3.0233089447779924,req_0502,coding_request,28.810696996515617,10.458689544593305,3313.0499589969986,314,1,1,1
3.5,3.0233089447779924,req_0616,coding_request,22.39904700400075,10.035644314456249,5160.9687420059345,512,1,1,1
3.5,3.0233089447779924,req_0840,long_context_qa,214.38565599964932,8.520077218918232,487.3147030011751,32,1,1,1
3.5,3.0233089447779924,req_0835,long_context_qa,247.83338699489832,18.167656611088507,575.0567799987039,18,1,0,0
3.5,3.0233089447779924,req_0886,long_context_qa,437.1874620046583,8.405837642515378,555.1823460045853,14,0,1,0
3.5,3.0233089447779924,req_0040,short_interactive,23.616812002728693,8.982830209855887,751.5724660042906,81,1,1,1
3.5,3.0233089447779924,req_0657,document_qa,76.68991099490086,8.09883222245844,222.77336700062733,18,1,1,1
3.5,3.0233089447779924,req_0041,short_interactive,24.235683005827013,8.354987186756482,784.8558230034541,91,1,1,1
3.5,3.0233089447779924,req_0192,short_interactive,25.05795099568786,8.42036189064288,2180.930119997356,256,1,1,1
3.5,3.0233089447779924,req_0586,coding_request,21.95459599897731,9.111657463500393,2518.7553350042435,274,1,1,1
3.5,3.0233089447779924,req_0166,short_interactive,27.038031003030483,9.145184246108329,2368.4137420059415,256,1,1,1
3.5,3.0233089447779924,req_0113,short_interactive,28.41383800114272,9.290151590255668,1933.0942680026055,205,1,1,1
3.5,3.0233089447779924,req_0178,short_interactive,25.50675000384217,10.743486671170302,809.9909009979456,73,1,1,1
3.5,3.0233089447779924,req_0818,long_context_qa,206.84513000014704,8.597780124849427,413.459317998786,24,1,1,1
3.5,3.0233089447779924,req_0148,short_interactive,25.51287000096636,8.096344835787782,568.2599700012361,67,1,1,1
3.5,3.0233089447779924,req_0508,coding_request,25.908558003720827,8.511374139295606,1736.9171640020795,201,1,1,1
3.5,3.0233089447779924,req_0007,short_interactive,26.02618999662809,9.72228793614975,483.3155399974203,47,1,1,1
3.5,3.0233089447779924,req_0698,document_qa,89.97617300337879,8.310970586221785,572.2993230010616,58,1,1,1
3.5,3.0233089447779924,req_0064,short_interactive,39.66652700182749,8.300748775036482,371.9500529987272,40,1,1,1
3.5,3.0233089447779924,req_0084,short_interactive,21.014048004872166,7.988472102554694,332.83018600195646,39,1,1,1
3.5,3.0233089447779924,req_0534,coding_request,14.0775260006194,8.273669047442944,2455.029699995066,295,1,1,1
3.5,3.0233089447779924,req_0918,long_output,23.50252799806185,8.94213314877113,9100.030959998548,1015,1,1,1
3.5,3.0233089447779924,req_0466,knowledge_qa,27.324085996951908,7.818011529760791,160.51384800084634,17,1,1,1
3.5,3.0233089447779924,req_0310,knowledge_qa,20.37071599625051,8.2519116987074,622.9738140027621,73,1,1,1
3.5,3.0233089447779924,req_0457,knowledge_qa,21.20404200104531,8.337666616276946,738.474004996533,86,1,1,1
3.5,3.0233089447779924,req_0984,long_output,23.650230999919586,8.922030857419827,9160.04891400371,1024,1,1,1
3.5,3.0233089447779924,req_0938,long_output,32.68067400495056,9.261067249993728,4552.518911004881,488,1,1,1
3.5,3.0233089447779924,req_0371,knowledge_qa,23.71981299802428,8.241308518470895,469.3092239976977,54,1,1,1
3.5,3.0233089447779924,req_0422,knowledge_qa,28.257764999580104,8.23813389701279,588.6659050011076,68,1,1,1
3.5,3.0233089447779924,req_0131,short_interactive,20.782642997801304,8.22353491781691,621.3636769971345,73,1,1,1
3.5,3.0233089447779924,req_0531,coding_request,21.163739998883102,10.58269998490993,2127.4182130000554,199,1,1,1
3.5,3.0233089447779924,req_0864,long_context_qa,228.65126699616667,9.494666717007519,732.0855479993043,53,1,1,1
3.5,3.0233089447779924,req_0650,coding_request,64.12265299877618,9.295647914828745,3448.045609999099,364,1,1,1
3.5,3.0233089447779924,req_0444,knowledge_qa,67.42220999876736,10.44568897726673,986.9365359991207,88,1,1,1
3.5,3.0233089447779924,req_0931,long_output,32.43534999637632,8.88835159034515,5738.969136000378,642,1,1,1
3.5,3.0233089447779924,req_0793,document_qa,131.86242999654496,10.143053727392036,466.8464189962833,33,1,1,1
3.5,3.0233089447779924,req_0926,long_output,29.366356997343246,9.048915946485588,1043.0757779977284,112,1,1,1
3.5,3.0233089447779924,req_0674,document_qa,88.95275800023228,8.326508374921104,289.408871998603,24,1,1,1
3.5,3.0233089447779924,req_0173,short_interactive,29.849145998014137,6.52626024930214,56.13762099528685,4,1,1,1
3.5,3.0233089447779924,req_0578,coding_request,28.175083003588952,8.413817979962914,869.7725550009636,100,1,1,1
3.5,3.0233089447779924,req_0524,coding_request,28.4647180014872,8.824908733088275,2508.666870002344,281,1,1,1
3.5,3.0233089447779924,req_0743,document_qa,108.85282299568644,8.67559701801584,1072.0500569950673,111,1,1,1
3.75,3.2392595836907065,req_0675,document_qa,72.19883999641752,12.711891133383485,644.6539499956998,45,1,1,1
3.75,3.2392595836907065,req_0968,long_output,32.06149300240213,10.282411013204463,4700.460806998308,454,1,1,1
3.75,3.2392595836907065,req_0167,short_interactive,22.798024998337496,10.547215033736567,961.7716180000571,89,1,1,1
3.75,3.2392595836907065,req_0846,long_context_qa,226.8071799990139,8.611622051177665,563.0127469994477,39,1,1,1
3.75,3.2392595836907065,req_0446,knowledge_qa,117.09210499975597,8.405346039069173,1193.3456849947106,128,1,1,1
3.75,3.2392595836907065,req_0407,knowledge_qa,25.859246001346037,11.414632172012697,1087.7616249999846,93,1,1,1
3.75,3.2392595836907065,req_0162,short_interactive,24.57408999907784,12.653443764707738,885.2873310024734,68,1,1,1
3.75,3.2392595836907065,req_0638,coding_request,31.835488000069745,10.230983618533617,3786.8624809998437,367,1,1,1
3.75,3.2392595836907065,req_0895,long_context_qa,248.63516399636865,11.055105566961496,1652.9215170012321,127,1,1,1
3.75,3.2392595836907065,req_0233,short_interactive,205.0850570012699,9.763349796855891,2705.1252079982078,256,1,1,1
3.75,3.2392595836907065,req_0703,document_qa,205.05916699767113,10.589200479680732,1507.850611997128,123,1,1,1
3.75,3.2392595836907065,req_0356,knowledge_qa,26.44868900097208,11.4869875733469,888.3840050038998,75,1,1,1
3.75,3.2392595836907065,req_0429,knowledge_qa,31.63273500103969,10.922598884223445,1069.5701750009903,95,1,1,1
3.75,3.2392595836907065,req_0855,long_context_qa,227.8074089990696,8.965832839294308,2236.5503430046374,224,1,1,1
3.75,3.2392595836907065,req_0099,short_interactive,30.271187002654187,8.831054429691676,2291.3009870026144,256,1,1,1
3.75,3.2392595836907065,req_0175,short_interactive,29.69287400628673,8.83005444257669,1107.43154600641,122,1,1,1
3.75,3.2392595836907065,req_0093,short_interactive,25.379906997841317,8.9252135405479,686.0659239973756,74,1,1,1
3.75,3.2392595836907065,req_0426,knowledge_qa,32.72333599306876,8.884853725308798,841.5057299935143,91,1,1,1
3.75,3.2392595836907065,req_0960,long_output,44.00524700031383,9.139540019861698,8324.857373998384,906,1,1,1
3.75,3.2392595836907065,req_0953,long_output,23.985416002687998,9.068433070434178,9165.441261000524,1008,1,1,1
3.75,3.2392595836907065,req_0155,short_interactive,29.39139900263399,9.518994503906697,2466.4771770039806,256,1,1,1
3.75,3.2392595836907065,req_0504,coding_request,29.13772399915615,9.61046684824396,1422.9500429937616,145,1,1,1
3.75,3.2392595836907065,req_0749,document_qa,112.066802001209,8.290045499961707,311.3030599997728,24,1,1,1
3.75,3.2392595836907065,req_0196,short_interactive,22.693351995258126,8.163199625111398,218.86520800035214,24,1,1,1
3.75,3.2392595836907065,req_0774,document_qa,123.58317699545296,8.22186821460491,238.98861799534643,14,1,1,1
3.75,3.2392595836907065,req_0321,knowledge_qa,25.11909099848708,8.24817332356949,305.8140290013398,34,1,1,1
3.75,3.2392595836907065,req_0318,knowledge_qa,28.519551000499632,8.392475562504842,700.1479509999626,80,1,1,1
3.75,3.2392595836907065,req_0629,coding_request,25.586431998817716,9.312685669911502,4794.039041997166,512,1,1,1
3.75,3.2392595836907065,req_0035,short_interactive,29.215665002993774,8.301076555451598,328.3840980002424,36,1,1,1
3.75,3.2392595836907065,req_0117,short_interactive,21.688171997084282,9.417746121539281,1029.620581997733,107,1,1,1
3.75,3.2392595836907065,req_0205,short_interactive,24.598761003289837,10.498787760772519,507.769431998895,46,1,1,1
3.75,3.2392595836907065,req_0769,document_qa,122.32043200492626,8.554932190496142,661.4819840033306,63,1,1,1
3.75,3.2392595836907065,req_0094,short_interactive,24.21350299846381,7.694942076900938,124.51487599901156,13,1,1,1
3.75,3.2392595836907065,req_0587,coding_request,26.583990998915397,9.429453402371372,3213.9991459989687,338,1,1,1
3.75,3.2392595836907065,req_0748,document_qa,109.77767599979416,9.951215175142917,1871.5358400004334,177,1,1,1
3.75,3.2392595836907065,req_0218,short_interactive,41.29409999586642,9.451350898444844,2461.2869689954096,256,1,1,1
3.75,3.2392595836907065,req_0967,long_output,36.996072994952556,9.873983346013656,8084.462933999021,815,1,1,1
3.75,3.2392595836907065,req_0399,knowledge_qa,29.20405400072923,10.430263562511755,1364.5561459998135,128,1,1,1
3.75,3.2392595836907065,req_0891,long_context_qa,248.04757100355346,9.042537382329636,863.2699890004005,68,1,1,1
3.75,3.2392595836907065,req_0081,short_interactive,66.49097300396534,8.555728906230797,2257.0210590056377,256,1,1,1
3.75,3.2392595836907065,req_0632,coding_request,33.10349399544066,9.035657058603874,4659.873337994213,512,1,1,1
3.75,3.2392595836907065,req_0370,knowledge_qa,28.733914004988037,8.859891046881785,596.2914520059712,64,1,1,1
3.75,3.2392595836907065,req_0260,short_interactive,31.582763003825676,8.334817277316978,1023.8733480000519,119,1,1,1
3.75,3.2392595836907065,req_0346,knowledge_qa,30.35724800429307,8.30597693496431,1052.2380660040653,123,1,1,1
3.75,3.2392595836907065,req_0596,coding_request,22.75932300108252,8.275887920026435,1264.469118003035,150,1,1,1
3.75,3.2392595836907065,req_0056,short_interactive,29.08836299320683,7.894356250108103,187.34146499627968,20,1,1,1
3.75,3.2392595836907065,req_0323,knowledge_qa,27.57477200066205,8.258243476575444,1085.016683995491,128,1,1,1
3.75,3.2392595836907065,req_0238,short_interactive,23.681781996856444,9.4874700234584,2452.80323499901,256,1,1,1
3.75,3.2392595836907065,req_0359,knowledge_qa,25.529639002343174,8.295007673041255,888.5637240018696,104,1,1,1
3.75,3.2392595836907065,req_0032,short_interactive,25.410126996575855,9.509206839851458,2460.072363996005,256,1,1,1
3.75,3.2392595836907065,req_0630,coding_request,24.976478001917712,10.578492823679586,4404.747052998573,414,1,1,1
3.75,3.2392595836907065,req_0904,long_output,27.89599900279427,10.711557115282266,4301.952551002614,399,1,1,1
3.75,3.2392595836907065,req_0690,document_qa,84.78088500123704,8.654811814319276,691.0509599983925,70,1,1,1
3.75,3.2392595836907065,req_0833,long_context_qa,214.08675899874652,8.599689434682343,412.1373109956039,23,1,1,1
3.75,3.2392595836907065,req_0092,short_interactive,143.971880999743,10.873334109390953,2927.950031000364,256,1,1,1
3.75,3.2392595836907065,req_0326,knowledge_qa,33.701776002999395,8.486977976531307,1120.4088250015047,128,1,1,1
3.75,3.2392595836907065,req_0208,short_interactive,26.97014900331851,11.305965342453668,2503.2210040008067,219,1,1,1
3.75,3.2392595836907065,req_0710,document_qa,97.50870500283781,12.420425729184595,1290.3340449993266,96,1,1,1
3.75,3.2392595836907065,req_0717,document_qa,104.3244950051303,14.102030038394822,838.0572050009505,52,1,1,1
3.75,3.2392595836907065,req_0857,long_context_qa,232.56139499426354,11.470836056187078,1253.7403099995572,89,1,1,1
3.75,3.2392595836907065,req_0773,document_qa,141.40993999899365,11.455122862803275,725.9663529985119,51,1,1,1
3.75,3.2392595836907065,req_0719,document_qa,106.3912160025211,10.7656445311477,451.37456100201234,32,1,1,1
3.75,3.2392595836907065,req_0712,document_qa,92.7667880023364,8.38058007649805,1626.735459001793,183,1,1,1
3.75,3.2392595836907065,req_0142,short_interactive,26.678352995077148,7.741189153770952,127.6378990005469,13,1,1,1
3.75,3.2392595836907065,req_0204,short_interactive,27.26415499637369,9.420263253929306,2439.2939469980774,256,1,1,1
3.75,3.2392595836907065,req_0530,coding_request,26.704053998400923,9.130978563731363,3250.2785439937725,353,1,1,1
3.75,3.2392595836907065,req_0878,long_context_qa,243.84671600273577,8.130009999957919,390.49265300127445,18,1,1,1
3.75,3.2392595836907065,req_0319,knowledge_qa,26.312166002753656,8.954029675940681,993.711228002212,108,1,1,1
3.75,3.2392595836907065,req_0451,knowledge_qa,23.539369998616166,8.003550107137666,247.96569000318414,28,1,1,1
3.75,3.2392595836907065,req_0705,document_qa,88.96560200082604,8.3560099999886,507.01213700085646,50,1,1,1
3.75,3.2392595836907065,req_0408,knowledge_qa,27.758115000324324,8.245101259187019,473.26023899950087,54,1,1,1
3.75,3.2392595836907065,req_0435,knowledge_qa,27.94790999905672,8.310716203141055,1092.1429929949227,128,1,1,1
3.75,3.2392595836907065,req_0974,long_output,25.529929996991996,9.220463094727904,9467.581234996032,1024,1,1,1
3.75,3.2392595836907065,req_0240,short_interactive,23.963619001733605,8.2960819081749,837.2859120063367,98,1,1,1
3.75,3.2392595836907065,req_0996,long_output,29.658703999302816,10.204825628180759,3652.6029470041976,355,1,1,1
3.75,3.2392595836907065,req_0574,coding_request,28.0109099985566,11.558070222829132,2155.0996890000533,184,1,1,1
3.75,3.2392595836907065,req_0179,short_interactive,24.488609000400174,10.412620392820653,899.5706310015521,84,1,1,1
3.75,3.2392595836907065,req_0367,knowledge_qa,25.588860997231677,12.09654822923767,606.5791329965577,48,1,1,1
3.75,3.2392595836907065,req_0502,coding_request,24.794625001959503,10.16592724657018,3735.7587680016877,365,1,1,1
3.75,3.2392595836907065,req_0616,coding_request,22.957688001042698,10.024610980465809,5155.741684000532,512,1,1,1
3.75,3.2392595836907065,req_0840,long_context_qa,216.12417099822778,11.8187288126137,594.5837890030816,32,1,1,1
3.75,3.2392595836907065,req_0835,long_context_qa,251.86921899876324,18.23080744442349,580.32518899563,18,1,0,0
3.75,3.2392595836907065,req_0886,long_context_qa,442.10897399898386,8.432367428343111,560.6052570001339,14,0,1,0
3.75,3.2392595836907065,req_0040,short_interactive,22.47787799569778,8.975477469150828,749.8306799971033,81,1,1,1
3.75,3.2392595836907065,req_0657,document_qa,76.0821189978742,8.059378055299426,221.633003995521,18,1,1,1
3.75,3.2392595836907065,req_0041,short_interactive,29.472620000888128,8.364220560466933,791.132120997645,91,1,1,1
3.75,3.2392595836907065,req_0192,short_interactive,22.38203599699773,8.381455832022766,2168.55557999952,256,1,1,1
3.75,3.2392595836907065,req_0586,coding_request,28.66302299662493,9.070338186150227,2514.3555940012448,274,1,1,1
3.75,3.2392595836907065,req_0166,short_interactive,24.88270700268913,9.102518683590688,2355.4242070022156,256,1,1,1
3.75,3.2392595836907065,req_0113,short_interactive,24.623751000035554,9.074681660166561,2347.9761900016456,256,1,1,1
3.75,3.2392595836907065,req_0178,short_interactive,24.060209005256183,10.563842328711834,795.7007389995852,73,1,1,1
3.75,3.2392595836907065,req_0818,long_context_qa,215.9713279979769,8.59425283336653,422.4933110017446,24,1,1,1
3.75,3.2392595836907065,req_0148,short_interactive,24.833856004988775,8.16581114920711,572.1663080039434,67,1,1,1
3.75,3.2392595836907065,req_0508,coding_request,27.862306000315584,8.555506606990546,1747.731458999624,201,1,1,1
3.75,3.2392595836907065,req_0007,short_interactive,25.17713299312163,9.746795234101963,483.57234499417245,47,1,1,1
3.75,3.2392595836907065,req_0698,document_qa,95.59809699567268,8.369626758614121,581.2406829936663,58,1,1,1
3.75,3.2392595836907065,req_0064,short_interactive,49.54828899644781,8.32696527504595,382.98274699627655,40,1,1,1
3.75,3.2392595836907065,req_0084,short_interactive,28.192534002300818,8.058532794865851,342.6952669979073,39,1,1,1
3.75,3.2392595836907065,req_0534,coding_request,14.470463996985927,8.289916030619116,2451.913541997783,294,1,1,1
3.75,3.2392595836907065,req_0918,long_output,28.377788003126625,9.091065820237938,7665.22565500054,840,1,1,1
3.75,3.2392595836907065,req_0466,knowledge_qa,24.09217899548821,7.841295529728728,157.7267100001336,17,1,1,1
3.75,3.2392595836907065,req_0310,knowledge_qa,23.39350500551518,8.232033082119775,624.5791050023399,73,1,1,1
3.75,3.2392595836907065,req_0457,knowledge_qa,24.529069996788166,8.377479256414828,1005.1456319997669,117,1,1,1
3.75,3.2392595836907065,req_0984,long_output,22.77368400245905,8.952430264649536,9190.337500003807,1024,1,1,1
3.75,3.2392595836907065,req_0938,long_output,32.010681003157515,9.248801138729682,4832.372836004652,519,1,1,1
3.75,3.2392595836907065,req_0371,knowledge_qa,22.075550004956312,8.281953759217652,469.6628210003837,54,1,1,1
3.75,3.2392595836907065,req_0422,knowledge_qa,33.67520600295393,8.271940308772814,596.532344003208,68,1,1,1
3.75,3.2392595836907065,req_0131,short_interactive,27.061230000981595,10.985903849359602,829.4233990018256,73,1,1,1
3.75,3.2392595836907065,req_0531,coding_request,27.122252999106422,10.717715888902257,2053.1044130038936,189,1,1,1
3.75,3.2392595836907065,req_0864,long_context_qa,234.4166939947172,9.449820188785692,735.8319949998986,53,1,1,1
3.75,3.2392595836907065,req_0650,coding_request,59.94183100119699,9.152845912954064,4371.153871004935,471,1,1,1
3.75,3.2392595836907065,req_0444,knowledge_qa,64.52288399304962,10.50184073256935,968.0985659942962,86,1,1,1
3.75,3.2392595836907065,req_0931,long_output,33.58004400070058,8.775204683733378,6720.570397999836,762,1,1,1
3.75,3.2392595836907065,req_0793,document_qa,134.68888200441143,9.81406404162044,606.4269300040905,48,1,1,1
3.75,3.2392595836907065,req_0926,long_output,97.84669300279347,8.414248970546074,384.3977380020078,34,1,1,1
3.75,3.2392595836907065,req_0674,document_qa,86.41857099428307,8.337273125107458,286.9805250011268,24,1,1,1
3.75,3.2392595836907065,req_0173,short_interactive,26.585551000607666,6.483024500994361,52.74758400628343,4,1,1,1
3.75,3.2392595836907065,req_0578,coding_request,27.744676001020707,8.468612270007725,874.8160670002108,100,1,1,1
3.75,3.2392595836907065,req_0524,coding_request,26.93665900005726,8.884262676147564,2523.6394249950536,281,1,1,1
3.75,3.2392595836907065,req_0743,document_qa,107.76241499843309,8.668124549568585,1070.163885000511,111,1,1,1
4.0,3.455210222603422,req_0675,document_qa,71.36520600033691,12.742070888958146,644.9826300013228,45,1,1,1
4.0,3.455210222603422,req_0968,long_output,29.55226299673086,13.914871335094958,7961.367060997873,570,1,1,1
4.0,3.455210222603422,req_0167,short_interactive,22.96238800045103,10.570429775306662,964.1074960018159,89,1,1,1
4.0,3.455210222603422,req_0846,long_context_qa,227.89103600371163,8.630464818204267,607.9389650039957,44,1,1,1
4.0,3.455210222603422,req_0446,knowledge_qa,125.9773390047485,8.44869357808875,1207.6168620042154,128,1,1,1
4.0,3.455210222603422,req_0407,knowledge_qa,24.29763499822002,11.43217879574075,1087.89570099907,93,1,1,1
4.0,3.455210222603422,req_0162,short_interactive,23.004458998912014,12.678465985278736,885.5975749975187,68,1,1,1
4.0,3.455210222603422,req_0638,coding_request,25.733175003551878,16.100597079019018,5935.082101997978,367,1,0,0
4.0,3.455210222603422,req_0895,long_context_qa,248.8753329962492,26.660962212591535,3635.0545280001825,127,1,0,0
4.0,3.455210222603422,req_0233,short_interactive,214.87258100387407,18.180291859380304,4869.369464002375,256,1,0,0
4.0,3.455210222603422,req_0703,document_qa,214.74135799508076,26.69263842279741,3498.1527989948518,123,1,0,0
4.0,3.455210222603422,req_0356,knowledge_qa,29.470251000020653,37.901890333353855,2872.4573330036947,75,1,0,0
4.0,3.455210222603422,req_0429,knowledge_qa,32.759157998953015,32.71104583162876,3140.8259520030697,95,1,0,0
4.0,3.455210222603422,req_0855,long_context_qa,2208.431484999892,10.010782957039055,4771.968048000417,256,0,1,0
4.0,3.455210222603422,req_0099,short_interactive,1779.0237799999886,10.010876980459216,4342.407539996202,256,0,1,0
4.0,3.455210222603422,req_0175,short_interactive,953.5922490031226,9.555788879981264,2148.364485001366,125,0,1,0
4.0,3.455210222603422,req_0093,short_interactive,949.3874140025582,10.118269499995419,1698.604126002465,74,0,1,0
4.0,3.455210222603422,req_0426,knowledge_qa,860.0295959986397,10.063499142907185,1635.385330002464,77,0,1,0
4.0,3.455210222603422,req_0960,long_output,642.1484429956763,9.449196763514035,7634.823612999753,740,0,1,0
4.0,3.455210222603422,req_0953,long_output,554.9163389950991,9.32978858999882,8951.989034998405,900,0,1,0
4.0,3.455210222603422,req_0155,short_interactive,33.036651999282185,9.945337054688252,2579.5574779986055,256,1,1,1
4.0,3.455210222603422,req_0504,coding_request,32.50683200167259,9.904317216650169,1815.6644480040995,180,1,1,1
4.0,3.455210222603422,req_0749,document_qa,117.47686899616383,8.609926041875346,324.6270539966645,24,1,1,1
4.0,3.455210222603422,req_0196,short_interactive,27.095090998045634,8.443963041524208,230.23924399603857,24,1,1,1
4.0,3.455210222603422,req_0774,document_qa,121.44067000190262,8.686692499655432,243.57062600029167,14,1,1,1
4.0,3.455210222603422,req_0321,knowledge_qa,28.732083999784663,8.735335647061754,326.20981599757215,34,1,1,1
4.0,3.455210222603422,req_0318,knowledge_qa,25.933586999599356,8.89005287499458,737.6688270014711,80,1,1,1
4.0,3.455210222603422,req_0629,coding_request,34.832347999326885,9.365421623058978,4830.502761004027,512,1,1,1
4.0,3.455210222603422,req_0035,short_interactive,30.012529998202808,8.660083972346102,342.1018099979847,36,1,1,1
4.0,3.455210222603422,req_0117,short_interactive,27.135750999150332,10.214356133292313,640.2931449993048,60,1,1,1
4.0,3.455210222603422,req_0205,short_interactive,30.953298999520484,10.54794741313621,516.4305459984462,46,1,1,1
4.0,3.455210222603422,req_0769,document_qa,123.99916299909819,8.532408596839824,653.2915610005148,62,1,1,1
4.0,3.455210222603422,req_0094,short_interactive,22.697741995216347,7.622815923241433,122.11801499506691,13,1,1,1
4.0,3.455210222603422,req_0587,coding_request,28.569932001119014,9.28398800000608,3621.7357340065064,387,1,1,1
4.0,3.455210222603422,req_0748,document_qa,111.56260900315829,9.52005993002722,2425.6302360008704,243,1,1,1
4.0,3.455210222603422,req_0218,short_interactive,49.48989600234199,9.451984597660612,2469.790635004756,256,1,1,1
4.0,3.455210222603422,req_0967,long_output,45.3263019953738,9.943274162974038,7672.094149995246,767,1,1,1
4.0,3.455210222603422,req_0399,knowledge_qa,23.683011000684928,10.315192500002013,1344.514311000239,128,1,1,1
4.0,3.455210222603422,req_0891,long_context_qa,245.2707999982522,9.072102174009753,663.0941199982772,46,1,1,1
4.0,3.455210222603422,req_0081,short_interactive,75.79348199942615,8.561595921889875,2267.91140500427,256,1,1,1
4.0,3.455210222603422,req_0632,coding_request,30.684684999869205,9.014705759753383,4646.4905600005295,512,1,1,1
4.0,3.455210222603422,req_0370,knowledge_qa,33.28867799427826,8.636623046868408,586.5064329991583,64,1,1,1
4.0,3.455210222603422,req_0260,short_interactive,24.811954994220287,8.469634991618042,1033.0999469952076,119,1,1,1
4.0,3.455210222603422,req_0346,knowledge_qa,27.230254003370646,8.431917056914541,1064.7447200026363,123,1,1,1
4.0,3.455210222603422,req_0596,coding_request,23.68830299383262,8.375549416693199,1330.6565799939563,156,1,1,1
4.0,3.455210222603422,req_0056,short_interactive,29.10805099963909,8.100178799941204,191.47404500108678,20,1,1,1
4.0,3.455210222603422,req_0323,knowledge_qa,28.38410699769156,8.255269609378502,1085.451564998948,128,1,1,1
4.0,3.455210222603422,req_0238,short_interactive,23.18327200191561,9.480082192456994,2289.2403430014383,239,1,1,1
4.0,3.455210222603422,req_0359,knowledge_qa,27.676911995513365,8.279656694250948,1029.7714670014102,121,1,1,1
4.0,3.455210222603422,req_0032,short_interactive,28.019121004035696,9.482050959355192,2361.1218280057074,246,1,1,1
4.0,3.455210222603422,req_0630,coding_request,28.717604996927548,10.6098281827189,4326.227039993682,405,1,1,1
4.0,3.455210222603422,req_0904,long_output,22.145111004647333,10.668752047381632,4300.654869002756,401,1,1,1
4.0,3.455210222603422,req_0690,document_qa,84.24515499791596,8.502194400041065,679.7871110029519,70,1,1,1
4.0,3.455210222603422,req_0833,long_context_qa,219.652801999473,8.569656695687192,416.9891409983393,23,1,1,1
4.0,3.455210222603422,req_0092,short_interactive,155.31209199980367,10.904276367199373,2947.000726002443,256,1,1,1
4.0,3.455210222603422,req_0326,knowledge_qa,44.456584997533355,8.998920421902312,1196.6388459986774,128,1,1,1
4.0,3.455210222603422,req_0208,short_interactive,23.358056001598015,10.88695827732522,2810.5977789964527,256,1,1,1
4.0,3.455210222603422,req_0710,document_qa,90.62077499402221,12.669147263563513,1725.2361779974308,129,1,1,1
4.0,3.455210222603422,req_0717,document_qa,98.17575899796793,14.10879361537809,832.2349059963017,52,1,1,1
4.0,3.455210222603422,req_0857,long_context_qa,232.35176000162028,11.53560804493864,1259.2414099999587,89,1,1,1
4.0,3.455210222603422,req_0773,document_qa,153.49767499719746,10.559349717668203,1051.3902279999456,85,1,1,1
4.0,3.455210222603422,req_0719,document_qa,101.50812600477366,10.854857593812994,449.2332870067912,32,1,1,1
4.0,3.455210222603422,req_0712,document_qa,93.78100900357822,9.660764607727574,1842.6088280029944,181,1,1,1
4.0,3.455210222603422,req_0142,short_interactive,24.882347002858296,7.795454154032855,126.4430950031965,13,1,1,1
4.0,3.455210222603422,req_0204,short_interactive,22.812595001596492,9.599136090516092,2144.5187570061535,221,1,1,1
4.0,3.455210222603422,req_0530,coding_request,24.358377006137744,10.367770396058113,4762.819366005715,457,1,1,1
4.0,3.455210222603422,req_0878,long_context_qa,241.06135799956974,8.288257666814994,390.5776620013057,18,1,1,1
4.0,3.455210222603422,req_0319,knowledge_qa,39.19077899627155,9.102332158540886,785.8006710011978,82,1,1,1
4.0,3.455210222603422,req_0451,knowledge_qa,23.433506998117082,8.003702964353058,247.89632800093386,28,1,1,1
4.0,3.455210222603422,req_0705,document_qa,91.30329000618076,8.310006379906554,507.21005800005514,50,1,1,1
4.0,3.455210222603422,req_0408,knowledge_qa,28.299676996539347,8.248716851893631,473.98719299962977,54,1,1,1
4.0,3.455210222603422,req_0435,knowledge_qa,25.776635004149284,8.322078710932601,1091.223205003189,128,1,1,1
4.0,3.455210222603422,req_0974,long_output,20.635229993786197,9.191534503912635,9433.007306994114,1024,1,1,1
4.0,3.455210222603422,req_0240,short_interactive,23.720173005131073,8.304788510161286,837.7866310038371,98,1,1,1
4.0,3.455210222603422,req_0996,long_output,30.662379998830147,9.886959727702962,4242.81283000164,426,1,1,1
4.0,3.455210222603422,req_0574,coding_request,29.265082004712895,11.702496484213043,2253.0123790056678,190,1,1,1
4.0,3.455210222603422,req_0179,short_interactive,22.664019001240376,10.514223607190486,906.1463180041756,84,1,1,1
4.0,3.455210222603422,req_0367,knowledge_qa,24.315801994816866,12.120473729282821,606.3284659976489,48,1,1,1
4.0,3.455210222603422,req_0502,coding_request,27.704371001163963,10.091711164389144,3711.371479999798,365,1,1,1
4.0,3.455210222603422,req_0616,coding_request,30.48486700572539,9.977295443349021,5139.250162006647,512,1,1,1
4.0,3.455210222603422,req_0840,long_context_qa,215.02696600509807,20.73236912497123,878.8580559994443,32,1,0,0
4.0,3.455210222603422,req_0835,long_context_qa,252.57846400199924,17.949128944261854,575.9439309986192,18,1,0,0
4.0,3.455210222603422,req_0886,long_context_qa,444.3654569986393,7.994361214514356,556.48920800013,14,0,1,0
4.0,3.455210222603422,req_0040,short_interactive,32.03039900108706,8.891769433699139,770.4205199988792,83,1,1,1
4.0,3.455210222603422,req_0657,document_qa,70.04401800077176,7.767447833531252,210.05258300283458,18,1,1,1
4.0,3.455210222603422,req_0041,short_interactive,28.68913100246573,8.380389802178987,791.6046290047234,91,1,1,1
4.0,3.455210222603422,req_0192,short_interactive,29.662410997843836,8.316809027348882,2159.0887880010996,256,1,1,1
4.0,3.455210222603422,req_0586,coding_request,23.51328700024169,9.041791825106866,2401.7597920028493,263,1,1,1
4.0,3.455210222603422,req_0166,short_interactive,25.603217996831518,9.052680648437672,2343.409529996279,256,1,1,1
4.0,3.455210222603422,req_0113,short_interactive,26.05817700532498,9.011145824217692,2333.116002002498,256,1,1,1
4.0,3.455210222603422,req_0178,short_interactive,31.827664002776146,9.700903696945964,1312.67090899928,132,1,1,1
4.0,3.455210222603422,req_0818,long_context_qa,207.4743010016391,8.691943083249498,416.4820730002248,24,1,1,1
4.0,3.455210222603422,req_0148,short_interactive,27.401564999308903,8.167654477557647,574.9278809962561,67,1,1,1
4.0,3.455210222603422,req_0508,coding_request,21.176280002691783,8.62682444279184,1755.4804500032333,201,1,1,1
4.0,3.455210222603422,req_0007,short_interactive,23.790191997250076,9.740097999964108,481.9832459979807,47,1,1,1
4.0,3.455210222603422,req_0698,document_qa,89.90980999806197,8.375492655212494,575.8926580019761,58,1,1,1
4.0,3.455210222603422,req_0064,short_interactive,48.21340600028634,8.339836400045897,381.973454997933,40,1,1,1
4.0,3.455210222603422,req_0084,short_interactive,28.26181500131497,8.067864794821407,343.196216999786,39,1,1,1
4.0,3.455210222603422,req_0534,coding_request,27.109381000627764,8.304040360537304,2468.8829239967163,294,1,1,1
4.0,3.455210222603422,req_0918,long_output,28.442968003218994,9.016480367692207,8513.32215200091,941,1,1,1
4.0,3.455210222603422,req_0466,knowledge_qa,24.612720000732224,7.809629059064558,157.58179800468497,17,1,1,1
4.0,3.455210222603422,req_0310,knowledge_qa,21.47962700109929,8.257290863010184,624.5689560018945,73,1,1,1
4.0,3.455210222603422,req_0457,knowledge_qa,21.898956001678016,8.364849444404125,1001.0749409993878,117,1,1,1
4.0,3.455210222603422,req_0984,long_output,20.810784000786953,8.964034425464368,9101.647411996964,1013,1,1,1
4.0,3.455210222603422,req_0938,long_output,32.3841689969413,9.282450087575594,4590.298896000604,491,1,1,1
4.0,3.455210222603422,req_0371,knowledge_qa,24.747864001255948,8.272968259175455,471.8467069978942,54,1,1,1
4.0,3.455210222603422,req_0422,knowledge_qa,31.316218002757523,8.271699588209124,594.054765002511,68,1,1,1
4.0,3.455210222603422,req_0131,short_interactive,20.836264004174154,10.925374904106059,818.8622410016251,73,1,1,1
4.0,3.455210222603422,req_0531,coding_request,26.06897100486094,10.566733427143635,2129.2279700064682,199,1,1,1
4.0,3.455210222603422,req_0864,long_context_qa,235.78222100331914,9.44362092449633,736.5470049990108,53,1,1,1
4.0,3.455210222603422,req_0650,coding_request,61.67662699590437,9.089000320315677,4715.568248000636,512,1,1,1
4.0,3.455210222603422,req_0444,knowledge_qa,66.30357099493267,10.465831441928627,966.7119619989535,86,1,1,1
4.0,3.455210222603422,req_0931,long_output,38.619954997557215,8.604055170474183,8315.965933994448,962,1,1,1
4.0,3.455210222603422,req_0793,document_qa,130.35187400237191,10.174783818277348,466.4720880027744,33,1,1,1
4.0,3.455210222603422,req_0926,long_output,104.69827100314433,8.28413808823611,386.59523100068327,34,1,1,1
4.0,3.455210222603422,req_0674,document_qa,91.93672199762659,8.207826666875917,289.3036300010863,24,1,1,1
4.0,3.455210222603422,req_0173,short_interactive,28.301504004048184,6.045891250323621,52.98903900256846,4,1,1,1
4.0,3.455210222603422,req_0578,coding_request,29.68042499560397,8.490226750000147,879.0311470002052,100,1,1,1
4.0,3.455210222603422,req_0524,coding_request,27.69215399894165,8.995406392690105,1997.9809599972214,219,1,1,1
4.0,3.455210222603422,req_0743,document_qa,112.66750399954617,8.669456414462,1075.222831001156,111,1,1,1
