request_id,token_index,gpu_step_ms_eager,stream_itl_ms_eager,effective_sequence_length_eager,gpu_step_ms_flash,stream_itl_ms_flash,effective_sequence_length_flash,gpu_tpot_speedup_eager_over_flash,stream_itl_speedup_eager_over_flash
req_0102,2,17.524736404418945,17.682609999610577,40,15.36508846282959,15.534746999946949,40,1.1405555162805514,1.138261859022935
req_0102,3,17.751712799072266,17.904194000038842,41,15.469568252563477,15.636809000170617,41,1.1475247731061022,1.1450030501647417
req_0102,4,17.457056045532227,17.62341700032266,42,15.000320434570312,15.144768999562077,42,1.1637788753698906,1.1636636386353767
req_0102,5,17.332223892211914,17.47136500034685,43,15.87609577178955,16.0346570000911,43,1.0917182751574084,1.0896001704462768
req_0102,6,17.577983856201172,17.734199999722478,44,15.108511924743652,15.291872000489091,44,1.163449050691299,1.159714127816089
req_0102,7,17.79747200012207,17.965244999686547,45,14.902144432067873,15.070926999214862,45,1.1942893240132442,1.1920464481463195
req_0102,8,18.19340705871582,18.337141000301926,46,14.798591613769531,14.956295000047248,46,1.2294012520615503,1.2260483629297227
req_0102,9,17.273408889770508,17.426835000151186,47,14.452735900878906,14.604398000301444,47,1.19516533120349,1.1932593866444536
req_0102,10,17.458240509033203,17.61606699983531,48,14.39846420288086,14.57327699972666,48,1.2125071301382366,1.2087924356454436
req_0102,11,17.172191619873047,17.324161999567878,49,14.706687927246094,14.87958300003811,49,1.1676450676606307,1.164290827204197
req_0102,12,17.565696716308594,17.727740000736958,50,14.623744010925291,14.869324000756023,50,1.2011764362932906,1.19223577345114
req_0102,13,17.139711380004883,17.310120999354695,51,14.70844841003418,14.85705299910478,51,1.165297038966536,1.1651113447867303
req_0102,14,18.089984893798828,18.260362000546596,52,15.127519607543944,15.263081000739476,52,1.195832850534038,1.1963745720580208
req_0102,15,17.64352035522461,17.807579999498557,53,15.003647804260254,15.152138999837916,53,1.1759487149661543,1.1752518901581517
req_0102,16,17.577728271484375,17.74489099989296,54,14.897695541381836,15.062256999954116,54,1.1798957914435908,1.1781030558665289
req_0102,17,17.51046371459961,17.67925800049852,55,15.26159954071045,15.431335000357649,55,1.147354421657461,1.1456726200350633
req_0102,18,17.67430305480957,17.84055299958709,56,14.804991722106934,14.973594999901252,56,1.1938070203996236,1.191467580077112
req_0102,19,18.016191482543945,18.173649000345904,57,16.253952026367188,16.406064999500813,57,1.1084191372853844,1.1077396682811431
req_0102,20,17.92585563659668,18.21200999984285,58,14.659551620483398,14.819132000411628,58,1.2228106357324984,1.228952545893847
req_0102,21,17.611616134643555,17.781270000341465,59,14.827520370483398,14.973475999795482,59,1.1877654317509725,1.1875178482661162
req_0102,22,17.98627281188965,18.156919999455567,60,14.739456176757812,14.895203000378388,60,1.2202806261096417,1.2189776801963907
req_0102,23,17.942975997924805,18.1101670004864,61,14.743552207946776,14.88714299921412,61,1.217004948661798,1.216497148004988
req_0102,24,17.673215866088867,17.8342019999036,62,15.040512084960938,15.178600000581357,62,1.175040834132262,1.174956978853157
req_0102,25,18.0817928314209,18.2470009995086,63,14.593024253845217,14.745970999683776,63,1.2390709778102644,1.2374228187414653
req_0102,26,17.83807945251465,18.00131500021962,64,15.202239990234377,15.36285299971496,64,1.173384939586106,1.17174296991279
req_0102,27,17.47043228149414,17.63419899998553,65,15.514623641967772,15.685810000832134,65,1.1260622677456265,1.1242134769610261
req_0794,2,20.172351837158203,20.46099699964543,1998,16.522239685058594,16.741849999561964,1998,1.2209211475972281,1.2221467161741848
req_0794,3,17.890304565429688,18.056159000479965,1999,15.260671615600586,15.400475000205915,1999,1.1723143657151298,1.1724416941840132
req_0794,4,17.931135177612305,18.094958999427035,2000,15.014911651611328,15.170627999395949,2000,1.194221823855222,1.192762685905127
req_0794,5,18.151647567749023,18.307813000319584,2001,14.917632102966309,15.067007000652666,2001,1.21679147484403,1.2150928847067326
req_0794,6,18.149375915527344,18.30152299953625,2002,16.036863327026367,16.16207899951405,2002,1.1317285397663042,1.132374306553416
req_0794,7,17.69183921813965,17.84481400045479,2003,14.614527702331545,14.759681000214186,2003,1.2105652388148789,1.2090243684938606
req_0794,8,18.151424407958984,18.30457399955776,2004,14.807680130004885,14.963884000280814,2004,1.2258114875927562,1.2232501935469597
req_0794,9,18.400224685668945,18.576448000203527,2005,15.149888038635254,15.304141999877174,2005,1.2145452586015606,1.2138183245001657
req_0794,10,17.904224395751953,18.08551900012389,2006,14.997504234313965,15.14195900017512,2006,1.1938135916499677,1.19439756770671
req_0794,11,18.520063400268555,18.684921000385657,2007,14.842144012451172,14.992834999247862,2007,1.247802432366372,1.2462566953696892
req_0794,12,17.588224411010742,17.735821999849577,2008,14.47494411468506,14.625148000050103,2008,1.2150806436045034,1.2126935057196562
req_0794,13,17.68435287475586,17.84304400007386,2009,14.906559944152832,15.055356000630129,2009,1.186347013731537,1.1851625427739507
req_0794,14,17.90764808654785,18.073667999487952,2010,14.798399925231934,14.94091499989736,2010,1.210107050561224,1.209676114187927
req_0609,2,18.091136932373047,18.26317300037772,68,15.063648223876951,15.201049000097557,68,1.2009797801635669,1.20144162421031
req_0609,3,18.793920516967773,18.950316999507777,69,14.645248413085938,14.771200999348366,69,1.2832776875382246,1.282923236935424
req_0609,4,18.369632720947266,18.53044699964812,70,14.651391983032228,14.79392100009136,70,1.2537807153218705,1.2525717150668632
req_0609,5,18.04457664489746,18.21817200016085,71,15.71615982055664,15.840982000554504,71,1.148154310653883,1.1500658229094087
req_0609,6,17.930335998535156,18.11674900000071,72,14.465824127197266,14.59480799985613,72,1.2394963356995503,1.2413146510854611
req_0609,7,17.83500862121582,17.99007600038749,73,14.320639610290527,14.454103999923973,73,1.2454058691903633,1.244634465096011
req_0609,8,18.579551696777344,18.725862999417583,74,14.967488288879396,15.110807999917595,74,1.2413272914054425,1.2392363796508896
req_0609,9,17.555456161499023,17.717661000460794,75,14.957568168640137,15.121137999813072,75,1.1736838477731686,1.1717147876489071
req_0609,10,18.332672119140625,18.49169700017228,76,14.873536109924316,15.001505000327596,76,1.2325698464474908,1.2326561234868414
req_0609,11,17.503231048583984,17.667860000074143,77,14.56230354309082,14.740761000211933,77,1.2019548278739531,1.198571769789913
req_0609,12,17.371967315673828,17.536166999889247,78,14.541760444641112,14.704848999826936,78,1.1946261514764325,1.1925431536288222
req_0609,13,17.43721580505371,17.602578999685647,79,14.547295570373535,14.698508999572368,79,1.1986568720419537,1.1975758221597692
req_0609,14,17.69046401977539,17.854323999927146,80,14.349120140075684,14.49467500060564,80,1.2328605410702265,1.2317850520402236
req_0609,15,17.78767967224121,17.93311600067682,81,14.97599983215332,15.148188999773993,81,1.1877457179220343,1.1838455409385489
req_0609,16,17.574752807617188,17.720960999213275,82,14.755616188049316,14.911803000359214,82,1.1910551605327815,1.1883848652497884
req_0609,17,17.70044708251953,17.84778500041284,83,14.60918426513672,14.772520999940753,83,1.2115972227662146,1.208174623714153
req_0609,18,17.497087478637695,17.654399999628367,84,14.582783699035645,14.721519999511656,84,1.1998455054774468,1.1992239931891544
req_0609,19,19.457664489746094,19.62295900011668,85,15.627264022827148,15.771981000398227,85,1.2451101140496366,1.2441657772489847
req_0609,20,17.490591049194336,17.637020000620396,86,14.60256004333496,14.75116099936713,86,1.1977756638074952,1.1956360588415433
req_0609,21,17.348608016967773,17.49360699977842,87,14.398015975952148,14.538235000145503,87,1.204930460276177,1.2032827230818142
req_0609,22,17.652671813964844,17.808542999773636,88,14.269439697265623,14.413923000574869,88,1.2370963533590973,1.2355097914053919
req_0609,23,17.9998722076416,18.15836100013257,89,14.919679641723633,15.062157999636838,89,1.2064516557918614,1.2055617130407463
req_0609,24,17.705984115600586,17.85463299984258,90,14.623552322387695,14.763209999728131,90,1.2107854319701712,1.209400462377178
req_0609,25,17.482751846313477,17.621349999899394,91,14.734335899353027,14.888323999912243,91,1.186531375810506,1.183568412401776
req_0609,26,17.34864044189453,17.49044700045488,92,14.683327674865724,14.837542000350368,92,1.1815196681601796,1.17879679801694
req_0609,27,17.45804786682129,17.61881899983564,93,14.880767822265623,15.010375999736423,93,1.1731953670226185,1.173775993362526
req_0609,28,17.458175659179688,17.614839000088978,94,14.966560363769531,15.10366700040322,94,1.1664788191040716,1.1662624049920272
req_0609,29,18.01683235168457,18.17154099990148,95,14.706687927246094,14.842591999695289,95,1.2250774913300495,1.2242835348620063
req_0609,30,19.216384887695312,19.369755000298028,96,15.422112464904783,15.57661700007884,96,1.2460280607747438,1.243514878757049
req_0609,31,18.24358367919922,18.404664999252415,97,14.560256004333496,14.720549000230676,97,1.2529713539219003,1.2502702853653085
req_0609,32,17.81350326538086,17.98515700011194,98,15.393792152404783,15.55201799965289,98,1.1571874616091964,1.1564516579464708
req_0609,33,17.495872497558594,17.643809999754012,99,14.253055572509766,14.381292000507528,99,1.2275173143436928,1.2268584769109303
req_0609,34,17.473440170288086,17.62131900068198,100,14.377984046936035,14.525265999509427,100,1.2152913866955983,1.2131494873331143
req_0609,35,18.02956771850586,18.16881099966849,101,14.426112174987791,14.555737000591762,101,1.2497870181382476,1.2482233636764555
req_0609,36,17.901567459106445,18.040687999928195,102,14.574432373046877,14.715798999532126,102,1.2282857404596135,1.2259400933990592
req_0609,37,17.429471969604492,17.576678000295942,103,14.58790397644043,14.731760999893597,103,1.1947893266745666,1.1931145231329028
req_0609,38,17.86582374572754,18.014516000221192,104,14.437376022338867,14.616627000577864,104,1.2374702797851809,1.2324673811207603
req_0609,39,17.650848388671875,17.807533999985026,105,14.289440155029297,14.448404999711784,105,1.2352372239341722,1.232491337302647
req_0609,40,17.539072036743164,17.679319999842846,106,14.52291202545166,14.670898000076704,106,1.2076828673206605,1.2050605218406134
req_0609,41,17.714176177978516,17.977546000111033,107,14.907423973083496,15.052347000164444,107,1.1882788206710178,1.1943350761123586
req_0609,42,17.85558319091797,18.034529000033217,108,14.461952209472656,14.596796999285289,108,1.2346592584659812,1.235512763582055
req_0609,43,17.38547134399414,17.529516999275074,109,14.516223907470703,14.66651800001273,109,1.1976579759869088,1.1952064559058844
req_0609,44,18.06438446044922,18.21782200022426,110,15.019007682800291,15.162489000431378,110,1.202768174966478,1.2015060324004823
req_0609,45,18.103296279907227,18.287322000105632,111,15.557408332824709,15.70016899950133,111,1.1636447339182405,1.1647850415295833
req_0609,46,17.82134437561035,18.013728000369156,112,14.788607597351074,14.933935000044585,112,1.2050725031613185,1.2062278294579007
req_0609,47,17.558528900146484,17.717701000037778,113,14.44761562347412,14.618877000430077,113,1.2153236463197312,1.211974148186385
req_0609,48,17.37718391418457,17.52932699946541,114,14.542847633361816,14.679758999591286,114,1.1948955495016453,1.1941154483498988
req_0609,49,17.53113555908203,17.688310999801615,115,14.724703788757324,14.8649930006286,115,1.1905934279280705,1.189930664552188
req_0609,50,17.538047790527344,17.68076100051985,116,14.781439781188965,14.934413999981189,116,1.1864911706941073,1.1838938575388442
req_0609,51,17.401824951171875,17.557168000166712,117,14.69542407989502,14.87200399969879,117,1.1841662313767123,1.1805515921406629
req_0609,52,17.795072555541992,17.9387959997257,118,14.595935821533203,14.727968999977747,118,1.2191799671583334,1.2180088102950788
req_0609,53,17.884159088134766,18.121518999578257,119,14.491647720336914,14.644208999925468,119,1.2341011480038226,1.2374529071300804
req_0609,54,17.331199645996094,17.510505000245757,120,14.61248016357422,14.763780000066618,120,1.1860546226231368,1.1860448340578595
req_0609,55,17.907455444335938,18.082110000250395,121,14.995455741882324,15.147617999900833,121,1.1941921441120589,1.1937263007536085
req_0609,56,17.894399642944336,18.0841599994892,122,14.759936332702637,14.89970400052698,122,1.2123629289170355,1.2137261249518507
req_0609,57,17.81350326538086,17.970489000617818,123,14.786144256591797,14.917262999915692,123,1.2047429645114844,1.2046773594270868
req_0609,58,18.52115249633789,18.68713200019556,124,14.982144355773926,15.13287899979332,124,1.236215060843415,1.234869584330304
req_0550,2,17.43564796447754,17.58986900040327,45,14.781439781188965,14.92955300000176,45,1.1795635758477567,1.1781912693836978
req_0550,3,17.528831481933594,17.685859999801323,46,14.774208068847656,14.925613999992038,46,1.1864481263733,1.1849334975305377
req_0550,4,18.353151321411133,18.516696999540727,47,15.011584281921388,15.157047999991846,47,1.2225992258201575,1.2216558923314544
req_0550,5,18.00601577758789,18.1638700005351,48,15.110048294067385,15.244391000010182,48,1.1916583869991695,1.191511684561421
req_0550,6,17.65990447998047,17.819842999415414,49,14.498815536499023,14.63594799997736,49,1.218023943785186,1.217539376297523
req_0550,7,17.513471603393555,17.691671000648057,50,14.351360321044922,14.490574000035394,50,1.220335300042024,1.22090891641731
req_0550,8,17.568832397460938,17.754901999978756,51,14.267104148864746,14.398463000020456,51,1.231422453649006,1.23311092301682
req_0550,9,17.48758316040039,17.66598999984126,52,14.156576156616213,14.292891999957646,52,1.2352975018064236,1.23599828501423
req_0550,10,17.426111221313477,17.611489000046276,53,14.429823875427246,14.590645999987828,53,1.2076454551180387,1.2070397020160017
req_0550,11,17.77686309814453,17.917424999723153,54,14.056096076965332,14.213999000048716,54,1.2647084226520526,1.2605477881109843
req_0550,12,18.80473518371582,18.999017999703938,55,14.220288276672363,14.36160199995129,55,1.3223877616154942,1.3229038097399146
req_0550,13,18.158592224121094,18.366144000538043,56,15.900480270385742,16.038108000032025,56,1.1420153300615095,1.1451565234815333
req_0550,14,18.05824089050293,18.22519100005593,57,15.217663764953612,15.381552000008014,57,1.1866631547012616,1.1848733469838697
req_0550,15,19.333120346069336,19.50274699993315,58,15.46723175048828,15.6549079999877,58,1.2499405619534352,1.2457912240652245
req_0550,16,17.925119400024414,18.09641899944836,59,14.676159858703612,14.8448830000234,59,1.2213766797718564,1.2190341277475771
req_0550,17,17.620800018310547,17.7857930002574,60,14.754816055297852,14.89804299995967,60,1.1942405755701466,1.1938341834766852
req_0550,18,17.573888778686523,17.74698100052774,61,14.318592071533203,14.459094000017105,61,1.2273475416361066,1.227392324893022
req_0550,19,17.371904373168945,17.527467000036268,62,14.277631759643556,14.4123730000274,62,1.2167216990615703,1.2161402567087976
req_0550,20,17.602815628051758,17.7647619993877,63,14.304256439208984,14.44109499999513,63,1.2305998359901593,1.2301533920657466
req_0550,21,17.57254409790039,17.73464200050512,64,14.323967933654783,14.480453999965448,64,1.2267930352324328,1.2247296942863417
req_0550,22,17.512447357177734,17.675180999503937,65,14.316543579101562,14.449523999985558,65,1.2232315195646357,1.223236211761827
req_0550,23,17.34454345703125,17.496725999990304,66,15.592351913452148,15.75252000003502,66,1.11237506396116,1.1107255220086314
req_0550,24,17.824703216552734,17.98076600061904,67,14.17788791656494,14.298731999986105,67,1.2572185167105874,1.2575077287018537
req_0550,25,17.63225555419922,17.784093000045686,68,14.506591796875,14.642547999983435,68,1.2154650658880157,1.2145490661916085
req_0550,26,17.92585563659668,18.078887999763538,69,15.552319526672363,15.680939000048966,69,1.152616213025567,1.1529212631786325
req_0550,27,18.356224060058597,18.52255799985869,70,15.156224250793455,15.309410999975626,70,1.2111343667336947,1.2098805107451998
req_0550,28,17.92233657836914,18.07402800022828,71,15.265952110290527,15.40826399997286,71,1.174007127029305,1.173008717936045
req_0550,29,17.265663146972656,17.423704999600886,72,15.03929615020752,15.194909000001644,72,1.1480366484261577,1.1466804440618237
req_0550,30,17.18886375427246,17.346864000501228,73,14.296064376831056,14.426963999994769,73,1.202349353024013,1.2023918546208001
req_0550,31,17.322656631469727,17.46730599916191,74,14.419872283935549,14.558595000039531,74,1.2013044422569557,1.199793386594962
req_0550,32,17.554431915283203,17.70712100005767,75,14.38595199584961,14.530847000003178,75,1.2202481921493766,1.2185883589617175
req_0550,33,17.261568069458008,17.418064000594313,76,14.096447944641112,14.240809000000354,76,1.2245331687278103,1.223109164696604
req_0550,34,17.292287826538086,17.457115999604866,77,14.097311973571776,14.25322000000051,77,1.2266372382874076,1.2247840136898358
req_0550,35,18.083839416503903,18.23051200062764,78,14.331904411315918,14.461614999959238,78,1.261789005669449,1.2606138388194559
req_0550,36,17.33283233642578,17.492666999714857,79,14.441472053527832,14.572977000000265,79,1.2002122963767834,1.2003495922428573
req_0550,37,17.84320068359375,17.995585999415198,80,14.923775672912598,15.062376000003042,80,1.1956224131658624,1.194737536721402
req_0550,38,18.49139213562012,18.712361000325476,81,14.296704292297363,14.445004000037898,81,1.2934024344046011,1.2954209635578073
req_0550,39,17.793983459472656,18.03934800045681,82,15.461440086364746,15.612347000001137,82,1.1508619740514954,1.1554539493937392
req_0550,40,17.208288192749023,17.362384000080056,83,14.459872245788574,14.600857999994332,83,1.1900719384129361,1.1891345015537302
req_0550,41,17.301504135131836,17.4665559998175,84,14.727168083190918,14.864871999975549,84,1.174801838167324,1.1750222941607726
req_0550,42,17.805984497070312,17.959245999918494,85,14.3154878616333,14.461095000001478,85,1.2438265932097106,1.2419008380704684
req_0550,43,18.25686454772949,18.427875000270436,86,14.28335952758789,14.421233000007303,86,1.278191206520209,1.2778293645391559
req_0550,44,18.03731155395508,18.21086099971581,87,14.406656265258787,14.546616000018275,87,1.252012349142494,1.2518967297750163
req_0550,45,18.18284797668457,18.40353599982336,88,14.78006362915039,14.907583999956842,88,1.2302279904142595,1.2345082878537958
req_0550,46,18.068479537963867,18.28742300040176,89,14.48374366760254,14.61454700000786,89,1.247500642971176,1.2513164452098258
req_0550,47,17.646303176879883,17.825891999564192,90,14.346240043640137,14.4904649999944,90,1.2300298282477649,1.2301808119733273
req_0550,48,17.526784896850586,17.69935100037401,91,14.148608207702637,14.2876410000099,91,1.238763886847106,1.2387874947559043
req_0550,49,18.950143814086918,19.12629999969795,92,14.240768432617188,14.42015300000321,92,1.3306967179301459,1.326359019886522
req_0550,50,17.89129638671875,18.05637800043769,93,15.535136222839355,15.716740000016216,93,1.1516665274177273,1.1488628049085916
req_0550,51,17.463071823120117,17.649409999648924,94,14.525664329528809,14.658918999998605,94,1.2022219037252524,1.2040048791899733
req_0550,52,17.478591918945312,17.651459999797225,95,14.777471542358398,14.910622999991574,95,1.1827863697009584,1.183817738521536
req_0550,53,17.403423309326172,17.585908000000927,96,15.714271545410156,15.855262000002313,96,1.1074915728059558,1.1091527847347058
req_0550,54,18.153472900390625,18.337954000344325,97,14.439423561096191,14.590617000010296,97,1.2572159008688624,1.2568319763538023
req_0550,55,17.904287338256836,18.070307999551005,98,14.527392387390137,14.65770900000507,98,1.2324501783126518,1.2328193989623313
req_0550,56,17.825855255126953,17.99705699977494,99,14.865344047546388,15.038135999986936,99,1.199155243101771,1.1967611544270231
req_0550,57,18.56483268737793,18.736772000011115,100,14.203904151916504,14.35225199998058,100,1.3070232302907376,1.3054935211586631
req_0550,58,17.81964874267578,18.00727600038954,101,14.682784080505373,14.809030000037636,101,1.2136423613512977,1.2159659343214089
req_0550,59,18.1114559173584,18.300433999684174,102,14.316767692565918,14.45172499995806,102,1.2650520219562478,1.2663148516690763
req_0550,60,18.43302345275879,18.66483000048902,103,14.34828758239746,14.485715000034816,103,1.2846845553453015,1.2884990489212413
req_0550,61,17.75071907043457,17.99082700017607,104,14.41817569732666,14.547165999999834,104,1.2311348844032892,1.2367238402432663
req_0550,62,18.40947151184082,18.567168000117817,105,14.37183952331543,14.489703999970516,105,1.2809405143979755,1.281404230214475
req_0550,63,17.778623580932617,17.972355999518186,106,14.419839859008787,14.564788000029694,106,1.2329279489068272,1.2339593270757903
req_0550,64,17.83683204650879,18.014008000136528,107,14.378656387329102,14.51888499997267,107,1.2405075666337735,1.2407294361908947
req_0550,65,17.936384201049805,18.11281899972528,108,14.535391807556152,14.676268000016536,108,1.2339800975798714,1.2341570077423547
req_0550,66,19.739648818969727,19.91922600063845,109,15.562399864196776,15.708809999978255,109,1.2684193306447054,1.2680289595880287
req_0550,67,17.852224349975586,18.03726799971628,110,14.264320373535156,14.39703300002293,110,1.2515299630466188,1.2528461940517572
req_0550,68,18.844831466674805,19.013045999599854,111,13.971455574035645,14.114786999982698,111,1.3488094613202488,1.3470303164775466
req_0550,69,18.336095809936523,18.512157999794,112,14.141280174255373,14.280691000010393,112,1.296636201531311,1.2963068803729825
req_0550,70,18.266111373901367,18.4381660001236,113,14.662336349487305,14.945022999995672,113,1.2457845010860138,1.2337328621126205
req_0550,71,18.181856155395508,18.3555339999657,114,14.295040130615234,14.43352500001538,114,1.2718996231746145,1.27172911675742
req_0550,72,18.534496307373047,18.71685200057982,115,14.616640090942385,14.756789999978537,115,1.2680408214236918,1.2683552453214448
req_0550,73,18.229248046875,18.42736500020692,116,14.28991985321045,14.42308299999695,116,1.275671818605723,1.277630101706467
req_0550,74,17.693695068359375,17.878843999824312,117,14.835712432861328,15.017155999998977,117,1.192642089042355,1.1905612487361474
req_0550,75,17.641023635864258,17.80249300009018,118,14.642784118652344,14.787321000028442,118,1.2047588418238497,1.2039025189252293
req_0550,76,17.64246368408203,17.82190299945796,119,15.039423942565918,15.20067899997457,119,1.173081080196746,1.1724412442028265
req_0550,77,17.473407745361328,17.63825000034558,120,14.880767822265623,15.047637000009216,120,1.1742275636621666,1.1721607851342226
req_0550,78,17.451871871948242,17.618508999476035,121,14.58995246887207,14.751369999999042,121,1.1961568695430729,1.194364252234008
req_0550,79,17.915456771850586,18.066368000290822,122,14.62230396270752,14.766270999984954,122,1.225214358663441,1.2234888551286396
req_0550,80,17.692672729492188,17.849484000180382,123,15.045632362365724,15.185468000026958,123,1.1759341384512103,1.1754319326970164
req_0550,81,17.829792022705078,17.9858459996467,124,14.941120147705078,15.094606999980442,124,1.1933370354058557,1.1915411908153688
req_0550,82,17.891904830932617,18.038238999906756,125,14.944255828857422,15.084688000001734,125,1.19724294309679,1.1957979508694303
req_0550,83,18.311328887939453,18.46331500019005,126,15.199071884155272,15.372802000001684,126,1.2047662533281815,1.2010377158430863
req_0550,84,17.173503875732422,17.31979299984232,127,14.941184043884276,15.108558000008545,127,1.1494071571096054,1.1463564557142067
req_0550,85,18.124736785888672,18.29040300071938,128,14.822400093078612,14.987124000015228,128,1.2227936550135428,1.2204077981006092
req_0550,86,17.57699203491211,17.731571999320295,129,15.257344245910645,15.406934999987245,129,1.152034833298278,1.1508825083856702
req_0550,87,17.240800857543945,17.45841499996459,130,14.953472137451172,15.106417000026797,130,1.152963050926756,1.1556952916057872
req_0550,88,17.403776168823242,17.553568000039377,131,14.900416374206545,15.046535999999833,131,1.168006029613384,1.1666185492820123
req_0550,89,17.40492820739746,17.567478000273695,132,14.727007865905762,14.898822999953154,132,1.1818373675002447,1.179118511598462
req_0550,90,17.904224395751953,18.05250800043723,133,14.698495864868164,14.85150300004534,133,1.218099087168913,1.2155340776204344
req_0550,91,17.382400512695312,17.53543799986801,134,15.248384475708008,15.395302999991143,134,1.1399503036132763,1.1390122039090818
req_0550,92,17.977344512939453,18.127448999621265,135,15.110848426818848,15.261459999976523,135,1.1896978915514185,1.1877925833864618
req_0550,93,17.532800674438477,17.699210000500898,136,15.272000312805176,15.458635000015876,136,1.148035641391238,1.1449400286948181
req_0550,94,18.50934410095215,18.67467099964415,137,14.63161563873291,14.817852000021505,137,1.2650239425340077,1.2602819220773056
req_0550,95,17.22368049621582,17.378904999532097,138,14.798015594482422,14.9542239999505,138,1.1639182555421708,1.1621402086520587
req_0550,96,17.442655563354492,17.598118000023533,139,14.737407684326172,14.905182999996214,139,1.1835633468907467,1.1806710457716623
req_0550,97,17.722368240356445,17.879054000331962,140,14.733311653137209,14.894333000029292,140,1.2028774424643878,1.200393062267159
req_0550,98,17.5086727142334,17.663270000412012,141,14.619680404663086,14.791891000015768,141,1.1976098129100579,1.1941184531709423
req_0550,99,17.434207916259766,17.598908999389096,142,14.899168014526367,15.059527000005346,142,1.1701464067833713,1.1686229587013488
req_0550,100,17.57695960998535,17.751031999978295,143,14.929920196533203,15.087965999953212,143,1.1772976264177757,1.1765026511879295
req_0550,101,18.93289566040039,19.12515000003623,144,14.742239952087402,14.926195000043665,144,1.284261802950753,1.2813144944160437
req_0550,102,18.10943984985352,18.280762000358663,145,14.771967887878418,14.951773999996476,145,1.2259327929296249,1.2226483626867937
req_0550,103,17.787904739379883,17.945495000276424,146,15.28320026397705,15.455063999979757,146,1.1638861254279638,1.1611401285882692
req_0550,104,18.17990493774414,18.360544999268317,147,14.96121597290039,15.159938000010698,147,1.2151355191097994,1.2111226971545241
req_0550,105,17.62073516845703,17.784213000595628,148,15.913984298706056,16.15491000001157,148,1.1072484952677595,1.1008549723014793
req_0550,106,18.45452880859375,18.61588900010247,149,16.382976531982422,16.625447999956577,149,1.1264454156158556,1.1197225482375628
req_0550,107,17.510208129882812,17.670879999968747,150,14.82630443572998,15.087137000023176,150,1.1810231069911716,1.1712546919897129
req_0550,108,17.400415420532227,17.58271800008515,151,15.022080421447754,15.23850000000948,151,1.158322611273523,1.1538352200068387
req_0550,109,17.256160736083984,17.419344999325403,152,15.210495948791504,15.36350300000322,152,1.1344903410236937,1.1338133627026175
req_0550,110,17.77459144592285,17.945225999937975,153,15.089056015014648,15.23990999999114,153,1.177979021897454,1.1775152215431985
req_0550,111,17.65318489074707,17.804973000238533,154,15.116288185119627,15.27995999998666,154,1.1678253731709578,1.1652499744930012
req_0550,112,17.25200080871582,17.405163999683282,155,14.930944442749023,15.089897999985167,155,1.1554527494805582,1.1534315208558992
req_0550,113,17.337343215942383,17.475727000601182,156,14.637056350708008,14.7863010000151,156,1.1844829179129148,1.1818863284727759
req_0550,114,17.334272384643555,17.48410599975614,157,14.692319869995115,14.839262000009512,157,1.1798186084992524,1.178232852802581
req_0550,115,17.282943725585938,17.428975999791874,158,14.705663681030272,14.850142000000233,158,1.1752576490566866,1.1736571946444418
req_0550,116,17.767967224121094,17.92247400044289,159,14.961664199829102,15.094467999972494,159,1.1875662350665541,1.1873538040874014
req_0550,117,19.29411125183105,19.45757700013928,160,14.825471878051758,14.96992400001318,160,1.3014163333576485,1.2997779414325785
req_0550,118,17.37830352783203,17.52569800009951,161,14.763711929321287,14.911132999998244,161,1.1770958151329183,1.1753431479755143
req_0550,119,17.478912353515625,17.63389899952017,162,15.335424423217772,15.485105000038857,162,1.1397736294179521,1.1387652198338933
req_0550,120,17.468416213989258,17.610429000342265,163,14.849023818969728,14.982225999972345,163,1.1764016562269393,1.1754213960178395
req_0550,121,17.467424392700195,17.625217999921006,164,14.346559524536133,14.495233999980428,164,1.2175340270834005,1.2159319401083697
req_0550,122,17.60153579711914,17.776662999494874,165,14.446592330932615,14.586516999997912,165,1.218386688979328,1.2187051233339268
req_0550,123,18.063167572021484,18.24527200005832,166,14.458047866821287,14.592247000052794,166,1.2493503783089086,1.2503401292475593
req_0550,124,18.004959106445312,18.154950000280223,167,14.356096267700195,14.496635999989849,167,1.2541681785009131,1.2523560638683993
req_0550,125,17.62816047668457,17.77663200027746,168,14.415648460388184,14.546764999977311,168,1.222848942600386,1.222033352453634
req_0550,126,17.385120391845703,17.535547000079532,169,14.790656089782717,14.9251139999933,169,1.175412387815252,1.1749020476552074
req_0550,127,17.686304092407227,17.849004999334284,170,14.801119804382324,14.949433000026602,170,1.1949301354327702,1.1939586604590637
req_0550,128,18.20057678222656,18.353514000409632,171,14.408703804016112,14.574397999979285,171,1.2631654470649571,1.2592982571517342
req_0550,129,17.29327964782715,17.464925999775005,172,14.36070442199707,14.512355000022126,172,1.2042083131617203,1.2034522308576643
req_0550,130,18.422687530517575,18.586999000035576,173,15.465472221374512,15.595186999973976,173,1.1912140325761251,1.1918420086957977
req_0550,131,17.582080841064453,17.761340999641106,174,14.698495864868164,15.007835999995224,174,1.1961823170688188,1.1834711546452639
req_0550,132,17.596416473388672,17.756762000317394,175,15.048383712768556,15.177109000035216,175,1.1693226866921336,1.1699699857381398
req_0550,133,17.4335994720459,17.600179000510252,176,16.967679977416992,17.147757999964597,176,1.0274592339818418,1.0263836823768209
req_0550,134,17.37830352783203,17.5355169994873,177,14.631744384765623,14.847261999989314,177,1.1877123513670789,1.1810606561330919
req_0550,135,17.77984046936035,17.94258500012802,178,14.56230354309082,14.722301000006157,178,1.2209497224631136,1.2187351012671537
req_0550,136,17.279584884643555,17.42824600023596,179,14.825471878051758,14.992434000021149,179,1.1655335510922231,1.162469416254317
req_0550,137,18.02777671813965,18.188600999565097,180,14.443519592285156,14.590407000014238,180,1.2481567669814346,1.2466136825070984
req_0550,138,17.45510482788086,17.60075800029881,181,14.80396842956543,14.950803999965956,181,1.1790828189704032,1.1772449160820306
req_0550,139,18.54863929748535,18.708411999796223,182,15.065919876098633,15.219751000017824,182,1.2311654017828602,1.2292193216416163
req_0550,140,17.6680965423584,17.8231030004099,183,14.965760231018066,15.103586999998695,183,1.1805679276980172,1.1800576247491037
req_0550,141,17.751039505004883,17.91384499938431,184,14.608415603637695,14.759159999982783,184,1.2151242124152486,1.2137442103348162
req_0550,142,17.579008102416992,17.73305100050493,185,14.713408470153809,14.871152000011987,185,1.194761100942454,1.1924463552312985
req_0550,143,18.236223220825195,18.39325599939912,186,14.88588809967041,15.054336999980933,186,1.225067869563588,1.2217911688453909
req_0550,144,17.915712356567383,18.07896800073649,187,15.132479667663574,15.282301000013376,187,1.1839244294410827,1.1830003872270718
req_0550,145,17.846975326538086,18.00197600005049,188,15.171327590942385,15.325482000037027,188,1.1763621357166607,1.1746433815267276
req_0550,146,18.55504035949707,18.72911199916416,189,15.276000022888184,15.453993999983595,189,1.2146530722503186,1.2119269619998585
req_0550,147,18.075647354125977,18.277803000273707,190,14.571359634399414,14.756380999983776,190,1.2404914714652844,1.2386372377003414
req_0550,148,18.175552368164062,18.354243999965547,191,14.368736267089844,14.50923499999135,191,1.2649374329316176,1.2650042541854543
req_0899,2,18.59379196166992,18.91355900079361,4076,15.749119758605955,16.00620700003219,4076,1.180624202918358,1.181639035453907
req_0899,3,17.886207580566406,18.0653009992966,4077,14.78713607788086,14.944202999970456,4077,1.2095788857533578,1.2088500804848752
req_0899,4,18.03878402709961,18.202234000455064,4078,14.601216316223145,14.75422100003243,4078,1.2354302296759379,1.2336967163779813
req_0899,5,17.737728118896484,17.90878799965867,4079,14.670016288757324,14.80899099999533,4079,1.209114411992178,1.2093185821818866
req_0899,6,18.569215774536133,18.759725000563776,4080,14.637056350708008,14.783522000016092,4080,1.2686441405711963,1.2689618211778868
req_0899,7,17.879968643188477,18.06517199929658,4081,14.653504371643066,14.79560100000299,4081,1.2201837997052192,1.220982642022648
req_0899,8,19.508224487304688,19.68010300060996,4082,14.768768310546877,14.918304999980592,4082,1.3209107270897604,1.3191916240240138
req_0899,9,17.83500862121582,18.09031199991296,4083,14.819328308105469,14.973773999997777,4083,1.2034964237522774,1.2081330999062525
req_0899,10,17.607519149780273,17.78667599955952,4084,14.748671531677246,14.908613999978115,4084,1.1938376356109623,1.1930469190218238
req_0899,11,17.870847702026367,18.01634000003105,4085,15.596287727355955,15.747910000015963,4085,1.1458398315312448,1.144046416318914
req_0899,12,17.896831512451172,18.05845099988801,4086,14.620672225952148,14.762162000010903,4086,1.2240771994521387,1.2232931057032617
req_0899,13,17.392736434936523,17.564391000632895,4087,14.346816062927246,14.481963999969594,4087,1.2123063653042894,1.2128459234306737
req_0899,14,17.737728118896484,17.893197999910626,4088,14.608384132385254,14.736791000018457,4088,1.2142156146875822,1.2141855034714286
req_0899,15,18.05695915222168,18.20267299990519,4089,14.613120079040527,14.759790000027806,4089,1.2356676092821972,1.2332609745715148
req_0899,16,17.81350326538086,17.971299999771873,4090,14.796607971191406,14.963905000001889,4090,1.203891006645798,1.2009766167166662
req_0899,17,17.9136962890625,18.07982100035588,4091,14.785440444946287,14.953284000000622,4091,1.2115767775579158,1.2090869805157938
req_0899,18,17.667936325073242,17.83829699979833,4092,14.520319938659668,14.705499999990934,4092,1.216773211589725,1.213035734916142
req_0899,19,18.964031219482425,19.162263999533025,4093,14.441280364990234,14.609506999988753,4093,1.3131821237579893,1.3116297490084898
req_0899,20,17.982240676879883,18.15569300015341,4094,14.614080429077148,14.792202000023735,4094,1.230473635624806,1.2273827115208593
req_0899,21,17.81123161315918,17.97732900013216,4095,14.72265625,15.006785999958083,4095,1.2097838400023215,1.197946648948174
req_0899,22,18.26464080810547,18.41646800039598,4096,15.07532787322998,15.24499999999307,4096,1.2115584458059392,1.2080333224273108
req_0899,23,18.70537567138672,18.876217999604705,4097,15.255552291870115,15.430503999994016,4097,1.2261355940128802,1.2233053437277244
req_0899,24,17.531808853149414,17.727753999679408,4098,15.85372829437256,16.035737000038353,4098,1.1058476925817193,1.1055153872651446
req_0899,25,17.718271255493164,17.87562700064882,4099,14.615551948547363,14.786431999993964,4099,1.212288890482455,1.2089209216027312
req_0899,26,17.62508773803711,17.770095999367186,4100,14.60102367401123,14.76202999998577,4100,1.2071131539501916,1.203770484099024
req_0899,27,18.02035140991211,18.179132000113896,4101,14.597951889038086,14.73536100002093,4101,1.2344438142342404,1.2337079492038283
req_0899,28,17.896032333374023,18.067982000502525,4102,14.613408088684082,14.772909999976491,4102,1.2246309844198389,1.2230482687927617
req_0899,29,17.727487564086914,17.908867999722133,4103,14.965760231018066,15.120329000012587,4103,1.1845363877569604,1.1844231696087582
req_0899,30,18.09929656982422,18.30850599981204,4104,14.69542407989502,14.849250999986907,4104,1.2316280545170573,1.2329582145138622
req_0899,31,18.551807403564453,18.74293499986379,4105,14.79372787475586,14.9716660000081,4105,1.254031949257456,1.251893743812723
req_0899,32,17.41414451599121,17.56469100018876,4106,15.046655654907228,15.22634000002654,4106,1.1573431940879078,1.153572756168465
req_0899,33,17.724416732788086,17.89177800037578,4107,15.09273624420166,15.265381000006071,4107,1.1743673543355975,1.1720492269645064
req_0899,34,17.600128173828125,17.79754499966657,4108,14.743552207946776,14.925632999961636,4108,1.1937508631292841,1.1924147538474459
req_0899,35,17.98860740661621,18.165294000027643,4109,14.647968292236328,14.807532000020274,4109,1.2280616019731883,1.2267604081492292
req_0899,36,17.605632781982422,17.76451499972609,4110,14.532959938049316,14.697619000003217,4110,1.2114278754659207,1.2086661791765183
req_0899,37,18.05881690979004,18.23986500039609,4111,14.556159973144531,14.714120999997249,4111,1.2406305607459491,1.2396163522373849
req_0899,38,17.72115135192871,17.901387000165414,4112,15.616000175476074,15.775700000006054,4112,1.1348073227969504,1.1347443853622055
req_0899,39,17.727455139160156,17.9234790002738,4113,14.523200035095217,14.676439999959712,4113,1.2206301019280792,1.221241595395273
req_0899,40,17.96601676940918,18.155832999582344,4114,14.625791549682615,14.78101000003562,4114,1.2283791074404482,1.22832154227205
req_0899,41,17.937183380126953,18.106862000422552,4115,14.469087600708008,14.616478999982974,4115,1.239690011915419,1.2387977980499711
req_0899,42,18.596864700317383,18.75620499959041,4116,14.821375846862791,14.975913999990098,4116,1.254732684230104,1.2524247267714552
req_0899,43,17.349632263183594,17.547700000250188,4117,14.716927528381348,14.869803000010506,4117,1.1788895630371978,1.1800896084660832
req_0899,44,18.07872009277344,18.292406000000483,4118,14.312383651733398,14.457595000010317,4118,1.2631522835529843,1.2652454298233855
req_0899,45,17.417919158935547,17.59555199987517,4119,14.68723201751709,14.85742299996673,4119,1.1859225167929284,1.1842936692261217
req_0899,46,18.04595184326172,18.223183999907636,4120,14.769887924194336,14.94790300000659,4120,1.2218069585823268,1.2191130755865622
req_0899,47,17.712127685546875,17.88101700003608,4121,14.549792289733888,14.786723000042912,4121,1.2173457416326336,1.2092616464097008
req_0899,48,18.07360076904297,18.25279500008037,4122,14.844672203063965,15.043614999967758,4122,1.2175143055912374,1.2133250551891608
req_0899,49,17.890304565429688,18.08048200018675,4123,14.61734390258789,14.784341999984465,4123,1.2239093972648714,1.222948035171653
req_0899,50,17.667072296142578,17.865566999716975,4124,14.852095603942873,14.995005000002948,4124,1.1895339733372303,1.1914345476852768
req_0899,51,17.726015090942383,17.905277999489044,4125,15.15724754333496,15.328182000018842,4125,1.16947453950747,1.1681279619114018
req_0899,52,18.700288772583008,18.86886800002685,4126,14.571488380432127,14.732340000023214,4126,1.2833478835075898,1.280778749336298
req_0899,53,18.766847610473636,18.94216900018364,4127,14.772159576416016,14.943994999953247,4127,1.2704200434197315,1.2675438529150271
req_0899,54,17.62201690673828,17.794245000004594,4128,14.486528396606444,14.653908000013873,4128,1.2164416776945914,1.2143003081490444
req_0899,55,17.5216007232666,17.730975000631588,4129,14.501888275146484,14.672369000038543,4129,1.2082289141128841,1.2084602698163474
req_0899,56,18.00604820251465,18.21492399994895,4130,14.75267219543457,14.92537399997218,4130,1.2205279127727708,1.220399837215664
req_0899,57,17.577983856201172,17.76682499985327,4131,14.53219223022461,14.70089999997981,4131,1.2095892744689827,1.2085535579371107
req_0899,58,18.529279708862305,18.71854499950132,4132,15.03433609008789,15.203379000013229,4132,1.2324641140009251,1.2312095225334467
req_0406,2,18.04889678955078,18.22264199927304,40,14.56435203552246,14.704159000018535,40,1.2392516155562237,1.2392848852661393
req_0406,3,18.67164802551269,18.83976299995993,41,15.093759536743164,15.228970999999092,41,1.2370442221541806,1.2371001954078875
req_0406,4,18.43199920654297,18.604929000503034,42,14.4967679977417,14.648147999992034,42,1.2714557623750549,1.2701215881020012
req_0406,5,17.63590431213379,17.7957529995183,43,14.529536247253418,14.65826899999456,43,1.2137967800223204,1.214041917195332
req_0406,6,18.172927856445312,18.329763000110688,44,14.270463943481444,14.41281299997854,44,1.2734644037096259,1.271768599241382
req_0406,7,17.476287841796875,17.623399000513018,45,14.92255973815918,15.06314700003486,45,1.1711320409130237,1.1699679356825126
req_0406,8,17.53696060180664,17.691080999611586,46,14.788895606994627,14.932013999953142,46,1.18581948698808,1.1847752754361938
req_0406,9,17.64352035522461,17.78787200055376,47,14.601216316223145,14.733020000051056,47,1.2083596306713993,1.2073473056095845
req_0406,10,18.0449275970459,18.19628199973522,48,14.420991897583008,14.574245999995128,48,1.2512958696045222,1.2485230453596916
req_0406,11,17.900415420532227,18.06541899986769,49,14.36467170715332,14.506195999956615,49,1.246141630345661,1.2453588108089617
req_0406,12,18.48918342590332,18.635430999893288,50,14.777376174926758,14.92067400005226,50,1.2511817529064804,1.2489671042895258
req_0406,13,17.973247528076172,18.133761000171944,51,14.838784217834473,15.002025999990565,51,1.2112345097972679,1.2087541376200355
req_0406,14,17.940479278564453,18.10285999999905,52,14.736384391784668,14.890692999983912,52,1.2174274775681084,1.2157164209898499
req_0406,15,18.42790412902832,18.58421999986604,53,14.224255561828612,14.386003000026903,53,1.2955267886553148,1.2918265066280943
req_0406,16,17.538047790527344,17.69821200014121,54,14.19264030456543,14.345421999962582,54,1.2357142444373637,1.2337184643426575
req_0406,17,18.786304473876957,18.945427000289783,55,14.118687629699709,14.270860999999968,55,1.3305984923385208,1.3275601941809836
req_0406,18,17.99679946899414,18.156720999286332,56,14.801983833312988,14.947584000026382,56,1.215836989937185,1.2146926887485152
req_0406,19,17.932287216186523,18.082710000271614,57,14.98316764831543,15.11655899997777,57,1.1968288440130126,1.1962186632750356
req_0406,20,17.83500862121582,17.9892980004297,58,14.333951950073242,14.476884000032442,58,1.244249226126692,1.242622238348348
req_0406,21,18.23561668395996,18.41065600001457,59,14.19161605834961,14.334041999973124,59,1.284957020326876,1.2844008689279052
req_0406,22,17.99782371520996,18.16460099962569,60,14.70291233062744,14.844831999994312,60,1.2240992335728573,1.2236312946911525
req_0843,2,18.20364761352539,18.48132700069982,3477,15.960736274719238,16.21554000001879,3477,1.1405268090519594,1.139729358422748
req_0843,3,18.715648651123047,18.89720399958605,3478,15.771200180053713,15.98579599999539,3478,1.1866978059661726,1.1821246811601687
req_0843,4,17.98111915588379,18.15419000013208,3479,14.876319885253906,15.023435999978574,3479,1.2087074824000996,1.2083913427100146
req_0843,5,17.81760025024414,17.992566000430088,3480,14.885824203491213,15.062707000026876,3480,1.1969508712903738,1.1945107874964298
req_0843,6,17.66307258605957,17.831562999162998,3481,14.566399574279783,14.771729999949912,3481,1.2125901459718056,1.2071411404908878
req_0843,7,18.255935668945312,18.402625000817352,3482,15.046048164367676,15.206921000014972,3482,1.213337580041738,1.2101479977964793
req_0843,8,17.703968048095703,17.874533999929554,3483,15.02905559539795,15.162388000021563,3483,1.1779827372198184,1.1788732751004745
req_0843,9,18.22515106201172,18.3818239993343,3484,14.851136207580566,14.981385999988106,3484,1.2271890047516318,1.2269775306069075
req_0843,10,18.537471771240234,18.70927100026165,3485,14.970879554748535,15.117487999987134,3485,1.238235315663897,1.2375912585660775
req_0843,11,18.50841522216797,18.65754000027664,3486,14.967647552490234,15.100467000024764,3486,1.2365614006650392,1.2355604631463413
req_0843,12,17.32080078125,17.480905999946117,3487,15.159296035766602,15.301061999991816,3487,1.1425860897751174,1.142463575401202
req_0843,13,17.713151931762695,17.87792399954924,3488,14.69923210144043,14.84749200000124,3488,1.2050392707267288,1.2041039658110437
req_0843,14,17.771520614624023,17.910315000335686,3489,14.702816009521484,14.827743000012106,3489,1.2087154326841374,1.2078921923802606
req_0843,15,18.52416038513184,18.68387000013172,3490,14.988287925720217,15.13595799997347,3490,1.2359090295659447,1.2344028703148138
req_0843,16,17.77459144592285,17.93558499957726,3491,14.751680374145508,14.900284000020749,3491,1.2049197782969485,1.2037075937312527
req_0843,17,18.05926322937012,18.23793099993054,3492,15.826208114624023,15.957855000010568,3492,1.1410985561780063,1.1428811077628205
req_0843,18,17.70457649230957,17.855064000286802,3493,15.020031929016112,15.17373899997665,3493,1.1787309491737752,1.1767082589409426
req_0843,19,17.8155517578125,17.98215600047115,3494,14.692352294921877,14.82336200001555,3494,1.2125731401070539,1.2130956526901446
req_0843,20,18.183168411254883,18.337273999350145,3495,14.714688301086426,14.86415199997282,3495,1.2357154999954956,1.2336575944180115
req_0843,21,17.904640197753906,18.063237000205845,3496,14.818016052246094,14.971466000019973,3496,1.2083021191652674,1.2065109054906011
req_0896,2,19.31878471374512,19.596754999838595,4014,15.186944007873535,15.458934999969642,4014,1.272065315031745,1.267665269300704
req_0896,3,17.81350326538086,17.97250300023734,4015,14.539999961853027,14.691639000034227,4015,1.2251377793752516,1.2233150433519002
req_0896,4,17.81862449645996,17.960393000066688,4016,15.005696296691896,15.15024899998707,4016,1.1874573591355566,1.1854850042452778
req_0896,5,18.62451171875,18.767849000141723,4017,14.574175834655762,14.712309999993067,4017,1.2779118304901325,1.2756561682122363
req_0896,6,17.930240631103516,18.09250599944789,4018,14.851072311401367,14.987225000027138,4018,1.2073364303356215,1.207195194535021
req_0896,7,18.21900749206543,18.379541000285823,4019,14.986144065856934,15.130298999963545,4019,1.2157234984530783,1.2147506800976047
req_0896,8,17.951904296875,18.114935000085097,4020,15.058079719543455,15.23034000001644,4020,1.1921775306831277,1.1893979385926738
req_0896,9,18.710655212402344,18.872171999646525,4021,14.676159858703612,14.845901999990474,4021,1.2749012951985597,1.2712041342896265
req_0896,10,17.62508773803711,17.78650899996137,4022,14.632543563842772,14.782951000029245,4022,1.2045129174663083,1.2031771599544763
req_0896,11,17.587200164794922,17.735088000335963,4023,14.567423820495604,14.714539999999944,4023,1.2072965255566088,1.2052764136925809
req_0896,12,17.743871688842773,17.904231999636977,4024,14.849023818969728,15.015124999990803,4024,1.1949520658842812,1.1924131167504728
req_0896,13,17.99737548828125,18.13956600017264,4025,14.506719589233398,14.644918999977108,4025,1.2406233799155082,1.238625218767068
req_0896,14,18.02841567993164,18.18636799998785,4026,16.073728561401367,16.230521000011322,4026,1.121607572945095,1.1205042647722254
req_0896,15,17.83807945251465,17.993233000197506,4027,14.530112266540527,14.665978999971683,4027,1.227662878668295,1.2268688643446337
req_0896,16,17.60915184020996,17.76191800036031,4028,15.135744094848633,15.284161000010954,4028,1.1634150081992427,1.1621127257392525
req_0896,17,17.285120010375977,17.429061999791884,4029,14.52131175994873,14.678838999998334,4029,1.1903277263180942,1.1873597087476648
req_0896,18,17.5993595123291,17.747859000337485,4030,14.590944290161133,14.734630000020845,4030,1.2061837234343074,1.204499807617319
req_0896,19,18.48617553710937,18.65342699966277,4031,14.56828784942627,14.715640000019905,4031,1.2689326108995984,1.2675919633558268
req_0896,20,19.402751922607425,19.57836600013252,4032,14.741503715515137,14.886263999983385,4032,1.3161989643014789,1.3151967478310456
req_0896,21,19.04697608947754,19.23723700019764,4033,14.628864288330078,14.775219999989986,4033,1.3020133151875593,1.3019932698268235
req_0896,22,17.871871948242188,18.02697499988426,4034,14.720000267028809,14.879222999979902,4034,1.2141217135894506,1.2115535199592484
req_0896,23,17.769472122192383,17.918001999532862,4035,14.575615882873535,14.76225100003603,4035,1.2191232442583544,1.2137716666305924
req_0896,24,17.95350456237793,18.11415600059263,4036,14.648287773132324,14.868303000014294,4036,1.2256384391429,1.218306890878886
req_0896,25,17.656959533691406,17.84568999937619,4037,14.701567649841309,14.932734999945296,4037,1.2010256289833146,1.195071766788975
req_0896,26,17.891040802001953,18.0662550001216,4038,14.906368255615234,15.10787700004812,4038,1.2002280163219765,1.1958169238513165
req_0831,2,18.71241569519043,19.006456999704824,3375,15.596511840820312,15.880404000029102,3375,1.1997820978287561,1.1968497148857165
req_0831,3,18.145248413085938,18.30851300019276,3376,14.738431930541992,14.945453999985148,3376,1.2311518958461318,1.2250222040903511
req_0831,4,18.35724830627441,18.524488000366546,3377,14.968544006347656,15.109457999983531,3377,1.2263883714067125,1.2260193582315617
req_0831,5,19.107839584350582,19.26916199954576,3378,14.7041597366333,14.837112000009256,3378,1.2994853107278308,1.2987137927875545
req_0831,6,18.143295288085938,18.312873000468244,3379,14.363648414611816,14.50681500000428,3379,1.2631397514317582,1.2623634478321286
req_0831,7,17.836095809936523,17.998976999479055,3380,14.867424011230469,15.014747000009264,3380,1.1996762718587697,1.198753265670607
req_0831,8,17.835647583007812,17.999686000621296,3381,14.854144096374512,15.01090499999691,3381,1.2007186322745451,1.1991073156898269
req_0831,9,18.344959259033203,18.486566999854404,3382,14.86950397491455,15.017376999992392,3382,1.2337304115848038,1.231011713954026
req_0831,10,18.2425594329834,18.40336399982334,3383,15.186976432800291,15.321481000000858,3383,1.2011975862149735,1.2011478524708095
req_0831,11,17.662944793701172,17.816913000388013,3384,15.845376014709473,15.991305999989436,3384,1.114706572902052,1.1141624705574256
req_0831,12,17.944351196289062,18.09152899932087,3385,14.525440216064451,14.671759999998812,3385,1.235374001019498,1.2330851240289056
req_0831,13,18.414400100708008,18.56776800013904,3386,14.30624008178711,14.450882999994974,3386,1.2871586101893318,1.2848881276075308
req_0831,14,18.17804718017578,18.343233999985387,3387,14.996479988098145,15.133970000022146,3387,1.2121542651744053,1.2120569817409803
req_0269,2,17.763519287109375,17.92489499985095,70,14.615551948547363,14.766060999988897,70,1.21538477299004,1.2139252980103785
req_0269,3,17.588224411010742,17.74330199987162,71,14.330495834350586,14.467304999982389,71,1.227328392144764,1.226441413925622
req_0269,4,17.66124725341797,17.822353000156,72,14.904959678649902,15.075507000005928,72,1.1849241886052342,1.182205878724277
req_0269,5,18.41254425048828,18.61389900022914,73,14.503935813903809,14.665348999983507,73,1.2694860544568591,1.2692435072803294
req_0269,6,17.74038314819336,17.89260399982595,74,16.684799194335938,16.838002000042707,74,1.0632662066568812,1.0626322529110384
req_0269,7,17.302528381347656,17.46754499981762,75,14.12611198425293,14.274451999995108,75,1.2248613348553115,1.2236928604911492
req_0269,8,17.23904037475586,17.40037499985192,76,14.272512435913086,14.4086829999992,76,1.207849035141022,1.2076311901547758
req_0269,9,17.421024322509766,17.596959000002244,77,14.804960250854492,14.942104999988716,77,1.1767018639245779,1.1776760369449641
req_0269,10,17.259519577026367,17.42320399989694,78,14.57855987548828,14.720238999984758,78,1.1838974305031138,1.1836223582996839
req_0269,11,17.89459228515625,18.051599000500573,79,14.443519592285156,14.583547000029284,79,1.2389357158288792,1.2378057958372077
req_0269,12,19.18191909790039,19.36887400006526,80,14.726143836975098,14.876083999979528,80,1.30257583453297,1.302014293552787
req_0269,13,17.754112243652344,17.92569499957608,81,14.964447975158691,15.106356999979198,81,1.1864194571777427,1.1866325547318102
req_0269,14,17.992704391479492,18.15523999994184,82,14.487232208251951,14.625108000018372,82,1.2419697657107214,1.2413747645432112
req_0269,15,17.667648315429688,17.842543000369915,83,14.286751747131348,14.433004000011351,83,1.2366455740352031,1.2362321108173935
req_0269,16,17.542144775390625,17.701531000057003,84,14.877663612365724,15.044997000018157,84,1.1790927145852586,1.176572584230867
req_0269,17,17.368703842163086,17.522955999993428,85,14.79372787475586,14.944883999987724,85,1.174058627359314,1.1725053202157891
req_0815,2,19.075071334838867,19.35812600004283,3222,16.046079635620117,16.308761999994204,3222,1.1887683327019516,1.1869770372545574
req_0815,3,18.108192443847656,18.27531200069643,3223,15.92627239227295,16.091987000038444,3223,1.1370013018635374,1.1356777755694665
req_0815,4,19.69801521301269,19.84907599944563,3224,15.861760139465332,16.031436999980997,3224,1.2418555721317743,1.2381345477307593
req_0815,5,17.530879974365234,17.690251000203716,3225,15.28934383392334,15.45963500001335,3225,1.146607739664306,1.144286459556674
req_0815,6,17.4800968170166,17.63527000002796,3226,15.356224060058594,15.51994599998352,3226,1.1383069658694407,1.1362971237172272
req_0815,7,17.953855514526367,18.113739999535028,3227,14.829504013061523,14.990324999985203,3227,1.2106848279425244,1.2083620601656673
req_0815,8,17.85753631591797,18.01556700047513,3228,15.02905559539795,15.19367000003058,3228,1.1882008288921446,1.1857284645802408
req_0815,9,17.95369529724121,18.11225999972521,3229,15.140416145324709,15.307641999982025,3229,1.185812538104194,1.1832168533694791
req_0815,10,17.747840881347656,17.903236000165634,3230,15.412223815917969,15.573556999981976,3230,1.1515431577769737,1.149591965418456
req_0815,11,17.5677433013916,17.722591000165266,3231,15.017984390258787,15.191059000017049,3231,1.169780367649515,1.166646183136105
req_0815,12,17.741823196411133,17.89908499995363,3232,14.920703887939451,15.08139800000663,3232,1.1890741435296508,1.1868319501909412
req_0815,13,18.22822380065918,18.387916999927256,3233,15.050751686096191,15.215200000000095,3233,1.211117170812028,1.2085228587154386
req_0815,14,17.984512329101562,18.122018999747525,3234,15.00876808166504,15.181259000030424,3234,1.1982670550470922,1.1937098892595934
req_0815,15,18.19705581665039,18.382334999841987,3235,15.67414379119873,15.823091999948248,3235,1.1609601174431177,1.1617410174890033
req_0815,16,18.69209671020508,18.878056000176,3236,14.98624038696289,15.150009000024056,3236,1.2472839236227693,1.2460755633970926
req_0923,2,18.92761611938477,19.10137999948347,55,14.986368179321287,15.159967999977653,55,1.2629888638063593,1.2599881477000234
req_0923,3,17.85750389099121,18.01907700064476,56,14.919679641723633,15.088858000012806,56,1.1969093385257286,1.1941975330823225
req_0923,4,17.547040939331055,17.698779999591352,57,14.931967735290527,15.101606999962767,57,1.175132524420074,1.1719799091338416
req_0923,5,17.701887130737305,17.83353399969201,58,14.741472244262695,14.899674000048435,58,1.2008221999418536,1.1969076638612386
req_0923,6,17.61587142944336,17.7748120004253,59,15.353504180908203,15.50172599996813,59,1.1473518502276743,1.1466343812593411
req_0923,7,17.42745590209961,17.581007999979192,60,15.203200340270996,15.362111999991155,60,1.1463017990979765,1.1444395145660515
req_0923,8,17.343488693237305,17.49485700020159,61,14.710687637329102,14.890244000014263,61,1.1789719910323797,1.1749207736411058
req_0923,9,17.98476791381836,18.15725999949791,62,14.702207565307615,14.856432999977187,62,1.223269895621424,1.2221816636285299
req_0923,10,17.354751586914062,17.521316000056686,63,14.878623962402344,15.04074600001104,63,1.1664218163432847,1.164923335587465
req_0923,11,17.369823455810547,17.542927999784297,64,14.94332790374756,15.092027000036978,64,1.1623798639561713,1.1623970722913042
req_0923,12,17.522464752197266,17.68587100013974,65,15.05561637878418,15.24290099996506,65,1.1638490455222597,1.1602693608113233
req_0923,13,18.715648651123047,18.88228400002845,66,15.119359970092772,15.275281000015184,66,1.237859849103666,1.2361333320159333
req_0659,2,18.678783416748047,18.976866000230075,1071,15.001215934753418,15.242539999917426,1071,1.2451512929345137,1.2449936821771752
req_0659,3,18.683839797973636,18.85643399964465,1072,15.13849639892578,15.325582000059512,1072,1.2341938925519336,1.2303894233557608
req_0659,4,18.01420783996582,18.18697100043209,1073,14.888959884643556,15.065277999951832,1073,1.2099037125182692,1.207211111569945
req_0659,5,17.95747184753418,18.1316499993045,1074,14.402432441711426,14.554476000057548,1074,1.2468360410792048,1.2457782746168813
req_0659,6,18.549760818481445,18.75361200018233,1075,15.81158447265625,15.939844999934394,1075,1.1731753291746605,1.1765241130173798
req_0659,7,18.004064559936523,18.198700000539247,1076,14.90841579437256,15.046626000071228,1076,1.207644380748521,1.2094870970045442
req_0659,8,18.88870429992676,19.07355899948016,1077,14.697152137756348,14.85074300001088,1077,1.2851948542740126,1.2843504866703428
req_0659,9,18.05084800720215,18.21958199980145,1078,15.444992065429688,15.607317999979388,1078,1.1687185031065903,1.1673743047860952
req_0659,10,17.876991271972656,18.05529700050101,1079,14.61961555480957,14.782249999939268,1079,1.2228085755710225,1.2214173756075828
req_0659,11,17.735679626464844,17.91425499959587,1080,15.184672355651855,15.329242999996495,1080,1.1679988353428965,1.1686327237163612
req_0659,12,18.21183967590332,18.403185999886773,1081,14.631936073303224,14.770201000033012,1081,1.2446636989572302,1.2459672011129463
req_0659,13,17.879871368408203,18.04646800064802,1082,14.554176330566406,14.71084900003916,1082,1.2285045173499263,1.2267455128252611
req_0659,14,18.260608673095703,18.437173999700462,1083,15.023103713989258,15.162608999958138,1083,1.2155017379059785,1.2159631630513827
req_0659,15,17.914527893066406,18.092379000336223,1084,14.79270362854004,14.936424999973497,1084,1.2110381133103572,1.2112924612394416
req_0250,2,17.43769645690918,17.58274799976789,59,15.390560150146484,15.571397999906369,59,1.1330124626258786,1.129169519645803
req_0250,3,17.946367263793945,18.10226799989323,60,14.59507179260254,14.759350000076664,60,1.2296182929973662,1.226494933706376
req_0250,4,17.976320266723633,18.1284489999598,61,14.709759712219238,14.875393000011172,61,1.22206756727582,1.218687062583569
req_0250,5,18.006784439086914,18.170789000578225,62,15.053824424743652,15.225040000018453,62,1.1961601205796943,1.1934805426163873
req_0250,6,19.00339126586914,19.154642000103195,63,15.400959968566896,15.563756999995348,63,1.2339095293186104,1.230720962818227
req_0250,7,17.941055297851562,18.09862800018891,64,15.788864135742188,15.970824999953948,64,1.136310702505656,1.1332306252332673
req_0250,8,17.64556884765625,17.796961999920313,65,15.542719841003418,15.69814000004044,65,1.1352947893395906,1.1336987694003535
req_0250,9,17.708032608032227,17.868773999907717,66,14.549568176269531,14.714208999976108,66,1.2170830359703855,1.2143890303540428
req_0250,10,18.03548812866211,18.176779999521383,67,14.485504150390623,14.643159000002017,67,1.245071482594947,1.2413154838733145
req_0250,11,18.149120330810547,18.30540199989628,68,14.51103973388672,14.67678899996372,68,1.2507112283917219,1.2472348004690623
req_0250,12,17.911808013916016,18.079098000271188,69,14.92745590209961,15.146178999998485,69,1.199923693051851,1.1936408516149846
req_0250,13,17.80019187927246,17.954425999960222,70,14.957568168640137,15.170487999967008,70,1.1900458469306618,1.1835101151656604
req_0850,2,18.481151580810547,18.75566200033063,3543,15.585280418395996,15.869792999978928,3543,1.1858080884445574,1.1818466693519905
req_0850,3,18.080480575561523,18.36293500036845,3544,16.659423828125,16.837291999991066,3544,1.0853004738997905,1.090610948623935
req_0850,4,18.873279571533203,19.04129699960322,3545,14.788607597351074,14.94213499995567,3545,1.2762039595204198,1.2743357625707243
req_0850,5,17.489919662475586,17.66081000005215,3546,14.500864028930664,14.652508000040145,3546,1.2061294849452735,1.205309698517398
req_0850,6,17.460447311401367,17.624590000195894,3547,14.920479774475098,15.069326999991972,3547,1.170233636941854,1.1695671611748344
req_0884,2,18.69414329528809,18.99048299947026,3884,15.697664260864258,15.993757000046571,3884,1.1908869360834997,1.1873684838037093
req_0884,3,17.71126365661621,17.89972200003831,3885,16.1246395111084,16.285650999975587,3885,1.0983974956100429,1.0991100079490308
req_0884,4,17.805376052856445,17.958363000616373,3886,15.243264198303224,15.405284000053143,3886,1.1680815749974613,1.1657274867866392
req_0884,5,17.428319931030273,17.567875999702665,3887,15.041536331176758,15.194868999969913,3887,1.1586795090144084,1.1561715997510378
req_0884,6,18.0449275970459,18.19663700007368,3888,14.31942367553711,14.46217499994873,3888,1.2601713592617092,1.258222708557889
req_0884,7,17.169408798217773,17.321180000180902,3889,14.69337558746338,14.825542000039604,3889,1.1685135723929212,1.1683336771184913
req_0884,8,18.12188720703125,18.25939999980619,3890,15.171584129333496,15.316392000045198,3890,1.1944624274266449,1.1921476023695599
req_0884,9,17.341440200805664,17.49404299971502,3891,14.58073616027832,14.72635999994054,3891,1.1893391396826871,1.1879407402634226
req_0884,10,17.654752731323242,17.800460000216844,3892,14.333951950073242,14.483444999996207,3892,1.2316737765562993,1.2290211341446393
req_0884,11,17.85139274597168,18.01822400011588,3893,14.748384475708008,14.886822999983451,3893,1.2103964861625776,1.2103471640749615
req_0884,12,18.30182456970215,18.478703999790014,3894,14.716927528381348,14.868523000018286,3894,1.2435900451644806,1.2428069687733805
req_0884,13,17.82169532775879,17.991603999689687,3895,14.768128395080566,14.912462999973286,3895,1.2067673608319522,1.2064810487524373
req_0884,14,18.07872009277344,18.2351480007128,3896,14.744319915771484,14.878074000080233,3896,1.2261481164306036,1.2256390175646703
req_0884,15,17.825759887695312,17.989414000112447,3897,14.738431930541992,14.87215199995262,3897,1.209474655899828,1.2096039631769335
req_0884,16,18.112512588500977,18.27592899917363,3898,16.072704315185547,16.207161000011183,3898,1.1269113295009237,1.127645304391128
req_0884,17,17.79199981689453,17.966784000236657,3899,15.048704147338867,15.195669000036103,3899,1.1822944781621463,1.1823621585988726
req_0884,18,18.61324882507324,18.79562900012388,3900,14.582783699035645,14.735850999954891,3900,1.2763851682380867,1.2755034643185126
req_0884,19,18.354272842407227,18.513854000048013,3901,14.634048461914062,14.791250000030232,3901,1.2542170329813556,1.2516760922849774
req_0884,20,17.69254493713379,17.852971000138496,3902,14.51088047027588,14.683040000022627,3902,1.2192606074714236,1.215890646631146
req_0884,21,17.853439331054688,18.011934999776713,3903,14.683263778686523,14.842221999970208,3903,1.2159040115433892,1.2135605436849595
req_0884,22,17.704864501953125,17.860781000308634,3904,15.636480331420898,15.80130199999985,3904,1.1322793957906172,1.1303360318224918
req_0884,23,17.460159301757812,17.6113349998559,3905,14.714431762695312,14.871031999973638,3905,1.1866009903300236,1.184271205918131
req_0884,24,17.880735397338867,18.035334999694896,3906,14.527104377746582,14.66784000001553,3906,1.2308533712148142,1.2295835651108684
req_0884,25,18.23539161682129,18.38897200013889,3907,14.644224166870115,14.784650000024158,3907,1.2452275661059282,1.2437881180892914
req_0884,26,17.70355224609375,17.866860999674827,3908,14.521344184875488,14.67944000000898,3908,1.2191400479669539,1.2171350541753565
req_0884,27,18.27129554748535,18.419812000502134,3909,14.920703887939451,15.079926999987949,3909,1.2245598923958416,1.2214788573258248
req_0884,28,18.51903915405273,18.66001700000197,3910,14.422911643981934,14.568797000038105,3910,1.2840014285035115,1.2808207156674065
req_0884,29,17.662080764770508,17.808960000365914,3911,15.624192237854004,15.777390999915042,3911,1.1304316086164854,1.1287645720678288
req_0884,30,17.80601692199707,17.970483999306452,3912,15.172608375549316,15.368723000051432,3912,1.173563337381824,1.1692893416874202
req_0884,31,17.696767807006836,17.878761000247323,3913,14.838815689086914,15.031335999992734,3913,1.1925997450067245,1.1894325960284544
req_0884,32,17.774463653564453,17.934073000105855,3914,15.130623817443848,15.308271999970202,3914,1.1747343578175915,1.1715282430401526
req_0884,33,17.439136505126953,17.617245999645093,3915,15.177727699279783,15.342012000019167,3915,1.1489952152689153,1.1483008877599028
req_0884,34,18.166784286499023,18.31531000061659,3916,14.63759994506836,14.79596199999378,3916,1.241104030351622,1.2378586806741116
req_0884,35,17.62713623046875,17.781169000045338,3917,14.727168083190918,14.886962999980824,3917,1.1969128165643574,1.1944121175063203
req_0810,2,18.50934410095215,18.8371329995789,3191,16.405439376831055,16.662969000094563,3191,1.1282443387095369,1.1304787879922238
req_0810,3,18.41152000427246,18.5589880002226,3192,14.87769603729248,15.017465999903834,3192,1.2375249472849885,1.235826869882139
req_0810,4,17.632287979125977,17.7999709994765,3193,14.498368263244627,14.654548000066823,3193,1.2161567190858484,1.2146380085824096
req_0810,5,18.433727264404297,18.62470900050539,3194,14.579392433166504,14.732300999980907,3194,1.2643686867547106,1.264209100841038
req_0810,6,18.119647979736328,18.27515199966001,3195,14.798784255981444,14.953443999957017,3195,1.224401117437241,1.2221366529150437
req_0810,7,18.46272087097168,18.639799000084167,3196,14.807040214538574,14.954605000070842,3196,1.2468880075603297,1.2464253652969015
req_0810,8,18.127872467041016,18.297571999937645,3197,14.699456214904783,14.850691999981793,3197,1.2332342232265658,1.2321023154988386
req_0810,9,17.89321517944336,18.061116999888327,3198,14.787424087524414,14.954154999941238,3198,1.2100292162810955,1.2077658015420663
req_0810,10,17.762304306030273,17.91646400033642,3199,14.756447792053224,14.89858299999014,3199,1.2036978381474566,1.2025616127619838
req_0810,11,18.716575622558597,18.86815400030173,3200,15.411199569702148,15.565768000101343,3200,1.2144788300162368,1.2121569587943803
req_0810,12,17.78995132446289,17.94786399932491,3201,15.191136360168455,15.343710999900397,3201,1.1710744280532295,1.1697211971368215
req_0810,13,17.63225555419922,17.772602000150073,3202,14.378911972045898,14.530897000099683,3202,1.226257980331068,1.2230904946905996
req_0810,14,17.577791213989258,17.7296000001661,3203,14.528512001037598,14.67021799999202,3203,1.209882416914677,1.2085437312639624
req_0810,15,17.898496627807617,18.05180700011988,3204,15.113216400146484,15.254070999958458,3204,1.1842943390682963,1.1834091371522422
req_0810,16,17.245759963989258,17.388883999956306,3205,15.104928016662598,15.24091999999655,3205,1.1417306951059323,1.1409340118549434
req_0725,2,18.940927505493164,19.20436399996106,1522,16.13395118713379,16.404204000082245,1522,1.1739794725917996,1.1706977065065014
req_0725,3,18.227872848510746,18.38963499994861,1523,15.371264457702637,15.532616999962556,1523,1.1858408199708415,1.183936679826261
req_0725,4,18.120256423950195,18.32063399979233,1524,15.37939167022705,15.54781599998023,1524,1.1782167209532208,1.1783413181514129
req_0725,5,18.353120803833008,18.53589800066402,1525,15.247360229492188,15.413784999964264,1525,1.2036916900758667,1.202553298927356
req_0725,6,18.808576583862305,18.990437999491405,1526,15.046463966369627,15.23120900003505,1526,1.250033006153564,1.2468109392660625
req_0725,7,18.79756736755371,18.96684799976356,1527,14.998751640319824,15.152639999996609,1527,1.253275460407109,1.2517190403631184
req_0725,8,17.561504364013672,17.71891200041864,1528,16.066560745239258,16.2198890000127,1528,1.0930468967490374,1.0924188199071379
req_0725,9,17.43769645690918,17.610918999707792,1529,15.035072326660156,15.196009999954184,1529,1.1598013017861375,1.1589173078828514
req_0725,10,18.18905639648437,18.36423500026285,1530,14.873600006103516,15.038516000004163,1530,1.2229088041241076,1.221146754125059
req_0725,11,17.873151779174805,18.03197800018097,1531,15.213215827941896,15.373484000065218,1531,1.1748437661909352,1.1729272297746218
req_0725,12,18.033344268798828,18.20699200015952,1532,15.08556842803955,15.25261999995564,1532,1.195403696905464,1.1936960338756537
req_0725,13,17.873920440673828,18.03815799939912,1533,15.274687767028809,15.448354999989531,1533,1.1701660101527964,1.16764263893543
req_0725,14,18.19932746887207,18.35773499988136,1534,16.48521614074707,16.65415800005121,1534,1.10397869906529,1.1022913917248118
req_0725,15,18.38489532470703,18.580529000246315,1535,15.78700828552246,15.956835999986652,1535,1.1645585403009495,1.1644243884101997
req_0725,16,18.466815948486328,18.659051999748044,1536,14.963711738586426,15.126858000030552,1536,1.2341066355125356,1.2335048031594107
req_0725,17,18.32953643798828,18.490517000827825,1537,14.871520042419434,15.03666600001452,1537,1.2325260891761718,1.2296952662784404
req_0725,18,18.319360733032227,18.48117800000182,1538,15.033344268798828,15.21679999996195,1538,1.2185818674460485,1.214524604387784
req_0725,19,18.70947265625,18.8762849993509,1539,15.627264022827148,15.798831999973116,1539,1.1972327740108946,1.1947899059489349
req_0753,2,19.344383239746094,19.588719999774185,1770,15.484576225280762,15.758121999965624,1770,1.2492678493947835,1.2430872155842503
req_0753,3,18.545663833618164,18.72777400058112,1771,16.234495162963867,16.388903000006394,1771,1.1423615977863495,1.1427106500400799
req_0753,4,18.540191650390625,18.72946299954492,1772,15.18000030517578,15.342033000024458,1772,1.221356474154296,1.220794075955583
req_0753,5,18.302976608276367,18.470238000190875,1773,14.98521614074707,15.142308000008596,1773,1.2214022431420128,1.2197769322999104
req_0753,6,18.776960372924805,18.954778000079383,1774,14.898176193237305,15.07011599994712,1774,1.260352953903726,1.2577725347400042
req_0753,7,17.77987289428711,17.936595999344718,1775,14.990336418151855,15.124699000011788,1775,1.1860889841509756,1.1859142452574256
req_0753,8,18.068767547607425,18.23627300018416,1776,14.78332805633545,14.938244000063603,1776,1.2222395037674882,1.220777555923341
req_0753,9,17.42835235595703,17.584318999979587,1777,14.663328170776367,14.80418199992073,1777,1.1885672988408789,1.1877940300972891
req_0753,10,17.516128540039062,17.671582000730268,1778,15.181599617004396,15.328721000059886,1778,1.15377357998691,1.1528412579667429
req_0753,11,17.42745590209961,17.582468999535195,1779,14.782112121582031,14.930205000041497,1779,1.1789557377700681,1.1776441783275131
req_0753,12,17.516799926757812,17.66645200041239,1780,15.552448272705078,15.688108999938777,1780,1.1263049791009574,1.126104618503182
req_0753,13,17.466367721557617,17.619530000047234,1781,14.765983581542969,14.90128399996138,1781,1.18287871749973,1.1824168977715543
req_0753,14,17.84832000732422,17.999558999690635,1782,14.891679763793944,15.045276000023478,1782,1.1985430985911165,1.1963595084372363
req_0753,15,18.216960906982425,18.36760599962872,1783,15.147071838378906,15.299002000006112,1783,1.2026721138817857,1.200575436203053
req_0753,16,18.578367233276367,18.75553300033061,1784,16.401376724243164,16.539776000058737,1784,1.13273218130618,1.1339653572251527
req_0753,17,18.61939239501953,18.76947399978235,1785,14.668671607971191,14.81445199999598,1785,1.2693305087627331,1.266970523093763
req_0753,18,17.751039505004883,17.904966000060085,1786,14.660608291625977,14.822161999973105,1786,1.2107982937613944,1.2079861224086321
req_0753,19,17.694528579711914,17.844625000179803,1787,14.701375961303713,14.845221999962632,1787,1.2035967671520436,1.2020450081665819
req_0753,20,17.847200393676758,18.005297999479808,1788,14.623744010925291,14.771761000019978,1788,1.2204262041473952,1.2188998995756468
req_0753,21,18.099424362182617,18.261963999975706,1789,14.755552291870115,14.926073999959044,1789,1.2266178862145931,1.2234941351641306
req_0753,22,17.646175384521484,17.80879400030244,1790,14.665504455566406,14.807152000003043,1790,1.2032436687047434,1.2027156876824645
req_0753,23,17.497087478637695,17.645291000008,1791,14.518272399902344,14.655188000006092,1791,1.205176965735633,1.204030340654836
req_0753,24,17.60758399963379,17.77085400044598,1792,14.450688362121582,14.590878000035444,1792,1.2184598794467896,1.2179427448028015
req_0727,2,19.68320083618164,19.94579599977442,1548,14.946304321289062,15.123208000090926,1548,1.3169276105361702,1.3188865748361391
req_0727,3,18.263872146606445,18.455546000041068,1549,14.624959945678713,14.7712009999168,1549,1.2488151909094927,1.249427585485095
req_0727,4,19.049087524414062,19.229370999710227,1550,14.523391723632812,14.675609000050828,1550,1.3116142487169116,1.3102945846842626
req_0727,5,18.42892837524414,18.610038000588247,1551,14.540800094604492,14.693038000018532,1551,1.2673943837576294,1.2665888429993017
req_0727,6,18.03059196472168,18.2378109993806,1552,14.82534408569336,14.984206000008273,1552,1.2162005725129459,1.2171356292999795
req_0727,7,17.96406364440918,18.125809000594018,1553,14.857824325561523,15.013094999972054,1553,1.2090642109358942,1.2073332647683743
req_0727,8,18.32243156433105,18.49102599953767,1554,14.86847972869873,15.02553699992859,1554,1.2323002686660425,1.2306399431598052
req_0727,9,18.04364776611328,18.2294220003314,1555,14.598976135253906,14.755740000055084,1555,1.2359529599162171,1.2354122531478156
req_0727,10,19.03225517272949,19.222650999836333,1556,14.45580768585205,14.610436999987542,1556,1.316581929306961,1.3156794009551338
req_0727,11,18.877439498901367,19.082777999756217,1557,15.28825569152832,15.433795000035389,1557,1.2347673848339624,1.2364281111491024
req_0727,12,18.32243156433105,18.5097070007032,1558,14.255680084228516,14.37594200001513,1558,1.28527235853179,1.2875474178098187
req_0727,13,18.893823623657227,19.07034799933172,1559,14.467071533203123,14.629817000013643,1559,1.3059881248457466,1.3035260796026318
req_0727,14,18.59564781188965,18.78795300035563,1560,14.36672019958496,14.520986999968954,1560,1.29435581354378,1.2938482074528266
req_0727,15,19.0382080078125,19.216761000279803,1561,14.74441623687744,14.8935029999393,1561,1.291214769167721,1.2902781165960837
req_0727,16,18.50348854064941,18.68677899983595,1562,14.873600006103516,15.023724999991828,1562,1.2440490891953755,1.243817961247701
req_0727,17,17.72822380065918,17.906655999468057,1563,14.608256340026855,14.77056100009122,1563,1.2135756238123754,1.2123206423478072
req_0727,18,17.86675262451172,18.04844700018293,1564,14.60643196105957,14.760770999941997,1564,1.2232112997988895,1.2227306419328536
req_0727,19,17.992704391479492,18.17015899996477,1565,14.922752380371094,15.07834599999569,1565,1.2057229077356073,1.2050498774845704
req_0727,20,18.697216033935547,18.871924999984916,1566,14.548959732055664,14.712300000041978,1566,1.2851239111439732,1.282731116136231
req_0727,21,17.972000122070312,18.143938000321214,1567,14.52735996246338,14.670768999963002,1567,1.2371139813777168,1.2367407598311289
req_0727,22,18.23859214782715,18.405294999865877,1568,14.561280250549316,14.713689000018348,1568,1.252540424605804,1.2508960193356624
req_0727,23,18.17190361022949,18.340644000090837,1569,14.630847930908203,14.791521000006467,1569,1.2420266888182656,1.239943072797099
req_0727,24,18.928768157958984,19.0936379995037,1570,15.466496467590332,15.615278000041144,1570,1.22385623645431,1.2227536390612699
req_0347,2,17.708864212036133,17.871353999908024,39,14.62895965576172,14.779120999946826,39,1.210534763151211,1.2092298317316925
req_0347,3,17.72105598449707,17.8849829999308,40,14.553664207458496,14.700570000059088,40,1.2176353481768076,1.2166183351978128
req_0347,4,19.54816055297852,19.70964200063463,41,14.59075164794922,14.730480000025636,41,1.3397637780865168,1.338017634225112
req_0347,5,17.559104919433594,17.725659999996424,42,14.398079872131348,14.544925999985026,42,1.2195449028881042,1.21868340890938
req_0347,6,17.64249610900879,17.802061999645957,43,14.342016220092772,14.496434999955454,43,1.2301266320067423,1.228030339852568
req_0347,7,17.692447662353516,17.83053400049539,44,15.384575843811035,15.559978000055708,44,1.1500120537590837,1.1459228284533278
req_0347,8,17.388736724853516,17.53947699944547,45,14.103551864624023,14.268049999941468,45,1.2329331569637951,1.2292833988889458
req_0347,9,17.913856506347656,18.071507000058773,46,14.25100803375244,14.400592000015422,46,1.2570238164149536,1.2549141729756264
req_0347,10,17.736703872680664,17.88396499978262,47,14.18342399597168,14.329703000043992,47,1.2505234192898818,1.2480345893929357
req_0347,11,17.65273666381836,17.799731000195607,48,14.708736419677734,14.841000999922471,48,1.2001531715669378,1.1993618894229972
req_0347,12,17.131519317626953,17.288402000303904,49,15.344639778137209,15.487866000057693,49,1.1164497547890084,1.1162546215365954
req_0347,13,17.438335418701172,17.607359000066936,50,14.47385597229004,14.63086800004021,50,1.2048161493444856,1.2034391261009632
req_0347,14,18.054367065429688,18.228739999358368,51,14.63865566253662,14.785001999939595,51,1.233335046717069,1.2329210371045498
req_0347,15,18.15846443176269,18.3207530008076,52,14.633983612060549,14.792570000054184,52,1.2408422008069937,1.2385104820014705
req_0347,16,17.15497589111328,17.313072999968426,53,14.801728248596191,14.958834999902136,53,1.1589846538859592,1.1573811062212862
req_0347,17,17.527008056640625,17.6847689999704,54,14.460927963256836,14.602667000076508,54,1.2120251273759377,1.2110643213241625
req_0347,18,17.882112503051758,18.04361799986509,55,14.310175895690918,14.45619399999032,55,1.249608155301321,1.248158263501249
req_0347,19,17.99884796142578,18.1652800001757,56,14.727168083190918,14.857302999985222,56,1.22215268134062,1.2226498981809664
req_0347,20,17.59539222717285,17.759720999492856,57,14.44547176361084,14.60774700001366,57,1.2180559081148794,1.2157741367971562
req_0347,21,18.04902458190918,18.203409999841824,58,15.37945556640625,15.515876999984355,58,1.173580202756601,1.173211801038393
req_0347,22,17.62396812438965,17.779122999854735,59,14.339072227478027,14.486874999988686,59,1.2290870598041037,1.2272572932305015
req_0347,23,17.55743980407715,17.711270000290824,60,14.469087600708008,14.615788000014618,60,1.2134448479818465,1.2117902914487477
req_0347,24,17.795072555541992,17.974125000364438,61,14.499839782714844,14.645957999960046,61,1.2272599437102314,1.2272413317321729
req_0347,25,18.04281616210937,18.227571999887004,62,14.94803237915039,15.109817000052317,62,1.2070361974379722,1.2063396929177828
req_0347,26,18.51903915405273,18.71308099998714,63,14.245183944702148,14.407664000032128,63,1.300021061570079,1.2988282486283282
req_0347,27,18.29478454589844,18.48392499960028,64,14.689279556274414,14.8941829999103,64,1.2454514515712898,1.2410163752997798
req_0347,28,17.894304275512695,18.049048000648327,65,14.74454402923584,14.92390400005661,65,1.2136220855681557,1.2094052602174246
req_0347,29,18.15740776062012,18.314112999178175,66,14.809696197509766,14.9799250000342,66,1.2260486318195554,1.2225770822708633
req_0347,30,18.110336303710938,18.278191000717925,67,15.210304260253906,15.378203999944162,67,1.190662329552152,1.1885777429395716
req_0347,31,18.44428825378418,18.623399999341927,68,15.762207984924316,15.932412999973169,68,1.1701589188155064,1.1689001533774759
req_0347,32,17.948223114013672,18.114878000233148,69,14.98521614074707,15.161030000058416,69,1.1977286777472456,1.1948316176515283
req_0347,33,18.723743438720703,18.8921750004738,70,15.111167907714844,15.28412099992238,70,1.2390665998199581,1.2360655218948962
req_0347,34,18.27315139770508,18.426814999656926,71,15.392607688903809,15.570757000091362,71,1.1871381228586624,1.1834244795900934
req_0347,35,18.122560501098636,18.29153200014844,72,15.065855979919434,15.234920000011698,72,1.2028895354670415,1.2006319691954008
req_0347,36,18.131967544555664,18.301332000191906,73,14.840031623840332,15.023814999949536,73,1.2218280933732564,1.2181547762837455
req_0347,37,17.66912078857422,17.8389029997561,74,14.743552207946776,14.917394999997668,74,1.1984303741299578,1.1958457223770564
req_0347,38,18.397823333740234,18.557778000285907,75,14.711392402648926,14.89880200006155,75,1.250583413873695,1.2455886050575906
req_0347,39,17.160863876342773,17.31106199986243,76,15.024127960205078,15.195890999962105,76,1.142220295367381,1.139193614899291
req_0347,40,17.185792922973633,17.340653999781352,77,14.44326400756836,14.613367000038124,77,1.1898829041668262,1.1866296110770442
req_0347,41,17.21548843383789,17.38364300035755,78,15.04588794708252,15.205339999965872,78,1.1441988996851506,1.1432590787444785
req_0347,42,17.311744689941406,17.48603499981982,79,14.43014430999756,14.583996999931514,79,1.1996931089557712,1.1989878357697095
req_0347,43,17.39971160888672,17.566657999850577,80,14.619232177734377,14.776431000086632,80,1.1901932603127483,1.188829562412438
req_0347,44,17.812480926513672,17.974196000068332,81,14.902048110961914,15.06474600000729,81,1.195304215493094,1.1931297082645558
req_0347,45,17.630207061767578,17.801611999857414,82,14.916511535644531,15.088056999957187,82,1.181925614419859,1.179847875701154
req_0347,46,17.921024322509766,18.102517999977863,83,14.738431930541992,14.922204999948008,83,1.2159383309545018,1.213126210237759
req_0347,47,18.052095413208008,18.22101200014004,84,15.862848281860352,16.0947170001009,84,1.1380109733414727,1.132111363003513
req_0347,48,17.957887649536133,18.139988999791967,85,14.845760345458984,15.041956999994,85,1.2096307115067424,1.2059593708318141
req_0347,49,18.40537643432617,18.581057000119472,86,14.528512001037598,14.720248999992693,86,1.2668452511180561,1.2622787155386228
req_0347,50,17.995935440063477,18.206660999567248,87,14.484479904174805,14.715389999992112,87,1.2424288313504843,1.237253039136374
req_0347,51,17.96294403076172,18.202671000835835,88,14.529536247253418,14.710829000023296,88,1.2363053937222073,1.237365412976183
req_0347,52,18.317920684814453,18.49302599930525,89,14.501888275146484,14.719420999995236,89,1.263140381256966,1.2563691193635425
req_0347,53,17.38105583190918,17.53736699993169,90,14.445568084716797,14.649407999968387,90,1.2032102669813372,1.1971382734353182
req_0347,54,17.531904220581055,17.694590000246535,91,14.783488273620604,14.962424000032115,91,1.1859111933591935,1.1826018297709353
req_0347,55,17.495647430419922,17.658019000009517,92,14.674528121948242,14.846792999946956,92,1.192245998305882,1.1893490398951885
req_0347,56,18.02342414855957,18.192491000263544,93,15.250592231750488,15.448794000008093,93,1.181817982847661,1.177599429460579
req_0347,57,19.26451110839844,19.480506000036257,94,14.740511894226074,14.960565000023962,94,1.306909233996442,1.3021236831633736
req_0347,58,17.949440002441406,18.11785900008545,95,15.133695602416992,15.3355620000184,95,1.1860579513423486,1.1814277820443562
req_0347,59,17.818559646606445,17.98151599996345,96,15.246208190917969,15.431324999894969,96,1.1687207352462106,1.1652606629752038
req_0094,2,18.27737617492676,18.44594800058985,39,14.515199661254885,14.682397999990826,39,1.259188753959353,1.2563307438336284
req_0094,3,17.828832626342773,17.986115999519825,40,14.807040214538574,14.962735000040084,40,1.2040780850204753,1.2020607194788682
req_0094,4,17.957887649536133,18.118580000191287,41,14.699520111083984,14.84206300006008,41,1.2216648920392454,1.2207588662113849
req_0094,5,17.768447875976562,17.924554999808606,42,14.789631843566896,14.948452999988149,42,1.2014124532589614,1.1990909694684002
req_0094,6,18.351104736328125,18.52117799990083,43,14.603263854980469,14.737470999989457,43,1.256644057011231,1.2567405900180622
req_0094,7,17.836671829223633,18.016227000771323,44,14.902112007141112,15.062906000025578,44,1.1969224107748133,1.1960658189555675
req_0094,8,17.845247268676758,18.003747999500774,45,14.724096298217772,14.861912999890592,45,1.2119757238233204,1.211401789233547
req_0094,9,17.81318473815918,17.96966700021585,46,14.585599899291992,14.71333900008176,46,1.2212857106428554,1.2213180842306424
req_0094,10,17.632160186767578,17.786601999432605,47,14.395071983337402,14.546547000009014,47,1.224874749301509,1.2227370522655021
req_0094,11,18.146303176879883,18.325464000554348,48,15.352416038513184,15.499734999934844,48,1.1819835478245204,1.182308213697291
req_0094,12,18.42745590209961,18.59950000016397,49,14.80396842956543,14.951465000081043,49,1.24476460415152,1.2439918095024904
req_0094,13,17.845312118530273,18.018916999608336,50,15.357855796813965,15.505755999924986,50,1.1619663808949383,1.16207923042872
req_0692,2,18.092960357666016,18.349623999711184,1285,15.199104309082031,15.412185000059251,1285,1.1903964858544196,1.1905919893668964
req_0692,3,17.894399642944336,18.064168000819336,1286,15.462400436401367,15.617476999977953,1286,1.1572847124575554,1.156663653216511
req_0692,4,17.67731285095215,17.848453999249614,1287,15.020031929016112,15.17804000002343,1287,1.1769157971497137,1.1759393175417947
req_0692,5,18.804384231567383,18.957277000481557,1288,14.6494722366333,14.824560999954883,1288,1.2836219576937435,1.2787749330681193
req_0692,6,19.529279708862305,19.70800100025372,1289,15.135744094848633,15.294012000026669,1289,1.2902754953097408,1.2886089667132048
req_0692,7,17.593088150024414,17.747941999914474,1290,14.569472312927246,14.725349000059396,1290,1.2075309092982294,1.2052646086583678
req_0692,8,17.480703353881836,17.658570999628864,1291,14.741503715515137,14.900724999961312,1291,1.1858154833610188,1.1850813299134582
req_0692,9,18.18931198120117,18.360633999691345,1292,14.938655853271484,15.106467000009616,1292,1.2176003088803875,1.2154154905762982
req_0692,10,18.20057678222656,18.37109500047518,1293,14.923775672912598,15.06430699998873,1293,1.2195691747941186,1.2195114584752504
req_0692,11,17.922048568725586,18.100018999575692,1294,18.15692710876465,18.29607199999828,1294,0.9870639707571617,0.9892844212450298
req_0692,12,18.62144088745117,18.80785299999843,1295,14.621312141418455,14.758862000007866,1295,1.2735820634525246,1.2743430353904255
req_0692,13,17.795040130615234,17.96448599998257,1296,15.065695762634276,15.20858899993982,1296,1.1811628490965707,1.1812066194999191
req_0692,14,17.495040893554688,17.645609000283002,1297,15.362048149108888,15.514656000050309,1297,1.1388482006918803,1.1373509667391777
req_0692,15,17.557504653930664,17.70801200018468,1298,14.8787202835083,15.035595999961515,1298,1.1800413153402414,1.1777392795224084
req_0296,2,18.11148834228516,18.30570199945214,121,15.313471794128418,15.461064999954033,121,1.182716015399563,1.1839871315143273
req_0296,3,18.06912040710449,18.28470300006302,122,14.88982391357422,15.057146999993163,122,1.213521429936581,1.214353755068694
req_0296,4,17.78175926208496,17.941785000402888,123,14.820128440856934,14.959114000021144,123,1.1998384044407633,1.1993882124554656
req_0296,5,17.335296630859375,17.487015999904543,124,14.521344184875488,14.673269000013534,124,1.193780438653518,1.1917600638200263
req_0296,6,17.81043243408203,17.988405999858514,125,15.680512428283691,15.831802999969112,125,1.1358322960132667,1.1362196712461372
req_0296,7,18.13055992126465,18.29571300004318,126,15.107744216918944,15.251491000071836,126,1.2000838550708648,1.199601599604721
req_0886,2,19.4836483001709,19.7984139995242,3906,15.545344352722168,15.796749999935855,3906,1.2533429854037996,1.2533219807621565
req_0886,3,18.4704647064209,18.659130000742152,3907,14.830592155456545,14.98449600001095,3907,1.245430021459066,1.2452290688140941
req_0886,4,19.748863220214844,19.92084499943303,3908,14.802623748779297,14.946893999990609,3908,1.3341461321573778,1.3327748895152094
req_0886,5,17.482751846313477,17.64413999990211,3909,15.08351993560791,15.239221000001637,3909,1.1590631312152584,1.157811150576543
req_0886,6,17.671167373657227,17.824823999944783,3910,14.87769603729248,15.019806000054814,3910,1.1877623611453427,1.1867546092059866
req_0886,7,17.530879974365234,17.694859000584984,3911,14.610431671142578,14.752980000025673,3911,1.199887886200577,1.1994091363612092
req_0886,8,18.19862365722656,18.35347499945783,3912,14.790656089782717,14.933412999994289,3912,1.2304135493893367,1.2290207871077328
req_0886,9,18.24246406555176,18.39283500066813,3913,15.05996799468994,15.222790999928293,3913,1.2113215693409145,1.2082432847402798
req_0886,10,18.409536361694336,18.56550799948309,3914,14.821375846862791,14.953483999988748,3914,1.2420936188316851,1.2415506646810242
req_0886,11,17.581056594848633,17.730190999827755,3915,14.770272254943848,14.89397300008477,3915,1.1903001035721579,1.1904272284988593
req_0886,12,17.82659149169922,17.990717000429868,3916,14.717215538024902,14.856463000000986,3916,1.2112747445765548,1.210969057737947
req_0886,13,17.439712524414062,17.599619000066014,3917,14.56924819946289,14.708398999914609,3917,1.1970221308369908,1.196569320710445
req_0886,14,18.91942405700684,19.095347999609658,3918,15.815679550170898,15.955275999999683,3918,1.1962447770258726,1.1968046180843275
req_0719,2,18.82828712463379,19.07988899984048,1490,15.567872047424316,15.84767200006354,1490,1.2094322889652027,1.2039553191007475
req_0719,3,18.098432540893555,18.25227200060908,1491,15.051520347595217,15.210759999945369,1491,1.2024321877746484,1.199957924566204
req_0719,4,18.43289566040039,18.59259799948632,1492,15.61190414428711,15.77995100001317,1492,1.1806949037120222,1.178241808195146
req_0719,5,17.61894416809082,17.778702000214253,1493,14.857215881347656,15.033396000035282,1493,1.1858846441216722,1.1826138285835435
req_0719,6,17.6046085357666,17.750592000083998,1494,14.929887771606444,15.115707999939332,1494,1.1791521011461936,1.1743142961054316
req_0719,7,17.558528900146484,17.714972000248963,1495,15.417311668395996,15.607697000064036,1495,1.1388839557638168,1.1350151146691456
req_0719,8,17.80486488342285,17.95370499985438,1496,15.227904319763184,15.396235000025628,1496,1.1692262119295838,1.166110091189469
req_0719,9,19.54508781433105,19.709731999682845,1497,14.622719764709473,14.789650000011534,1497,1.3366246586699446,1.3326706176053844
req_0719,10,17.593664169311523,17.75703200019052,1498,15.07737636566162,15.243789999999535,1498,1.1668916224297943,1.164869891292852
req_0719,11,17.652320861816406,17.824153000219667,1499,14.9717435836792,15.132898999922872,1499,1.1790424250291944,1.1778412715442368
req_0719,12,17.368703842163086,17.518066999400617,1500,14.90944004058838,15.053326000042944,1500,1.1649467582202808,1.1637339814038865
req_0719,13,17.589248657226562,17.75067200014746,1501,15.541184425354004,15.704239999990932,1501,1.131783020895842,1.130310795056476
req_0719,14,17.663999557495117,17.81741300055728,1502,15.19375991821289,15.357063000010385,1502,1.162582511016324,1.1602096703350915
req_0719,15,17.456031799316406,17.610958999284776,1503,14.934016227722168,15.093287000013332,1503,1.1688772486340677,1.1668074024743067
req_0719,16,18.68160057067871,18.83829300004436,1504,15.278016090393066,15.44042399996215,1504,1.2227766000603864,1.2200631925710421
req_0719,17,17.350656509399414,17.511527000351634,1505,16.00783920288086,16.177568999978575,1505,1.0838849821952792,1.0824572592071668
req_0719,18,17.423328399658203,17.56158799980767,1506,14.974495887756348,15.137739000010695,1506,1.163533552665643,1.1601196189071077
req_0719,19,17.23504066467285,17.39384499978769,1507,15.71123218536377,15.90066400001433,1507,1.0969884768636178,1.0939068330587962
req_0719,20,18.02751922607422,18.189430000347784,1508,15.081472396850586,15.286930999991457,1508,1.1953421225528913,1.1898679990351202
req_0719,21,18.105632781982425,18.270733000463224,1509,14.741503715515137,14.911374000007529,1509,1.2282079990880856,1.2252883604457911
req_0719,22,18.08553504943848,18.251441999382223,1510,15.08351993560791,15.254160000040429,1510,1.1990261640947393,1.1964894821697065
req_0719,23,17.356800079345703,17.512905999865325,1511,15.262240409851074,15.433915000016896,1511,1.1372380209751307,1.1347027633524063
req_0719,24,17.561599731445312,17.72591100052523,1512,15.6692476272583,15.841051999927911,1512,1.1207685365119298,1.1189857214410948
req_0719,25,17.389535903930664,17.54516799974226,1513,15.30777645111084,15.470424000000094,1513,1.135993588583452,1.1341103514513988
req_0719,26,18.19222450256348,18.34432400028163,1514,15.297599792480469,15.462146000004395,1514,1.18922084178891,1.1864021980051422
req_0719,27,18.405088424682617,18.57059899975866,1515,15.011455535888672,15.18920800003798,1515,1.2260695427355868,1.2226179929666
req_0719,28,18.135040283203125,18.30887200048892,1516,15.71132755279541,15.855293999948117,1516,1.1542653045876115,1.1547481869808804
req_0719,29,18.10201644897461,18.274152999765647,1517,14.627840042114258,14.766870000016752,1517,1.2375044023490844,1.2375102509702405
req_0719,30,17.898496627807617,18.069828000079724,1518,14.485759735107422,14.626337999970929,1518,1.2355925374372425,1.2354307688032125
req_0719,31,17.977344512939453,18.16126099947724,1519,14.997504234313965,15.164269000024431,1519,1.1986890773337926,1.1976351118176536
req_0719,32,19.27241516113281,19.467705000352,1520,14.670816421508787,14.809431000003316,1520,1.3136566232863256,1.3145478040545677
req_0174,2,17.747968673706055,17.928086000210897,45,14.545920372009276,14.693909000015992,45,1.2201337708309254,1.2201032414309483
req_0174,3,17.730560302734375,17.880604999845673,46,14.469120025634766,14.615797000033126,46,1.2254069543497708,1.2233752972763063
req_0174,4,17.873920440673828,18.02723699984199,47,14.56924819946289,14.72778099991956,47,1.2268251728550255,1.2240294040181918
req_0174,5,18.390016555786133,18.550609000158147,48,15.011839866638184,15.159268000047632,48,1.2250341543181191,1.2237140342198487
req_0174,6,17.861631393432617,18.019248000200605,49,15.839232444763184,15.9814160000451,49,1.127682888405245,1.1275126059011138
req_0174,7,18.01932716369629,18.20825100003276,50,14.39027214050293,14.53195599992796,50,1.252188074538146,1.2529800530722102
req_0780,2,18.472959518432617,18.71831199969165,1909,15.698816299438477,15.996405999999295,1909,1.1767103433838746,1.1701573465747541
req_0780,3,18.14633560180664,18.31450300051074,1910,16.358272552490234,16.542777000040587,1910,1.1093063490401502,1.1070996725922018
req_0780,4,18.02099227905273,18.17776999996568,1911,15.3503999710083,15.527586999951382,1911,1.1739754216885732,1.1706757785367807
req_0780,5,18.168479919433597,18.355133999648388,1912,15.327136039733888,15.481105000048956,1912,1.1853799608964024,1.1856475361151768
req_0780,6,18.309120178222656,18.48200600034033,1913,15.132479667663574,15.28717099995447,1913,1.2099220075178565,1.2089879808628672
req_0780,7,18.12704086303711,18.291642999429317,1914,15.22713565826416,15.387763000035193,1914,1.1904432501196702,1.1887135901032193
req_0780,8,18.778112411499023,18.94911599993065,1915,15.244895935058594,15.402695000034328,1915,1.231763896027333,1.2302467847275051
req_0780,9,18.175071716308597,18.330173000322247,1916,15.151103973388672,15.317870999979275,1916,1.1995872873838902,1.1966527855174551
req_0780,10,17.872896194458008,18.034787999567925,1917,15.300607681274414,15.459015000033103,1917,1.168116755018278,1.1666194773424636
req_0780,11,18.107391357421875,18.279281000104675,1918,15.628288269042969,15.78837099998509,1918,1.1586292142620376,1.1577686513777727
req_0780,12,18.45964813232422,18.611660000715347,1919,15.191840171813965,15.355812999928276,1919,1.2151028396529047,1.2120270024649478
req_0780,13,17.48240089416504,17.638339999393793,1920,15.000415802001951,15.153338999994048,1920,1.16546108620748,1.163990325788971
req_0780,14,17.38751983642578,17.540716000439716,1921,15.690752029418944,15.845833000071252,1921,1.1081380805601624,1.1069608016417214
req_0173,2,18.249727249145508,18.405564999739,45,15.438719749450684,15.595797999935712,45,1.1820751684928306,1.1801617974158725
req_0173,3,18.57436752319336,18.7165309998818,46,14.95308780670166,15.128677999996398,46,1.2421760484057827,1.2371557514732126
req_0173,4,17.729440689086914,17.886153999825183,47,14.86847972869873,15.027486999997564,47,1.192417853915894,1.1902292112998056
req_0841,2,18.8088321685791,19.09890800016001,3471,15.74460792541504,16.023455999970793,3471,1.1946205493131252,1.1919343742195705
req_0841,3,18.30291175842285,18.48892699945281,3472,15.022303581237791,15.184258999966003,3472,1.218382497693789,1.2176377523258928
req_0841,4,17.761152267456055,17.91594400037866,3473,15.30662441253662,15.467535000084354,3473,1.1603572276137577,1.1582934191053036
req_0841,5,17.752864837646484,17.901174999678915,3474,15.351327896118164,15.515635999918231,3474,1.156438384860217,1.1537506422407213
req_0841,6,17.756160736083984,17.912365000483987,3475,15.158528327941896,15.319752000095832,3475,1.1713644195494783,1.1692333531490546
req_0841,7,17.761119842529297,17.926654999428138,3476,15.155200004577637,15.393182999901,3476,1.1719488912824998,1.1645840239503051
req_0841,8,18.321407318115234,18.48811600029876,3477,14.99443244934082,15.182470000013382,3477,1.2218806800467246,1.2177278137406142
req_0841,9,17.686399459838867,17.828664000262506,3478,15.111167907714844,15.273841000066568,3478,1.1704190945300308,1.1672678797811764
req_0841,10,17.494016647338867,17.656348999480542,3479,15.249407768249512,15.420733999917502,3479,1.1471931837092593,1.1449746166152013
req_0841,11,17.754911422729492,17.930515000443847,3480,15.354880332946776,15.52940600004149,3480,1.1563041220603327,1.1546169248454154
req_0841,12,18.130943298339844,18.304862000150024,3481,14.969856262207031,15.142708999974277,3481,1.2111634861928038,1.208823467464185
req_0841,13,18.500608444213867,18.688221000047637,3482,15.162367820739746,15.36548199999288,3482,1.2201661813604028,1.2162469748789069
req_0841,14,18.114431381225582,18.318232999263277,3483,14.908320426940918,15.09145800002898,3483,1.2150551411875266,1.213814662521547
req_0841,15,17.81452751159668,17.99171600032423,3484,14.970879554748535,15.14287800000602,3484,1.1899452832045652,1.1881305522184804
req_0841,16,18.12377548217773,18.308673000319686,3485,15.237119674682615,15.408312999966256,3485,1.189448916142036,1.1882334555612792
req_0841,17,17.98041534423828,18.152828999518533,3486,16.45747184753418,16.660960000081104,3486,1.0925381195127053,1.0895427994203315
req_0841,18,18.43199920654297,18.616719999954512,3487,15.52076816558838,15.71216899992578,3487,1.1875700358316785,1.1848599642762532
req_0674,2,18.86854362487793,19.145281000419345,1165,15.284799575805664,15.47724499994274,1165,1.2344645758224386,1.236995408452226
req_0674,3,18.528255462646484,18.706879999626835,1166,15.069184303283691,15.20421999998689,1166,1.229546011897209,1.2303741987187087
req_0674,4,17.946624755859375,18.15662999979395,1167,14.804991722106934,14.969804000088516,1167,1.2122009314643067,1.2128836155561282
req_0674,5,17.94313621520996,18.11403900046571,1168,14.98316764831543,15.153628999996728,1168,1.1975529231448814,1.1953598046032154
req_0674,6,18.736127853393555,18.895444999543543,1169,14.58687973022461,14.734628999917732,1169,1.2844506981552424,1.2823834926314766
req_0674,7,17.472511291503906,17.723871000271174,1170,14.584863662719728,14.755020000052356,1170,1.1979893467338523,1.2012095544572818
req_0674,8,17.72528076171875,17.87255399995047,1171,14.617119789123535,14.773700999967332,1171,1.212638400549195,1.209754685030514
req_0674,9,18.66752052307129,18.821972999830905,1172,14.607040405273438,14.771881000001486,1172,1.27798102867792,1.274175780310511
req_0674,10,17.489919662475586,17.650259000220103,1173,14.90227222442627,15.037446000064849,1173,1.1736411333171,1.1737537744204691
req_0674,11,17.974559783935547,18.157600999984425,1174,15.808159828186035,15.947883999956504,1174,1.1370431460268264,1.1385586326081847
req_0674,12,17.17478370666504,17.345422000289545,1175,14.751328468322754,14.90206300002228,1175,1.1642872534190025,1.1639611240580323
req_0674,13,17.4769287109375,17.63782999933028,1176,16.758464813232422,16.911045000028935,1176,1.0428717012991418,1.0429769419512573
req_0674,14,17.286144256591797,17.446025000026566,1177,14.334976196289062,14.477543999987574,1177,1.2058718493768208,1.205040371491293
req_0674,15,17.950592041015625,18.110119000084524,1178,14.900223731994627,15.03063600000587,1178,1.2047196313214459,1.20488041890426
req_0674,16,17.610368728637695,17.763021000064327,1179,14.96678352355957,15.100096999958623,1179,1.1766301490842568,1.1763514499352554
req_0674,17,18.19647979736328,18.36822499990376,1180,14.57430362701416,14.726390999953765,1180,1.2485316803497388,1.2472998306211909
req_0674,18,18.26201629638672,18.430504000207293,1181,14.840831756591797,14.98240400007944,1181,1.2305251212268038,1.2301433067823808
req_0674,19,17.732288360595703,17.897665000418783,1182,14.494720458984377,14.645797999946808,1182,1.2233618723984814,1.2220341288664356
req_0674,20,17.903615951538086,18.05844799946499,1183,14.923775672912598,15.07033699999738,1183,1.199670669402653,1.1982776496284142
req_0674,21,19.771392822265625,19.932275999963167,1184,14.772512435913086,14.91856400002689,1184,1.3383906703777677,1.3360720240853772
req_0674,22,18.25279998779297,18.40692499990837,1185,14.851072311401367,15.009005000024445,1185,1.229056030774293,1.2263920892742983
req_0674,23,18.101152420043945,18.27904200035846,1186,14.773344039916992,14.939273999971192,1186,1.2252576242139455,1.2235562451290274
req_0674,24,17.88172721862793,18.085108999912336,1187,16.3221435546875,16.471086000024115,1187,1.095550174443389,1.0979912921276629
req_0789,2,18.66649627685547,18.91677499952493,1977,15.610527992248535,15.850723999847103,1977,1.19576328783526,1.193432867779882
req_0789,3,19.01670455932617,19.1884210007629,1978,15.401984214782717,15.573086000131298,1978,1.2346918613949798,1.2321527666771455
req_0789,4,17.630207061767578,17.783022000003257,1979,14.414719581604004,14.562937999926362,1979,1.223069721333127,1.2211149975432964
req_0789,5,17.91548728942871,18.097538999427343,1980,14.433088302612305,14.578395999933493,1980,1.2412788527169276,1.2413943893079804
req_0789,6,17.5677433013916,17.724500999975135,1981,15.095808029174805,15.281572000048982,1981,1.16374978188908,1.1598611059070574
req_0789,7,17.709152221679688,17.869254000288493,1982,15.332192420959473,15.48061400012557,1982,1.1550306528550252,1.1542987894500534
req_0789,8,18.434816360473636,18.596148999677094,1983,15.252384185791016,15.390033999892694,1983,1.2086514564488446,1.208324101155771
req_0789,9,18.077695846557617,18.235412000649376,1984,15.228927612304688,15.380003000018403,1984,1.1870629572072546,1.1856572460114316
req_0789,10,18.30502319335937,18.460405999576324,1985,14.740415573120115,14.876363999974274,1985,1.241825449395029,1.2409219080420624
req_0789,11,18.22719955444336,18.40143499975966,1986,15.145855903625488,15.294910999955391,1986,1.2034446696459251,1.2031083410562722
req_0789,12,18.284543991088867,18.45631600008346,1987,15.111167907714844,15.30735200003619,1987,1.2100020397334008,1.2057157893827637
req_0789,13,18.343936920166016,18.510447000153363,1988,15.078399658203123,15.219719000015177,1988,1.2165705470067134,1.2162147671803207
req_0789,14,19.13036727905273,19.293651999760183,1989,14.859264373779297,15.0029070000528,1989,1.2874370357667393,1.2859942409622536
req_0789,15,17.684223175048828,17.829714000072272,1990,14.943296432495115,15.082555999924809,1990,1.183421827635929,1.182141408933682
req_0789,16,18.02956771850586,18.22083100068994,1991,15.68019199371338,15.82287299993368,1991,1.1498308009069282,1.1515501009687883
req_0789,17,17.95897674560547,18.13760999993974,1992,14.555135726928713,14.687069000046904,1992,1.2338584182612087,1.2349373452171988
req_0789,18,18.242752075195312,18.43319499948848,1993,14.448736190795898,14.591607000056683,1993,1.2625846187721435,1.263273812090531
req_0789,19,18.10627174377441,18.286153000190097,1994,15.08233642578125,15.233760000000984,1994,1.2004951509253,1.2003702959866058
req_0789,20,18.804767608642575,18.994037000084063,1995,14.584351539611816,14.727459999903658,1995,1.289379754565563,1.289702161826161
req_0789,21,18.088960647583008,18.26423199963756,1996,14.434144020080566,14.575667000144676,1996,1.2532063295487363,1.2530632045488053
req_0789,22,17.678592681884766,17.86449300016102,1997,14.923775672912598,15.08146800006216,1997,1.184592496520321,1.184532765649033
req_0789,23,18.49548721313477,18.67198099989764,1998,15.064895629882812,15.215388999877176,1998,1.2277208994695599,1.227177366286749
req_0789,24,17.76028823852539,17.936355000529147,1999,14.69542407989502,14.88234399994326,1999,1.208559082199162,1.2052103486250239
req_0137,2,17.73142433166504,17.895743999361002,42,15.00876808166504,15.188039999884497,42,1.1814043787728348,1.1782786982057656
req_0137,3,18.600831985473636,18.76119200005633,43,14.755904197692873,14.902283000083116,43,1.2605687686954439,1.2589475048857743
req_0137,4,17.49193572998047,17.663029000686947,44,14.313471794128418,14.442574999975475,44,1.2220610052940406,1.2229833669353936
req_0137,5,17.459199905395508,17.598038999494747,45,14.670559883117676,14.845181000055163,45,1.1900840898026595,1.1854378198170406
req_0137,6,17.504255294799805,17.665588999989268,46,14.632960319519045,14.822302999846215,46,1.1962210593471447,1.1918248466633392
req_0137,7,17.4168643951416,17.575409000528452,47,14.98697566986084,15.121117000035156,47,1.1621333602460786,1.1623089088251608
req_0137,8,17.690336227416992,17.840561999946658,48,16.17510414123535,16.332084000168834,48,1.0936768055989725,1.092362860720177
req_0137,9,17.390592575073242,17.551117999573762,49,14.445695877075195,14.599605999819689,49,1.2038598017746929,1.2021638118035873
req_0137,10,18.587648391723636,18.746161999843025,50,14.630528450012209,14.770292000093832,50,1.270470062324244,1.2691801895131074
req_0137,11,17.465248107910156,17.714571000396973,51,14.548895835876465,14.696018999984515,51,1.2004517940696358,1.2053992989812845
req_0137,12,17.79596710205078,17.96557599936932,52,14.3820161819458,14.513925000073868,52,1.2373763787298906,1.2378165106460097
req_0137,13,17.52262306213379,17.682740000054764,53,14.48140811920166,14.642117999983384,53,1.2100082338608786,1.2076627165601883
req_0137,14,18.480127334594727,18.617270000504504,54,14.609408378601074,14.786750999974174,54,1.2649470023483793,1.2590507543230436
req_0137,15,17.745920181274414,17.90185299978475,55,14.86297607421875,15.01063599994268,55,1.193968159045644,1.1926112257903736
req_0137,16,17.855487823486328,18.01761800015811,56,14.5797119140625,14.716590000034556,56,1.2246804277568928,1.2243065818994618
req_0137,17,17.683456420898438,17.907733999891207,57,14.70464038848877,14.852501999939705,57,1.2025765985233867,1.2057048704631654
req_0137,18,18.24460792541504,18.444655999701357,58,14.789631843566896,14.94788500008326,58,1.233607984187312,1.2339308202865233
req_0137,19,17.805376052856445,17.971656000554503,59,14.652416229248049,14.803821999976208,59,1.2151836102850189,1.2139875770313495
req_0137,20,17.726367950439453,17.876523999802885,60,14.701567649841309,14.85996199994588,60,1.2057467865089064,1.2029993077955377
req_0137,21,17.493696212768555,17.64629999979661,61,15.754048347473145,15.921465000019452,61,1.11042544918776,1.1083339378490014
req_0137,22,17.524736404418945,17.682999000498967,62,14.648320198059082,14.81050100005632,62,1.196364918807618,1.1939500899011941
req_0137,23,17.711008071899414,17.871463999654225,63,14.955519676208496,15.091658000073949,63,1.1842455799161828,1.1841948710715984
req_0137,24,18.85798454284668,19.002037000063865,64,14.877599716186523,15.025544999843987,64,1.2675421373468987,1.264648769829059
req_0137,25,18.88947105407715,19.05749900015508,65,14.510080337524414,14.66722000009213,65,1.3018171240049736,1.2993259117975577
req_0137,26,17.364992141723633,17.5310160002482,66,14.554112434387209,14.708869000060076,66,1.1931330213373312,1.1918670293532831
req_0137,27,17.395296096801758,17.557467999722576,67,14.58790397644043,14.740739999979269,67,1.1924465725093396,1.191084572399165
req_0137,28,17.512096405029297,17.677818999800365,68,14.216256141662598,14.37464299988278,68,1.2318360214197188,1.2297918633488512
req_0137,29,17.62201690673828,17.794272999708483,69,14.617600440979004,14.781321000100434,69,1.2055341762753817,1.2038350969840637
req_0137,30,18.372608184814453,18.545928000094136,70,14.358271598815918,14.53077599990138,70,1.2795835528232788,1.276320548897045
req_0137,31,17.684480667114258,17.854673999863735,71,14.797823905944824,14.93485400010286,71,1.195073058006168,1.1955037524799885
req_0137,32,17.521535873413086,17.671100000370643,72,15.149984359741213,15.29857099990295,72,1.1565382153115558,1.1550817393652482
req_0137,33,17.64454460144043,17.803382000238344,73,14.509087562561035,14.657538999927056,73,1.2161029785890924,1.214622864065171
req_0137,34,17.52057647705078,17.69609099937952,74,14.71180820465088,14.852373000167065,74,1.1909193100758313,1.1914655657503666
req_0784,2,18.55897521972656,18.841953999981342,1932,15.359807968139648,15.555556999970577,1932,1.2082817218954065,1.2112683589547442
req_0784,3,18.05897521972656,18.244711999614083,1933,14.905344009399414,15.06268700018154,1933,1.2115772174287587,1.2112521490617305
req_0784,4,17.952959060668945,18.11610799995833,1934,15.137632369995115,15.295410999897284,1934,1.1859819700902632,1.184414593375751
req_0784,5,17.980192184448242,18.152020000343327,1935,15.220735549926758,15.377274000002217,1935,1.1812958792608919,1.1804445963790924
req_0784,6,18.908159255981445,19.084667999777597,1936,15.01046371459961,15.149267999959193,1936,1.2596652319002526,1.2597749277277954
req_0784,7,18.18828773498535,18.364765000114858,1937,14.90841579437256,15.066146999970442,1937,1.2200013727716688,1.2189423745932444
req_0784,8,18.48912048339844,18.67178000065905,1938,15.177727699279783,15.33137199999146,1938,1.2181744757666058,1.217880565462077
req_0784,9,18.42716789245605,18.58555799935857,1939,15.492863655090332,15.65284900016195,1939,1.1893971510167924,1.1873594384745088
req_0784,10,18.23753547668457,18.405685999823618,1940,14.886783599853516,15.05061700004262,1940,1.2250823258332328,1.222919033802501
req_0784,11,18.417312622070312,18.62972900016757,1941,14.879743576049805,15.016565999985689,1941,1.2377439522354754,1.2406118016719216
req_0784,12,18.399232864379883,18.622940000568637,1942,15.607775688171388,15.750039999829824,1942,1.178850416098948,1.182405886002185
req_0784,13,17.839168548583984,18.015976999777195,1943,14.88691234588623,15.031836000162002,1943,1.1983121908764085,1.198521391504207
req_0784,14,17.993791580200195,18.16041900019627,1944,14.67801570892334,14.81725199982975,1944,1.2259008259039446,1.2256266546863706
req_0784,15,17.931264877319336,18.116008999641053,1945,14.819328308105469,14.966994000133129,1945,1.209991742170378,1.2103972914988752
req_0784,16,18.34489631652832,18.508967000343542,1946,14.715904235839844,14.859153999850603,1946,1.246603404216932,1.2456272409943148
req_0784,17,18.20969581604004,18.40742500007764,1947,14.728863716125488,14.907263000168314,1947,1.236327266447829,1.234795750223888
req_0784,18,18.35724830627441,18.55372799946053,1948,14.759936332702637,14.901214000019536,1948,1.2437213747054885,1.2451151966166116
req_0784,19,17.9085750579834,18.09694799976569,1949,15.003552436828612,15.145328000016889,1949,1.1936223193397815,1.194886502276181
req_0784,20,17.913856506347656,18.0848079999123,1950,14.889984130859377,15.033135999829028,1950,1.203080966971706,1.2029963674989688
req_0784,21,18.88876724243164,19.053048000387207,1951,15.371392250061035,15.543326000170056,1951,1.2288260513524167,1.2258025084321562
req_0784,22,18.2159366607666,18.386104999990494,1952,14.783103942871094,14.955845999793382,1952,1.2322132571861497,1.229359074721985
req_0784,23,18.285568237304688,18.452285999956075,1953,14.653440475463867,14.795501000207878,1953,1.2478685990448835,1.2471551993877612
req_0784,24,17.699615478515625,17.87578299990855,1954,14.436063766479492,14.601765999941565,1954,1.2260693610687765,1.224220618244402
req_0784,25,17.756032943725586,17.935096000655903,1955,15.625215530395508,15.810172999863426,1955,1.136370433366825,1.1344022611777136
req_0260,2,17.567903518676758,17.72978000008152,64,15.133695602416992,15.297760000066774,64,1.1608468929341356,1.1589788308879294
req_0260,3,17.600160598754883,17.748721999851114,65,15.26649570465088,15.402993999941827,65,1.1528618577079912,1.1522903923690515
req_0260,4,18.65318489074707,18.83551399987482,66,14.444543838500977,14.595138000004226,66,1.2913654525405114,1.290533463943223
req_0260,5,17.724416732788086,17.886233999888645,67,14.610495567321776,14.800210999965202,67,1.2131290585673897,1.2085120948566679
req_0260,6,17.791519165039062,17.966295999940485,68,14.640192031860352,14.78532000010091,68,1.2152517621572665,1.2151442105965826
req_0260,7,17.83500862121582,17.978526000661077,69,14.90227222442627,15.059517000054257,69,1.1967979347459854,1.1938315153531354
req_0260,8,17.663999557495117,17.827082999247068,70,15.445023536682127,15.609267999934673,70,1.1436693194764576,1.1420832161586103
req_0260,9,17.668224334716797,17.81888300047285,71,14.677696228027344,14.828940999905171,71,1.2037464231599904,1.201628828423203
req_0260,10,18.71855926513672,18.877094999879773,72,14.496576309204102,14.640628000051947,72,1.2912400049418575,1.2893637485914398
req_0260,11,17.389440536499023,17.568238000421843,73,14.763680458068848,14.938224999923476,73,1.177852676091693,1.1760592707976911
req_0260,12,17.685504913330078,17.844132999925932,74,14.796128273010254,14.995644000009634,74,1.1952792370413794,1.1899544294272704
req_0260,13,17.233919143676758,17.382693999934418,75,14.631936073303224,14.850711999997657,75,1.1778290348821983,1.1704956637726973
req_0260,14,17.18988800048828,17.34037299956981,76,15.148832321166992,15.387084000167306,76,1.134733531670912,1.1269434156193119
req_0260,15,17.497663497924805,17.667660000370233,77,15.336447715759276,15.493344999867986,77,1.1409202327827668,1.1403386422054613
req_0260,16,17.317888259887695,17.464874999859603,78,15.172415733337402,15.321232000133024,78,1.1414061257124783,1.1399132262802343
req_0260,17,18.18828773498535,18.34221399985836,79,14.619647979736328,14.794580999932805,79,1.2440988839262999,1.2397927322133466
req_0260,18,17.581663131713867,17.725862000588677,80,14.689151763916016,14.848923000045032,80,1.196914799049413,1.1937473176024227
req_0260,19,17.404895782470703,17.5683969991951,81,14.742207527160645,14.89610199996605,81,1.1806166580143709,1.1793955894793915
req_0260,20,17.577983856201172,17.72822100065241,82,14.972928047180176,15.128018000041266,82,1.173984393754674,1.1718799515312617
req_0260,21,18.55619239807129,18.72838100007357,83,15.148032188415527,15.315802000031908,83,1.2249902936080475,1.2228142541954088
req_0260,22,17.727487564086914,17.88656499957142,84,15.97436809539795,16.15153900002042,84,1.1097457788764753,1.1074217137790279
req_0260,23,17.480703353881836,17.6434490003885,85,14.535615921020508,14.68864899993605,85,1.2026118087367956,1.201162135501047
req_0260,24,18.189599990844727,18.386063999969338,86,14.659199714660645,14.809650999950463,86,1.2408317196642962,1.241492051367776
req_0260,25,18.134016036987305,18.321003999517416,87,14.351167678833008,14.489155000092069,87,1.263591677193887,1.264463248505589
req_0260,26,17.414976119995117,17.570707999766455,88,14.667776107788086,14.822621999883268,88,1.1872949240579396,1.1853981029742802
req_0260,27,17.393407821655273,17.55087700075819,89,14.782464027404783,14.95273399996222,89,1.1766243969483123,1.1737570534460477
req_0260,28,17.215839385986328,17.356063000079303,90,15.355008125305176,15.52594500003579,90,1.1211872534026528,1.1178748217927665
req_0260,29,17.36479949951172,17.511976999230683,91,15.330944061279297,15.48125599993,91,1.1326634178627815,1.1311728841193418
req_0260,30,17.39366340637207,17.536988000756537,92,14.86233615875244,15.019276000202808,92,1.1703182609100744,1.167632048343724
req_0260,31,17.787839889526367,17.932584999471146,93,14.926079750061035,15.060165999784658,93,1.1917288522764076,1.1907295709574224
req_0260,32,18.77987289428711,18.931415999759334,94,14.636032104492188,14.781971000047632,94,1.283125970222699,1.2807098593075532
req_0260,33,17.360992431640625,17.51046600020345,95,15.130623817443848,15.264670000078697,95,1.1474075782404571,1.1471237832270973
req_0260,34,17.127424240112305,17.2893919998387,96,14.763936042785645,14.902593999977398,96,1.1600852367876229,1.1601599023542426
req_0260,35,17.492799758911133,17.649529000664188,97,14.506879806518556,14.651117000084923,97,1.2058278549361714,1.2046541571241214
req_0260,36,17.399808883666992,17.560927999511478,98,14.556991577148438,14.691000999846436,98,1.1952887924302442,1.1953527196475613
req_0260,37,17.291231155395508,17.430515000341984,99,14.173983573913574,14.30780999999115,99,1.2199274159749314,1.2182517799965729
req_0260,38,17.233951568603516,17.401913999492535,100,14.32431983947754,14.445704000081603,100,1.2031252975172397,1.2046428474094604
req_0260,39,17.65990447998047,17.814584000007017,101,14.34182357788086,14.495995000061155,101,1.2313569738242371,1.228931439334234
req_0260,40,17.79916763305664,17.976155000724248,102,14.248640060424805,14.400324000007458,102,1.249183610335791,1.248316010161642
req_0260,41,17.354751586914062,17.543347999890102,103,14.643199920654297,14.817870999877414,103,1.1851748033867318,1.1839317537610656
req_0260,42,17.64441680908203,17.79093200002535,104,14.28991985321045,14.43481299997984,104,1.2347456801948362,1.2325017303688102
req_0260,43,17.485824584960938,17.636028999731934,105,14.52348804473877,14.6521390001908,105,1.2039686699983407,1.2036487641498812
req_0260,44,18.165760040283203,18.316243999834118,106,14.321663856506348,14.44818399977521,106,1.2684112839326611,1.267719458730529
req_0260,45,17.593952178955078,17.747081000379694,107,14.620672225952148,14.751620000197365,107,1.2033613712866953,1.2030597995435248
req_0260,46,17.23904037475586,17.416074999346165,108,14.615232467651367,14.7494899999856,108,1.1795255677877103,1.1807916747876142
req_0260,47,17.662336349487305,17.84978300020157,109,14.739456176757812,14.8640830000204,109,1.1983031217487177,1.2008667470557768
req_0260,48,17.590272903442383,17.74506099991413,110,14.60588836669922,14.73945999987336,110,1.2043274918865892,1.2039152723414965
req_0260,49,17.598495483398438,17.75639300012699,111,15.428352355957031,15.562606000003145,111,1.1406594221711235,1.1409652727906499
req_0260,50,17.608415603637695,17.780781000510615,112,14.303232192993164,14.435284000001047,112,1.2310794767258038,1.23175830835814
req_0260,51,17.61280059814453,17.769031999705476,113,14.395392417907717,14.531265999949028,113,1.2235026379853593,1.2228137589503767
req_0260,52,17.617919921875,17.804803000217362,114,14.416895866394045,14.551976000120703,114,1.2220328207365763,1.2235316358458588
req_0260,53,17.80531120300293,17.998067000007723,115,14.295040130615234,14.44140399985372,115,1.245558672120819,1.2462823559392169
req_0260,54,17.348127365112305,17.52421599940135,116,14.527711868286133,14.667039000187287,116,1.19414037959984,1.1948025773421327
req_0260,55,18.16886329650879,18.32950400057598,117,14.823424339294434,14.985114999944926,117,1.2256859738101238,1.2231807363936376
req_0260,56,17.381183624267578,17.548557999361947,118,14.56287956237793,14.70431899997493,118,1.1935265652522815,1.1934288149891108
req_0260,57,17.967103958129883,18.118008000783448,119,14.252032279968262,14.383941999994931,119,1.2606696087394698,1.2595996285851148
req_0260,58,17.751039505004883,17.915525999342208,120,14.24998378753662,14.410874000077456,120,1.2456884000478914,1.2431949650830278
req_0260,59,17.279903411865234,17.431674000363273,121,14.350943565368652,14.49380500002917,121,1.2040952800876923,1.2026982562776436
req_0260,60,17.413408279418945,17.561577999913425,122,14.46399974822998,14.602577000005112,122,1.2039137570885188,1.2026355348037046
req_0260,61,17.556480407714844,17.716579999614623,123,14.319616317749023,14.442132999874955,123,1.2260440516100812,1.2267287664341562
req_0260,62,17.676288604736328,17.84657400003198,124,15.559103965759276,15.697691000013949,124,1.1360736867390508,1.136891661328798
req_0260,63,17.683456420898438,17.84438400045474,125,14.56230354309082,14.714178000076572,125,1.2143309860676863,1.212734003922059
req_0260,64,18.99286460876465,19.157038999765064,126,14.529536247253418,14.675508999971498,126,1.3071900083772428,1.3053747573458794
req_0260,65,17.579776763916016,17.738722000103735,127,14.625215530395508,14.745349999884638,127,1.2020183037562804,1.2030044726128926
req_0260,66,18.608064651489254,18.77771199997369,128,14.609408378601074,14.744491000101334,128,1.2737041890584122,1.27354087705331
req_0260,67,17.71843147277832,17.86792399980186,129,14.576640129089355,14.710908999859384,129,1.2155360436880898,1.214603665889895
req_0260,68,17.658016204833984,17.80379299998458,130,15.39686393737793,15.548626000054355,130,1.1468579755366162,1.1450396324358398
req_0260,69,17.623199462890625,17.82810300028359,131,15.001791954040527,15.1500090000809,131,1.1747396255648017,1.1767717761876175
req_0260,70,17.61587142944336,17.809582999689155,132,14.645248413085938,14.784899999995105,132,1.2028386909233364,1.2045791990270514
req_0260,71,17.220863342285156,17.367262999869126,133,14.856191635131836,15.00204500007385,133,1.1591707865131033,1.1576597057123634
req_0260,72,17.83603286743164,17.987836999964202,134,14.81116771697998,14.945123999950738,134,1.2042286744875532,1.2035923556086583
req_0260,73,17.554431915283203,17.708500000480853,135,15.027039527893066,15.175329999919995,135,1.1681896412595982,1.1669268477571304
req_0260,74,17.96169662475586,18.11267900029634,136,15.22268772125244,15.354172000115796,136,1.179929389189235,1.179658466777612
req_0260,75,17.956480026245117,18.101869999554765,137,14.793888092041016,14.93296399985411,137,1.2137769269665861,1.2122087751454844
req_0260,76,17.90665626525879,18.05637600045884,138,14.350560188293455,14.493756000092617,138,1.2478018997381188,1.2458037792511105
req_0260,77,18.72508811950684,18.888155999775336,139,14.36956787109375,14.519164999910572,139,1.3031072532928971,1.300912001474718
req_0260,78,17.43052864074707,17.585996999514464,140,14.68166446685791,14.80814100000316,140,1.1872310990415555,1.187589785882692
req_0260,79,17.536767959594727,17.68929100035166,141,14.821375846862791,14.977945000055117,141,1.1832078304192453,1.1810225635283456
req_0260,80,17.737728118896484,17.900175000249874,142,14.783488273620604,14.938834000076897,142,1.1998337463119157,1.1982310667725296
req_0260,81,17.872608184814453,18.03331700011768,143,14.637056350708008,14.788700999815774,143,1.2210520856504006,1.2193983095839402
req_0260,82,17.711776733398438,17.883264999909443,144,14.968832015991213,15.122677000135807,144,1.1832437370181546,1.182546251549831
req_0260,83,17.56332778930664,17.727789999298693,145,15.079392433166504,15.223470999899291,145,1.1647238353368152,1.1645038112146677
req_0260,84,17.812320709228516,17.97893599996314,146,14.794912338256836,14.941714000087812,146,1.2039490537006585,1.2032713248197282
req_0260,85,17.530624389648438,17.716341000777902,147,14.705663681030272,14.844591999917611,147,1.192100184656219,1.1934542223104703
req_0260,86,17.201152801513672,17.361113999868394,148,14.771200180053713,14.935903000150574,148,1.164506105925045,1.162374581549798
req_0260,87,17.352703094482422,17.5362669997412,149,14.896544456481934,15.049976999989669,149,1.164881100121964,1.165202245807634
req_0260,88,18.0766716003418,18.236081000395643,150,14.877535820007324,15.01568599996972,150,1.2150312940959132,1.2144687229362958
req_0260,89,18.430816650390625,18.592669000099704,151,15.453184127807615,15.58307599998443,151,1.192687312721838,1.1931321518369211
req_0260,90,17.766080856323242,17.918854999152245,152,14.572416305541992,14.72076000004563,152,1.2191582016200482,1.2172506717789504
req_0260,91,17.299039840698242,17.47033600076975,153,14.385151863098145,14.538105999918116,153,1.2025621978364385,1.2016927102380563
req_0260,92,17.723039627075195,17.888373999994656,154,14.438048362731934,14.58251700000801,154,1.2275232207160778,1.226700027161623
req_0260,93,17.55708885192871,17.714490999424015,155,14.706591606140137,14.855061999924146,155,1.193824464711352,1.192488526773868
req_0260,94,17.34115219116211,17.486237000412075,156,14.77939224243164,14.93023400007587,156,1.1733332404140175,1.1711964461054807
req_0260,95,17.61801528930664,17.766101000233903,157,14.8602876663208,14.999765000084151,157,1.1855770012606097,1.1844252893384817
req_0260,96,17.930240631103516,18.079728999509825,158,14.636032104492188,14.78176099999473,158,1.2250752460156362,1.223110629343572
req_0260,97,18.112512588500977,18.26834100029373,159,14.57151985168457,14.704468999980236,159,1.2430077831865316,1.2423665893898164
req_0260,98,17.347328186035156,17.524576999676356,160,14.443488121032717,14.616517999911594,160,1.2010483922352417,1.1989570292857952
req_0260,99,17.328128814697266,17.480065999734506,161,14.629887580871582,14.836392000006526,161,1.184433490613667,1.1781884706016676
req_0260,100,19.51398468017578,19.665010000608163,162,14.696255683898926,14.861302000099386,162,1.327820167252201,1.3232360125967868
req_0260,101,17.684480667114258,17.832644000009168,163,14.606240272521973,14.748899999858622,163,1.2107483060088524,1.2090829824719203
req_0260,102,17.786880493164062,17.940695000106643,164,15.791104316711426,15.939925000111543,164,1.1263861055202165,1.1255194111629194
req_0260,103,18.171520233154297,18.3810149992496,165,14.84828758239746,14.97821499992824,165,1.2238125192763984,1.227183279138246
req_0260,104,17.76006317138672,17.981916000280762,166,14.387200355529783,14.519965000090451,166,1.2344349652822177,1.2384269521427045
req_0260,105,17.333248138427734,17.48035600030562,167,14.529536247253418,14.674979999881543,167,1.1929663716351797,1.1911672793044161
req_0260,106,17.666912078857422,17.856943999504438,168,14.64627170562744,14.779970000063258,168,1.2062395423177479,1.2081854022320755
req_0260,107,17.82169532775879,17.97813600023801,169,14.445599555969238,14.602946999957569,169,1.2337110175807464,1.2311306752185192
req_0670,2,19.119104385375977,19.364753999980167,1141,15.281824111938477,15.527055999882576,1141,1.251100931755898,1.2471619861567198
req_0670,3,18.47088050842285,18.631330000062007,1142,15.17568016052246,15.34120300016184,1142,1.217136913340624,1.2144634289674323
req_0670,4,18.09612846374512,18.26288200027193,1143,16.321535110473633,16.486447000033877,1143,1.1087271106093888,1.1077512334970903
req_0670,5,18.08038330078125,18.24449200012168,1144,14.968832015991213,15.125916999977562,1144,1.2078686754895749,1.2061742769148307
req_0670,6,18.82521629333496,19.01010699930339,1145,15.38047981262207,15.556177000007663,1145,1.22396807659316,1.2220294870194666
req_0670,7,17.945600509643555,18.09957800014672,1146,14.972000122070312,15.1429789998474,1146,1.198610764315306,1.195245532621363
req_0670,8,17.900543212890625,18.0599280001843,1147,14.83071994781494,14.99237500001982,1147,1.2069908457497354,1.2046075421779687
req_0670,9,17.40185546875,17.551928000102635,1148,15.082464218139648,15.265681000073528,1148,1.1537806565999225,1.1497638395573768
req_0670,10,17.358495712280273,17.527795999740192,1149,15.595808029174805,15.771812999901158,1149,1.1130231713424557,1.111336787967879
req_0670,11,18.11968040466309,18.27158200012491,1150,15.465472221374512,15.647907000129637,1150,1.1716215415407911,1.1676693886264493
req_0670,12,17.382335662841797,17.534526999952504,1151,15.230976104736328,15.407734999826062,1151,1.1412489615446555,1.1380340458964573
req_0670,13,17.588096618652344,17.747791999681795,1152,14.747648239135742,14.911094000126468,1152,1.1926034804640187,1.190240769693442
req_0670,14,17.499488830566406,17.644849000134855,1153,14.777440071105955,14.935184000023582,1153,1.184202997702073,1.1814282971074874
req_0670,15,17.804288864135742,17.95440600017173,1154,15.00864028930664,15.19319999988511,1154,1.186269276959149,1.181739594049147
req_0038,2,17.582080841064453,17.732420000356797,37,14.86131191253662,15.013496000165103,37,1.1830773046511904,1.1810986595102029
req_0038,3,17.762048721313477,17.920016000061878,38,14.994367599487305,15.143387999842162,38,1.1845813838738224,1.183355798599934
req_0038,4,17.747968673706055,17.919423999956052,39,14.792672157287598,14.946294000083071,39,1.1997811135807896,1.198920882986542
req_0038,5,17.728416442871094,17.904434999763907,40,15.20195198059082,15.357402000063304,40,1.1661934247329522,1.165850512976746
req_0038,6,17.907712936401367,18.085628999870096,41,15.400959968566896,15.5626470000243,41,1.162766020621488,1.1621177939615193
req_0038,7,17.72969627380371,17.886384000121325,42,15.250432014465332,15.413503999980094,42,1.162570100111705,1.160435939819033
req_0038,8,18.1278076171875,18.284163000316767,43,15.70201587677002,15.88159299990366,43,1.1544891916716413,1.1512801644285735
req_0038,9,17.661951065063477,17.8481519997149,44,15.871999740600586,16.037726000149632,44,1.1127741528299169,1.112885455179143
req_0038,10,19.04025650024414,19.2202919997726,45,14.796799659729004,14.958694999904765,45,1.2867820703191744,1.2848909614037165
req_0038,11,17.556447982788086,17.714471000545018,46,15.347328186035156,15.50230499992722,46,1.1439416535552458,1.1426991663903001
req_0038,12,18.07872009277344,18.238490999465284,47,15.130720138549805,15.283951000128582,47,1.1948354028908887,1.1933099628042414
req_0038,13,17.816160202026367,17.97143700059678,48,14.81612777709961,14.977244999954564,48,1.2024842435257426,1.1999160727257447
req_0038,14,17.594335556030273,17.741351000040595,49,14.83737564086914,15.007714999910604,49,1.1858118296585525,1.1821487148540784
req_0038,15,18.38387107849121,18.53999699960696,50,14.563072204589844,14.71848999995018,50,1.2623621458593857,1.2596398815143208
req_0038,16,17.947647094726562,18.09729900014645,51,14.819071769714355,14.983135000193217,51,1.2111181708024423,1.2078446199619155
req_0038,17,17.969152450561523,18.135119000362465,52,14.841856002807615,15.01119599993217,52,1.2107079092508592,1.2081062028931213
req_0038,18,17.858816146850586,18.027937999249843,53,14.833663940429688,15.010435000021973,53,1.2039382999756207,1.2010270188188052
req_0038,19,18.330303192138672,18.513976000576804,54,14.943231582641602,15.112656999917816,54,1.2266625924095007,1.2250642624045187
req_0038,20,18.5022087097168,18.68626099985704,55,15.086591720581056,15.254971000103978,55,1.2264008367427466,1.2249293033549309
req_0038,21,19.487743377685547,19.693770999765547,56,14.81926441192627,14.982335000013336,56,1.3150277123068383,1.314466069524411
req_0038,22,17.87785530090332,18.030928000371205,57,16.00022315979004,16.164168999921458,57,1.1173503720768054,1.1154874711133507
req_0038,23,17.502431869506836,17.66082899939647,58,14.641152381896973,14.798020999933216,58,1.1954272049751826,1.1934588415218612
req_0038,24,17.983327865600586,18.152350000491424,59,14.827967643737791,14.979584000002433,59,1.2127978896147227,1.2118060154733588
req_0682,2,18.961376190185547,19.26774299954559,1239,14.768095970153809,14.988984999945387,1239,1.283941831669182,1.2854601562157673
req_0682,3,17.933984756469727,18.131278000510065,1240,14.557184219360352,14.729081000041331,1240,1.2319679744533558,1.2309850153216746
req_0682,4,19.13107109069824,19.3273639997642,1241,14.509056091308594,14.656938000143782,1241,1.3185606954926852,1.3186495023431635
req_0682,5,17.925119400024414,18.104648999724304,1242,14.457856178283691,14.669038999954864,1242,1.2398186272560034,1.234208253163688
req_0682,6,18.0316162109375,18.19650100060244,1243,14.453760147094728,14.592007999908674,1243,1.247538081954538,1.247018299381163
req_0682,7,17.97292709350586,18.13828899958025,1244,14.886752128601074,15.042576000041665,1244,1.207310159949227,1.2057967331878536
req_0682,8,18.46886444091797,18.655300000318675,1245,14.816096305847168,14.948785000115096,1245,1.2465405232030813,1.2479475756842473
req_0682,9,18.495744705200195,18.7048509997112,1246,14.876255989074709,15.020494999816949,1246,1.2433064286325592,1.245288587356086
req_0682,10,18.329439163208008,18.51239699954021,1247,14.640128135681152,14.782632000105878,1247,1.2519999137531597,1.252307234557934
req_0682,11,17.88991928100586,18.077168000672827,1248,15.28831958770752,15.438805000030698,1248,1.1701691070999156,1.1708916590783343
req_0682,12,17.86569595336914,18.029707000096096,1249,14.540800094604492,14.691588999994565,1249,1.2286597599260294,1.2272128630948473
req_0682,13,18.603967666625977,18.777582999973674,1250,14.568448066711426,14.698360000011236,1250,1.2770040831689973,1.2775291256956096
req_0682,14,18.36742401123047,18.53723799922591,1251,14.393343925476074,14.546334999977262,1251,1.2761054072167561,1.2743579739676616
req_0682,15,19.20512008666992,19.375874000616022,1252,15.020031929016112,15.17257000000427,1252,1.2786337723802663,1.2770330933131677
req_0682,16,18.352127075195312,18.52985799996532,1253,14.817184448242188,15.025086999912672,1253,1.2385704679118366,1.2332612782923
req_0682,17,18.16166305541992,18.354542999986734,1254,14.701567649841309,14.874542000143265,1254,1.2353555408504997,1.2339568505578156
req_0682,18,17.99577522277832,18.18162099971232,1255,14.647135734558104,14.794951999874684,1255,1.228620772614233,1.228907062345746
req_0682,19,17.947296142578125,18.12975800021377,1256,14.69644832611084,14.839041999948677,1256,1.2211995540916902,1.2217606770219045
req_0701,2,18.265087127685547,18.52457800032425,1345,15.16102409362793,15.36505300009594,1345,1.2047396676430475,1.2056305956255784
req_0701,3,17.917951583862305,18.08312899993325,1346,14.936063766479492,15.089316999819856,1346,1.199643484655908,1.1984060643797951
req_0701,4,17.980224609375,18.120828000064648,1347,15.50438404083252,15.63599900009649,1347,1.159686483643728,1.158917188467
req_0701,5,18.35929679870605,18.61454999925627,1348,14.957728385925291,15.105378000043856,1348,1.2274120992851776,1.232312756370759
req_0701,6,18.152000427246094,18.354542999986734,1349,15.146944046020508,15.2906719999919,1349,1.1983935751063326,1.2003751699072778
req_0701,7,17.98726463317871,18.16011000028084,1350,15.033344268798828,15.16512800003511,1350,1.1964912338574352,1.1974913762837212
req_0701,8,19.00534439086914,19.179161000465683,1351,14.87775993347168,15.005965999989712,1351,1.2774331939656658,1.2781023894415615
req_0701,9,17.650720596313477,17.812301999583724,1352,14.882816314697266,15.0313560000086,1352,1.1859798725650343,1.1850096557871115
req_0701,10,17.578752517700195,17.75910299966199,1353,15.101792335510254,15.241560999811554,1353,1.164017629640267,1.1651761259808995
req_0701,11,17.737728118896484,17.89804300005926,1354,14.569408416748049,14.691609999999857,1354,1.2174638538175881,1.2182492592751533
req_0701,12,18.371583938598636,18.55741899998975,1355,14.48915195465088,14.645847000110734,1355,1.2679543976141083,1.2670772130727188
req_0701,13,18.11968040466309,18.294832000719907,1356,15.507424354553224,15.65654999990329,1356,1.1684519614853297,1.168509793079121
req_0701,14,17.86675262451172,18.026516999270825,1357,14.374815940856934,14.526886000112428,1357,1.2429204448962579,1.2409071702725079
req_0701,15,18.5927677154541,18.76263200028916,1358,14.432255744934082,14.577776999885828,1358,1.288278703208292,1.287070861382782
req_0701,16,18.091840744018555,18.29698300025484,1359,14.56441593170166,14.729420000094253,1359,1.2421947319314686,1.2422066177852054
req_0701,17,18.93564796447754,19.151739999870188,1360,14.799712181091309,14.93112299999666,1360,1.2794605552309635,1.2826724419773698
req_0701,18,17.89027214050293,18.062748000374995,1361,14.64508819580078,14.798853000002056,1361,1.2215885559250268,1.2205505386378583
req_0701,19,18.82624053955078,18.98004699978628,1362,14.638079643249512,14.773269999977856,1362,1.2861140940869713,1.284755981567705
req_0701,20,17.58412742614746,17.730439999468217,1363,14.714879989624023,14.847293000002535,1363,1.1949895234311556,1.1941867113059053
req_0701,21,17.857248306274414,18.04370800073229,1364,15.08454418182373,15.224771000021065,1364,1.1838109319731174,1.1851546404676514
req_0701,22,17.92064094543457,18.090617999405367,1365,14.839776039123535,14.977163999901675,1365,1.207608585074913,1.2078800765968865
req_0701,23,17.54300880432129,17.682771000181674,1366,14.59507179260254,14.73406100012653,1366,1.2019816725542178,1.2001288035952764
req_0701,24,17.112064361572266,17.266541000026336,1367,14.640095710754396,14.772240999946009,1367,1.1688492138068467,1.1688504811212763
req_0701,25,17.417152404785156,17.58323800004291,1368,15.17024040222168,15.320771999995486,1368,1.148113144089293,1.14767310681525
req_0701,26,17.453632354736328,17.610668999623158,1369,15.584256172180176,15.724491000128182,1369,1.1199528653727613,1.1199516092113633
req_0701,27,18.30502319335937,18.460386000697326,1370,14.695199966430664,14.8523519999344,1370,1.245646417549601,1.2429267769023291
req_0701,28,17.32681655883789,17.484515999967698,1371,14.560256004333496,14.70807999999124,1371,1.1900076862440465,1.1887694382936531
req_0701,29,17.64352035522461,17.79485199949704,1372,15.887359619140623,16.033466999942902,1372,1.1105382378307982,1.1098567764264842
req_0701,30,17.687551498413086,17.837563999819395,1373,15.029600143432615,15.167578000045978,1373,1.1768477756969402,1.1760324555288473
req_0701,31,17.953439712524414,18.1116280000424,1374,14.720000267028809,14.84606300004998,1374,1.219663001823319,1.2199616827694606
req_0701,32,17.663999557495117,17.821213000388525,1375,14.600192070007324,14.725300000009156,1375,1.209847067271236,1.2102444772179477
req_0701,33,18.02649688720703,18.19452099971386,1376,14.671744346618652,14.816661999930147,1376,1.228653966517726,1.2279770571671025
req_0701,34,17.65340805053711,17.826443000558356,1377,14.691328048706056,14.836081999874295,1377,1.2016209829370694,1.2015600210830188
req_0701,35,17.589248657226562,17.777932999706536,1378,14.357503890991213,14.502405000030194,1378,1.225090990103311,1.2258610209595941
req_0701,36,17.527551651000977,17.69508899997163,1379,14.223360061645508,14.36859400018875,1379,1.2323073855287894,1.2315115173926678
req_0701,37,17.695743560791016,17.859263999525865,1380,14.47321605682373,14.626917999976286,1380,1.2226545566179088,1.2209861297885733
req_0701,38,17.99782371520996,18.17665000089619,1381,14.852095603942873,15.00616499993157,1381,1.2118036535148597,1.211278831132343
req_0701,39,17.752063751220703,17.923245999554638,1382,16.14396858215332,16.321102999881987,1382,1.09960965675101,1.098163892457773
req_0701,40,18.23436737060547,18.407343999570003,1383,15.138143539428713,15.402743000095144,1383,1.2045312771088708,1.1950692158829306
req_0701,41,18.974624633789062,19.15024000027188,1384,15.013888359069824,15.220970999962448,1384,1.2638048305671978,1.258148379647995
req_0701,42,18.63382339477539,18.7940730002083,1385,15.10604763031006,15.266510999936145,1385,1.2335340024605046,1.2310653691787803
req_0701,43,18.323007583618164,18.49249600036273,1386,14.767104148864746,14.916904000074284,1386,1.2407989676856708,1.2397006778531685
req_0701,44,17.778688430786133,17.935325999133056,1387,14.969792366027832,15.11471799994979,1387,1.1876376102004431,1.186613339342
req_0701,45,18.311168670654297,18.48148600038257,1388,14.463775634765623,14.6199069999966,1388,1.2660019854456916,1.2641315707676437
req_0111,2,18.10201644897461,18.279372000506555,40,14.941184043884276,15.093318000026557,40,1.2115516679137706,1.2110903646550344
req_0111,3,19.70863914489746,19.864335999955077,41,14.949119567871094,15.100246999963929,41,1.31838126355318,1.3154974219959799
req_0111,4,17.629152297973633,17.80677199985803,42,14.540800094604492,14.666288999933386,42,1.2123921780972082,1.2141293547358099
req_0111,5,17.55516815185547,17.721381000228575,43,14.31651210784912,14.449753999997483,43,1.2262182310613725,1.2264140275489577
req_0111,6,17.666015625,17.85011299944017,44,14.600192070007324,14.755652000076225,44,1.2099851522700644,1.209713606646996
req_0111,7,17.303552627563477,17.487406999862287,45,14.724096298217772,14.867882000089594,45,1.1751860540098429,1.1761868300916638
req_0111,8,18.775007247924805,18.94300500043755,46,14.429856300354004,14.615507999906184,46,1.3011222604804598,1.2960894004203718
req_0111,9,18.085887908935547,18.275792000167712,47,15.25551986694336,15.404343999989578,47,1.1855307499631795,1.1864050815912757
req_0111,10,18.120864868164062,18.284932999449666,48,15.598464012145996,15.752300000031028,48,1.1617082844858289,1.1607786164187863
req_0111,11,17.91244888305664,18.078628000694152,49,14.657055854797363,14.803141999891524,49,1.2221041565584103,1.2212696467295003
req_0111,12,18.146560668945312,18.31921299981332,50,15.046624183654783,15.193041000202356,50,1.2060220583337227,1.2057634149456535
req_0111,13,18.540063858032227,18.712211000092797,51,14.596960067749023,14.762779999955455,51,1.2701318474519376,1.2675262382931438
req_0033,2,17.463071823120117,17.621320000216656,37,14.496543884277344,14.639608000152291,37,1.2046369094953873,1.2036743060356088
req_0033,3,17.523712158203125,17.67104900045524,38,15.152959823608398,15.314732999968328,38,1.1564547363810125,1.153859424156581
req_0033,4,17.270751953125,17.434175999369472,39,15.221759796142578,15.375442000049588,39,1.1346094133939537,1.1338975490469312
req_0033,5,17.318111419677734,17.461424999964947,40,15.278079986572266,15.441244999919943,40,1.1335266888835789,1.1308301241289467
req_0033,6,18.321184158325195,18.475946000762637,41,15.034111976623535,15.213850999998613,41,1.2186409271670127,1.214416126512894
req_0033,7,17.647615432739258,17.82101199933095,42,14.821375846862791,15.003324999952383,42,1.1906867226820033,1.1878041700348094
req_0033,8,18.750431060791016,18.92852499986475,43,15.48355197906494,15.634268999974664,43,1.2109902873799998,1.2107073889988347
req_0779,2,19.39967918395996,19.62216999982047,1904,15.50438404083252,15.71235999995224,1904,1.2512383034933054,1.2488365846938407
req_0779,3,17.83782386779785,17.998225999690476,1905,15.127264022827148,15.307011999993849,1905,1.179183746702672,1.1758157633702586
req_0779,4,18.04185676574707,18.197200000031444,1906,15.713279724121094,15.869242999997368,1906,1.1481916622442248,1.1466961593589853
req_0779,5,17.981664657592773,18.13527900048939,1907,14.72713565826416,14.860623000004123,1907,1.220988593766523,1.220357921769791
req_0779,6,17.991680145263672,18.137199000193505,1908,14.70751953125,14.837693000117724,1908,1.2232980623983267,1.2223732489983181
req_0779,7,18.1125431060791,18.337634000090475,1909,15.127360343933104,15.28772099982234,1909,1.197336659818725,1.1995008281681474
req_0779,8,18.79644775390625,18.966954999996236,1910,14.931903839111328,15.091307000147935,1910,1.2588111975830216,1.2568132766638642
req_0779,9,18.67750358581543,18.88015499935136,1911,14.630784034729004,14.7857209999529,1911,1.2765893845115035,1.2769181157558367
req_0779,10,21.319679260253903,21.579629000370915,1912,14.604288101196287,14.781112000036956,1912,1.459823245921007,1.4599462476379965
req_0779,11,18.9880313873291,19.206481999390235,1913,14.738431930541992,14.905332999887833,1913,1.2883345716026138,1.2885644352618468
req_0779,12,18.374656677246094,18.57733700035169,1914,14.620672225952148,14.77093100015736,1914,1.2567586765696386,1.2576957403804663
req_0779,13,18.93683242797852,19.126780000078725,1915,14.56332778930664,14.713359999859676,1915,1.3003094280335568,1.29996003633848
req_0779,14,18.47270393371582,18.65359899966279,1916,14.58176040649414,14.717889000166906,1916,1.266836336543344,1.2674099525720877
req_0779,15,18.35750389099121,18.557659000180134,1917,15.235679626464844,15.384793999828617,1917,1.2049021993809625,1.2062338306503722
req_0779,16,18.723840713500977,18.901264000305677,1918,14.498815536499023,14.644218000057664,1918,1.2914048507180438,1.2906980762121438
req_0779,17,18.67145538330078,18.870584999604034,1919,15.449088096618652,15.611379000119996,1919,1.2085797728985317,1.2087711789880309
req_0002,2,19.27689552307129,19.489588000396907,34,14.36627197265625,14.533057000107874,34,1.3418161343291826,1.3410521957116277
req_0002,3,19.976192474365234,20.17846999933681,35,14.426752090454102,14.66425899980095,35,1.3846631833081189,1.3760306606430444
req_0002,4,19.327808380126957,19.5327580004232,36,14.444543838500977,14.622307000081491,36,1.338069834272645,1.335819170006097
req_0002,5,18.33020782470703,18.51169699966704,37,14.667936325073242,14.79976199993871,37,1.2496787154286684,1.2508104522048196
req_0002,6,20.285343170166016,20.485797000219463,38,14.354432106018066,14.498055000103705,38,1.4131762942862385,1.4130031235274614
req_0002,7,26.47792053222656,26.731934000054025,39,14.892895698547363,15.037916999972367,39,1.7778893418832704,1.7776354265090801
req_0002,8,19.80575942993164,20.04417799980729,40,14.755776405334473,14.895482999918386,40,1.342237703112085,1.3456547867509308
req_0002,9,19.084287643432617,19.337042999723053,41,14.919648170471191,15.069277000065997,41,1.2791379143379558,1.2832097385719545
req_0002,10,21.698144912719727,21.979759000714694,42,14.681119918823242,14.834532000122636,42,1.4779625146239477,1.481661774064257
req_0002,11,20.31695938110352,20.537176999823718,43,14.544896125793455,14.7083899998961,43,1.3968445842025692,1.3962899406372005
req_0002,12,20.1778564453125,20.42542599974695,44,14.738431930541992,14.880203000075198,44,1.369063991366582,1.372657752024198
req_0002,13,19.19881629943848,19.41729500049405,45,15.504128456115724,15.642798000044422,45,1.2383034850221044,1.2412929579758627
req_0002,14,18.45043182373047,18.65416100008588,46,14.621536254882812,14.759010999796374,46,1.2618668450498154,1.2639167353654828
req_0002,15,17.890304565429688,18.0779469992558,47,15.32307243347168,15.477695000072345,47,1.1675402986642647,1.16799995084354
req_0002,16,17.825759887695312,17.99925700015592,48,14.865983963012695,15.010655999958544,48,1.199097209579042,1.1990986270157433
req_0002,17,18.43302345275879,18.595219000417277,49,14.702591896057127,14.838102000112483,49,1.253726117345478,1.2532073846288636
req_0002,18,18.14323234558105,18.32691299932776,50,14.326720237731934,14.476054999931875,50,1.2663911938335797,1.2660157065867743
req_0002,19,17.982463836669922,18.160119000640407,51,14.51315212249756,14.652588999979343,51,1.2390460518080293,1.239379539047059
req_0002,20,17.953792572021484,18.129069999304196,52,14.36774444580078,14.536696000050142,52,1.2495901941845011,1.247124518476665
req_0002,21,18.32243156433105,18.478406000213,53,14.403583526611328,14.56633799989504,53,1.272074517461537,1.2685690803238363
req_0683,2,19.66387176513672,19.924086000173705,1240,15.33631992340088,15.555346999917674,1240,1.2821766801521044,1.2808512725739356
req_0683,3,17.976032257080078,18.14718900004664,1241,14.931967735290527,15.089026999930866,1241,1.2038622488176922,1.202674566102227
req_0683,4,18.407007217407227,18.565927999588894,1242,14.827136039733888,14.975246000176412,1242,1.2414405026081887,1.239774491809362
req_0683,5,17.64441680908203,17.79876199998398,1243,15.853407859802246,16.003544999875885,1243,1.1129731200457569,1.1121762084664377
req_0683,6,17.890911102294922,18.030227999588533,1244,14.667776107788086,14.811032000125124,1244,1.2197425820261507,1.2173512284246104
req_0683,7,19.095552444458008,19.261372000073607,1245,14.441472053527832,14.591726999924504,1245,1.3222718829271463,1.3200200360226904
req_0683,8,18.374656677246094,18.52336699994339,1246,15.067232131958008,15.21429099989291,1246,1.21951108978224,1.2174978774938492
req_0683,9,17.80415916442871,17.954835000637104,1247,14.962688446044922,15.11875700020937,1247,1.1899037548385814,1.1875867176374657
req_0683,10,17.854272842407227,18.126178999409603,1248,15.251456260681152,15.3924039998401,1248,1.1706602003925513,1.1776054604334647
req_0683,11,17.564672470092773,17.722651000440237,1249,14.911168098449709,15.06890700011354,1249,1.1779541585289315,1.1761072651325475
req_0683,12,17.92790412902832,18.081297999742677,1250,14.706687927246094,14.868212000010317,1250,1.219030703426738,1.2161043977399657
req_0683,13,17.82534408569336,17.985337000027357,1251,15.320032119750977,15.49253600001066,1251,1.1635317698004348,1.1609033537191704
req_0683,14,18.22083282470703,18.37030299975595,1252,14.889984130859377,15.046127000005072,1252,1.223697262842913,1.2209323369229674
req_0683,15,17.464223861694336,17.62070000040694,1253,14.757887840270996,14.897382999834008,1253,1.183382341071759,1.1828050604997722
req_0683,16,17.560415267944336,17.71747000020696,1254,14.89510440826416,15.054108000185806,1254,1.1789387161463196,1.1769192834267084
req_0683,17,17.69081687927246,17.86182399973768,1255,14.776063919067385,14.93799299987586,1255,1.197261799635545,1.1957311802118342
req_0683,18,19.03183937072754,19.19819999966421,1256,15.616000175476074,15.811533000032796,1256,1.2187397001068059,1.214189667733318
req_0724,2,18.701311111450195,18.97011700020812,1519,14.94332790374756,15.16855999989275,1519,1.2514823493072242,1.2506208236208478
req_0724,3,18.516992568969727,18.735151999862865,1520,15.151103973388672,15.311181000015496,1520,1.2221546760878208,1.2236255322070781
req_0724,4,18.19443130493164,18.464286000380525,1521,18.71974372863769,18.863824999925782,1521,0.9719380547447121,0.9788198311028209
req_0724,5,17.82169532775879,18.01040699956502,1522,15.169535636901855,15.31570100019053,1522,1.1748345997095133,1.1759440197573046
req_0724,6,17.733631134033203,17.9077539996797,1523,15.46735954284668,15.62140900000486,1523,1.1465196166746265,1.1463597169547335
req_0724,7,17.66819190979004,17.834254000263172,1524,14.752767562866213,14.891222999949605,1524,1.1976188084371477,1.1976352781986763
req_0724,8,18.088960647583008,18.255032000524807,1525,14.799872398376465,14.94361499999286,1525,1.222237608586906,1.221594105611897
req_0724,9,17.736543655395508,17.907133999869984,1526,14.738335609436035,14.87812200002736,1526,1.203429215171346,1.203588329215008
req_0724,10,17.982559204101562,18.141699999432603,1527,15.28105640411377,15.433645000030085,1527,1.1767876990010016,1.175464383131609
req_0724,11,18.27737617492676,18.421145000502293,1528,15.332351684570312,15.487275999930716,1528,1.1920791116029623,1.1894373807624208
req_0199,2,18.61036872863769,18.769420999888094,48,14.691167831420898,14.836731000059444,48,1.2667725903201894,1.265064453875513
req_0199,3,18.03571128845215,18.19386100032716,49,15.1779203414917,15.324349999900733,49,1.1882860683586631,1.1872517268559526
req_0199,4,18.058048248291016,18.219710999801464,50,15.21724796295166,15.359491000026535,50,1.1866829200822413,1.1862184104779245
req_0199,5,18.1944637298584,18.35512399975414,51,14.38924789428711,14.529653999943548,51,1.2644485565560417,1.2632870679388137
req_0199,6,17.99679946899414,18.158058999688365,52,14.574432373046877,14.710938000007443,52,1.2348199235722137,1.2343236712491874
req_0199,7,18.04902458190918,18.208541000603876,53,14.404607772827148,14.523234000080263,53,1.253003543488137,1.253752504469958
req_0199,8,18.353151321411133,18.513406999773,54,15.032320022583008,15.17512700002044,54,1.2209127595633442,1.2199836614051442
req_0199,9,17.995616912841797,18.17532000040956,55,14.931743621826172,15.07136600002923,55,1.2051919299322198,1.2059504095630291
req_0199,10,18.120704650878903,18.27450299970224,56,14.86736011505127,15.013893999821448,56,1.2188246272809418,1.2171727734270381
req_0199,11,17.98041534423828,18.16172899998492,57,14.573568344116213,14.71463699999731,57,1.2337688972033753,1.2342627956087697
req_0199,12,17.880064010620117,18.0692280000585,58,14.423808097839355,14.550174000078188,58,1.239621595721209,1.24185648913624
req_0199,13,17.714176177978516,17.871313999421545,59,14.555135726928713,14.70178800013855,59,1.2170395735441482,1.2155877910396427
req_0199,14,18.075647354125977,18.22739200088108,60,14.699520111083984,14.85237099996084,60,1.2296760178243007,1.2272378599301847
req_0199,15,17.913856506347656,18.063156999232888,61,14.512703895568848,14.655146999984936,61,1.2343569217185835,1.232546967918606
req_0199,16,18.15731239318848,18.3353630000056,62,14.552063941955566,14.691466999920522,62,1.2477482552037513,1.2480280560208719
req_0199,17,18.32854461669922,18.492437000531936,63,14.73423957824707,14.880741000069976,63,1.243942350697121,1.2427094188686556
req_0887,2,18.90201568603516,19.202620999749342,3910,16.37900733947754,16.646139000158655,3910,1.15403914866541,1.1535780759470002
req_0887,3,18.146303176879883,18.33130300019548,3911,14.77836799621582,14.923514999964029,3911,1.2278962860801994,1.2283502244772537
req_0887,4,20.08880043029785,20.2568019994942,3912,14.76694393157959,14.915132999931302,3912,1.3603898357965116,1.3581375371971207
req_0887,5,18.588672637939453,18.751112000245485,3913,14.461983680725098,14.626289000034376,3913,1.285347366469124,1.2820143236744066
req_0887,6,17.700864791870117,17.867063999801758,3914,14.575584411621094,14.719508999860407,3914,1.2144188728211296,1.2138355973674937
req_0887,7,17.607616424560547,17.785193000236177,3915,14.637727737426758,14.770261000194296,3915,1.2028927399394218,1.2041217822760357
req_0887,8,18.02342414855957,18.183688999670267,3916,14.849023818969728,15.014415999985433,3916,1.2137783849154127,1.211082002769066
req_0887,9,17.547264099121094,17.70738100003655,3917,14.754688262939451,14.910224000004746,3917,1.1892670171281072,1.1875999314316747
req_0887,10,17.554975509643555,17.70790000045963,3918,15.747072219848633,15.912293999917893,3918,1.1148088523729587,1.1128439432146617
req_0887,11,17.507328033447266,17.65797999996721,3919,15.117728233337402,15.265551000084088,3919,1.1580660641087825,1.1567207760709026
req_0887,12,17.712255477905273,17.872323999654327,3920,14.969856262207031,15.121338999961154,3920,1.1831947593659744,1.1819273412030669
req_0887,13,18.22515106201172,18.411194000691463,3921,15.238143920898438,15.393061999930069,3921,1.19602171738362,1.1960709312270104
req_0887,14,18.116607666015625,18.29166299921781,3922,15.02012825012207,15.170170000146754,3922,1.2061553246636485,1.2057651957124316
req_0887,15,17.742431640625,17.90162399993278,3923,15.98566436767578,16.149827999925037,3923,1.1098964192255616,1.10847149579648
req_0887,16,17.807008743286133,17.963847000828537,3924,15.28934383392334,15.44331499985674,3924,1.1646679502214285,1.1632118493338495
req_0851,2,19.1363525390625,19.406234000598488,3560,15.897600173950195,16.15989000015361,3560,1.2037258661479815,1.2008889912254366
req_0851,3,17.954816818237305,18.126558999938425,3561,16.425983428955078,16.607819000000745,3561,1.0930740856944527,1.0914472875660322
req_0851,4,19.85024070739746,20.02417800031253,3562,15.053824424743652,15.215429999898332,3562,1.3186177908897383,1.3160441736083917
req_0851,5,18.80780792236328,18.98551599970233,3563,14.351360321044922,14.5034750000832,3563,1.3105244033754346,1.309032214665342
req_0851,6,18.29244804382324,18.44585500020912,3564,14.414719581604004,14.579267999806689,3564,1.2690117168264565,1.2652113261415938
req_0851,7,17.976192474365234,18.139849999897702,3565,14.846976280212402,15.057027000011658,3565,1.2107645445842974,1.2047431408526834
req_0851,8,17.960704803466797,18.118607999895172,3566,14.77462387084961,14.907444000073156,3566,1.2156454851553506,1.2154067457711903
req_0851,9,17.565759658813477,17.722219999996014,3567,14.692352294921877,14.837492999959068,3567,1.1955716352435095,1.1944214565118854
req_0851,10,17.81145668029785,17.99662699977489,3568,15.09660816192627,15.235940000138726,3568,1.1798316873069836,1.1811957122180206
req_0851,11,18.48428726196289,18.69701099985832,3569,14.86847972869873,15.011296000011498,3569,1.2431860956359262,1.2455294332910363
req_0851,12,18.99110412597656,19.164498999998614,3570,14.896608352661133,15.060396999842853,3570,1.2748609399121367,1.2725095493962466
req_0851,13,18.17187118530273,18.32430300055421,3571,14.958623886108398,15.103017999990698,3571,1.2148090174376518,1.2132875032371342
req_0851,14,18.88262367248535,19.036828000025707,3572,15.039456367492676,15.19323900015479,3572,1.255538977678712,1.252980223626559
req_0851,15,18.12694358825684,18.29438200002187,3573,15.006400108337402,15.164579999918717,3573,1.2079475062234077,1.2063889669295114
req_0851,16,17.636127471923828,17.80677199985803,3574,15.084383964538574,15.240060999985872,3574,1.1691645819533678,1.1684186828303729
req_0851,17,17.41200065612793,17.57340799940721,3575,15.869183540344238,16.01845699997284,3575,1.0972209510250723,1.0970724583171154
req_0851,18,17.75382423400879,17.906454000694794,3576,14.50598430633545,14.66347800010226,3576,1.223896556006534,1.2211600822512856
req_0851,19,17.934335708618164,18.110287999661523,3577,15.121983528137209,15.294192000055771,3577,1.1859777307155546,1.184128458672121
req_0851,20,18.09091186523437,18.237741999655555,3578,14.829119682312012,14.980245999822728,3578,1.2199585850543093,1.2174527707937088
req_0851,21,17.82579231262207,17.98700600011216,3579,14.834400177001951,14.99394500001472,3579,1.2016523822956948,1.1996179791305424
req_0690,2,18.21798324584961,18.415335999634408,1281,15.28115177154541,15.486675999909494,1281,1.1921865261342923,1.189108366426858
req_0690,3,18.937856674194336,19.112628000584664,1282,15.000320434570312,15.155708000065715,1282,1.2624968084381336,1.2610844706497242
req_0690,4,17.67740821838379,17.845284000031825,1283,14.94313621520996,15.084568000020226,1283,1.1829784567171873,1.1830159140127776
req_0690,5,17.98041534423828,18.13416999993933,1284,15.08249568939209,15.232769999784068,1284,1.1921379402007304,1.1904709386537309
req_0690,6,17.748064041137695,17.918574999384873,1285,14.845696449279783,15.002866000031643,1285,1.195502285916584,1.1943434673979678
req_0690,7,18.09382438659668,18.25666100012313,1286,14.671039581298828,14.82339100016361,1286,1.2333021314768229,1.231611646749494
req_0690,8,18.509824752807617,18.668770000658697,1287,15.420415878295898,15.573357999983273,1287,1.2003453667459147,1.1987632982352778
req_0690,9,17.8786563873291,18.071698999847285,1288,14.640735626220703,14.79906199983816,1288,1.2211583381991729,1.2211381370011771
req_0690,10,17.528831481933594,17.688140000245767,1289,14.588576316833496,14.752510000107575,1289,1.20154503779148,1.1989919003692786
req_0690,11,17.864351272583008,18.025476999355305,1290,14.57151985168457,14.70268999992186,1290,1.2259772113282859,1.2259985757334952
req_0690,12,18.14044761657715,18.30722200065793,1291,14.560480117797852,14.692949000163935,1291,1.245868781099008,1.2459869016392604
req_0690,13,18.19862365722656,18.35797399962757,1292,15.130623817443848,15.276030999984869,1292,1.2027675710399768,1.2017502451812094
req_0690,14,18.41244888305664,18.57616799952666,1293,14.77734375,14.93009399996481,1293,1.2459917827286544,1.2442097149268079
req_0690,15,17.85753631591797,18.01683800022147,1294,15.38963222503662,15.53273700005775,1294,1.1603614728925387,1.1599268049252673
req_0690,16,18.096927642822266,18.244589999994787,1295,14.745152473449709,14.904163999972296,1295,1.2273137002420154,1.2241270291999404
req_0690,17,17.713151931762695,17.882685000586207,1296,15.142911911010742,15.28239999993275,1296,1.1697322176775706,1.170148994965771
req_0020,2,17.324031829833984,17.485815999862098,36,14.839808464050291,14.995447000046624,36,1.167402656968368,1.1660750092883347
req_0020,3,18.03059196472168,18.17384999958449,37,14.910240173339844,15.063585999996576,37,1.2092757564670997,1.206475669179213
req_0020,4,17.437536239624023,17.61590900059673,38,15.448736190795898,15.612058999977307,38,1.1287354528076554,1.128352704830435
req_0020,5,17.852415084838867,18.03755699984322,39,14.949376106262209,15.100887000016884,39,1.1941913132656146,1.1944700334373106
req_0020,6,18.00092887878418,18.15054999951826,40,14.874688148498535,15.044215999978404,40,1.2101718502650565,1.2064802844856999
req_0020,7,17.267488479614258,17.4143140002343,41,15.939583778381348,16.084668000075908,41,1.083308618323769,1.0826654302191452
req_0020,8,17.258495330810547,17.422435999833397,42,14.76476764678955,14.916193999852112,42,1.168897184410703,1.1680215475882207
req_0020,9,17.469440460205078,17.624758000238216,43,14.828415870666504,14.989715000183423,43,1.1781056461171309,1.1757900667239203
req_0020,10,18.911584854125977,19.075449000411027,44,15.48799991607666,15.65163800000846,44,1.221047582425127,1.2187509703713257
req_0020,11,18.284543991088867,18.44917499965959,45,15.164640426635742,15.316271999836315,45,1.2057354132164724,1.2045473598181564
req_0020,12,17.816287994384766,17.97977699970943,46,14.755680084228516,14.911484000094788,46,1.2074189663021737,1.2057671120859021
req_0020,13,17.61075210571289,17.746501000146964,47,14.713855743408203,14.907733999962147,47,1.1968822049653773,1.1904224344351746
req_0020,14,17.75177574157715,17.907825000293087,48,14.86252784729004,15.025095000055444,48,1.1943981484155077,1.1918610165344716
req_0020,15,17.487871170043945,17.635438999604958,49,15.47264003753662,15.63188899990564,49,1.130244814564184,1.128170690036976
req_0020,16,17.700767517089844,17.851453000730544,50,14.835712432861328,15.009525000095891,50,1.1931188068786218,1.1893416347696877
req_0020,17,17.3472957611084,17.521977999422234,51,14.73203182220459,14.884963999975298,51,1.17752228412662,1.1771595819413008
req_0020,18,17.864736557006836,18.03764600026625,52,14.46412754058838,14.635257000009004,52,1.2351064042318396,1.2324789376951257
req_0020,19,17.23699188232422,17.39491500029544,53,15.048704147338867,15.232730999969135,53,1.1454136989843287,1.1419432930530111
req_0020,20,17.399808883666992,17.55221699932008,54,16.126976013183594,16.303262000064933,54,1.0789256999850978,1.0766076751542222
req_0020,21,17.445951461791992,17.597949000446533,55,14.799872398376465,14.976384999954462,55,1.1787906673915514,1.1750465149300076
req_0020,22,18.545408248901367,18.70388999941497,56,14.543871879577637,14.707149000059871,56,1.2751355624180551,1.2717549811550033
req_0020,23,18.102272033691406,18.349394000324537,57,14.394368171691896,14.560525999968377,57,1.2575940685810378,1.2602150499483595
req_0020,24,17.97942352294922,18.19660000001022,58,14.369471549987791,14.544137000029878,58,1.2512237113524536,1.2511295788792995
req_0020,25,17.651615142822266,17.811722999795165,59,14.28451156616211,14.45097399982842,59,1.2357170954753767,1.232562109654799
req_0020,26,17.442848205566406,17.607428000701475,60,14.495455741882324,14.676129000008586,60,1.203332169485921,1.1997324363046395
req_0020,27,17.362943649291992,17.523317999803112,61,14.666272163391112,14.83425200012789,61,1.1838689106446638,1.181274121516342
req_0020,28,17.17964744567871,17.34277200012002,62,15.327232360839844,15.481034999993426,62,1.1208577674839508,1.1202592074836977
req_0020,29,17.291872024536133,17.44678599970939,63,14.766079902648926,14.93005399993308,63,1.1710536674960088,1.1685681779709298
req_0020,30,17.44691276550293,17.601808000108576,64,15.210463523864746,15.346172000135994,64,1.1470336021074745,1.1469836256202912
req_0020,31,17.428287506103516,17.701740999655158,65,15.120384216308594,15.269871999862517,65,1.152635227834069,1.1592592917487807
req_0020,32,18.317344665527344,18.520497000281463,66,14.782208442687988,14.908343000115565,66,1.23914804317267,1.2422907763886233
req_0020,33,18.430688858032227,18.618148999848927,67,14.629887580871582,14.78731199995309,67,1.2597970255171442,1.2590624313538519
req_0020,34,17.525663375854492,17.69550100016204,68,15.45695972442627,15.62590799994723,68,1.133836387511517,1.1324462552974073
req_0020,35,18.166784286499023,18.344283000260475,69,14.732864379882812,14.899883999987653,69,1.2330789056407188,1.231169517848305
req_0020,36,18.22105598449707,18.40173499931552,70,14.85580825805664,15.027525000050446,70,1.2265274071920913,1.2245353109879202
req_0020,37,17.656831741333008,17.82940300017799,71,14.455648422241213,14.590878000035444,71,1.2214486147965877,1.2219554573847222
req_0020,38,17.82067108154297,17.99740699971153,72,14.334688186645508,14.48328399987986,72,1.2431851219578725,1.2426330243790578
req_0020,39,17.65990447998047,17.834052000580414,73,14.561280250549316,14.719570000124804,73,1.2127988869189066,1.211587838532593
req_0020,40,17.507328033447266,17.677881000054185,74,14.522303581237791,14.673778999849674,74,1.2055475865458425,1.204725858296986
req_0020,41,17.702911376953125,17.865472999801568,75,14.236384391784668,14.392993000001296,75,1.2434977090931087,1.2412618417725876
req_0020,42,18.553855895996094,18.716462000156756,76,14.628512382507324,14.76570099998753,76,1.268335112337374,1.2675633889764233
req_0020,43,18.505727767944336,18.67717000004632,77,14.30396842956543,14.450414000066305,77,1.2937478056574934,1.2925006854447645
req_0020,44,19.34233665466309,19.52743799938617,78,14.47321605682373,14.639659000067695,78,1.3364228502305608,1.3338724624184124
req_0020,45,17.60153579711914,17.781801000637643,79,14.68723201751709,14.882532000001447,79,1.1984243032401363,1.1948101976623275
req_0020,46,17.739776611328125,17.903724999996484,80,14.707712173461914,14.893404000076773,80,1.2061547303962858,1.202124443807755
req_0020,47,17.31475257873535,17.477616999713064,81,16.60108757019043,16.80007099980685,81,1.042989051502048,1.0403299486004556
req_0020,48,17.524415969848633,17.71059000020614,82,14.316448211669922,14.4996850001462,82,1.2240756723140147,1.2214465348749
req_0020,49,17.288192749023438,17.467345999648387,83,14.596991539001465,14.766951999945377,83,1.1843668404432102,1.1828673919785884
req_0082,2,18.58857536315918,18.73896100005368,39,14.854144096374512,15.016974999980448,39,1.251406694492491,1.2478519142555726
req_0082,3,18.304607391357425,18.48492699991766,40,15.033344268798828,15.17556999988301,40,1.2176004928822117,1.21807134757114
req_0082,4,17.347583770751953,17.496095000751666,41,14.75376033782959,14.896872000008443,41,1.1758076160605397,1.1744811260203987
req_0082,5,17.46953582763672,17.622429999391898,42,14.584704399108888,14.729161000104796,42,1.1977984160381125,1.1964313513353895
req_0082,6,17.541120529174805,17.689949000669003,43,14.549728393554688,14.751539999906528,43,1.2055977991276634,1.1991933724059383
req_0082,7,18.01420783996582,18.189390999395982,44,14.333184242248535,14.469895000047472,44,1.2568182711882743,1.2570506558158374
req_0082,8,18.340864181518555,18.500545999813767,45,14.697088241577148,14.841991999901438,45,1.247925022973829,1.2465002002383927
req_0082,9,17.503999710083008,17.673351000667026,46,14.542847633361816,14.68485000009423,46,1.203615698340138,1.2035091267907823
req_0082,10,17.673215866088867,17.830301999310905,47,14.98419189453125,15.124837000030311,47,1.17945739019393,1.1788756466780548
req_0082,11,17.81452751159668,17.969307000385015,48,14.553088188171388,14.700400000037916,48,1.2241063395792624,1.2223685750277997
req_0082,12,18.45964813232422,18.60620800016477,49,14.5928316116333,14.739099999815153,49,1.2649805482308396,1.2623707010874554
req_0082,13,18.07257652282715,18.223141999442305,50,14.61350440979004,14.762540999981866,50,1.2367038060165614,1.2344177062380175
req_0082,14,18.41830444335937,18.576677000055497,51,15.309823989868164,15.443934000131776,51,1.2030382880657777,1.2028461789526548
req_0082,15,17.776639938354492,17.952535999938846,52,14.698495864868164,14.842922000070756,52,1.2094189842134528,1.209501471465879
req_0082,16,17.242080688476562,17.39492400065501,53,14.685983657836914,14.817831999835107,53,1.174050107244647,1.1739182898583667
req_0082,17,17.314815521240234,17.480356999840296,54,14.534655570983888,14.670327999965592,54,1.1912780070142488,1.1915450697408603
req_0082,18,17.689760208129883,17.851372999757587,55,14.619296073913574,14.76308200017229,55,1.210028179106051,1.2091901270716545
req_0082,19,17.861888885498047,18.01570699990407,56,15.684608459472656,15.827832000013586,56,1.1388163709442445,1.13822960718111
req_0082,20,18.86819267272949,19.06951799992385,57,14.594079971313477,14.74007999991045,57,1.2928661971030257,1.2937187586525787
req_0082,21,18.559776306152344,18.774033000227064,58,14.629631996154783,14.776480999898922,58,1.268642732163772,1.2705347775532947
req_0082,22,17.971328735351562,18.152718999772333,59,14.453536033630373,14.58993700020983,59,1.2433863030843122,1.2441944745553914
req_0082,23,17.99065589904785,18.158540000513312,60,14.328479766845703,14.480504999937692,60,1.2555872075609837,1.2539990836363406
req_0082,24,17.898496627807617,18.078637000144223,61,15.156384468078612,15.298931999950582,61,1.1809212589918303,1.1816927482390678
req_0082,25,18.4135684967041,18.601289999423894,62,15.028223991394045,15.173659000083717,62,1.2252657737367159,1.2258935039545351
req_0082,26,19.108863830566406,19.276192000688752,63,14.502911567687988,14.641707999999198,63,1.3175881092138995,1.316526186746096
req_0082,27,17.470111846923828,17.638408999118838,64,14.433152198791504,14.57810699980655,64,1.210415549306451,1.2099245121024902
req_0082,28,17.325056076049805,17.509356000118714,65,14.544896125793455,14.682839000215608,65,1.1911433348311167,1.1925048010035117
req_0775,2,19.145727157592773,19.38706500004628,1875,15.746047973632812,16.007584999897517,1875,1.2159068224390537,1.2111174171600776
req_0775,3,18.473567962646484,18.65650000036112,1876,15.214112281799316,15.373324000165669,1876,1.2142389658019328,1.2135631825726219
req_0775,4,19.881183624267575,20.04017799936264,1877,14.97276782989502,15.124857999808228,1877,1.327822874844308,1.3249828857643977
req_0775,5,17.666048049926758,17.813512999964587,1878,14.971903800964355,15.115637999997489,1878,1.1799466710966222,1.1784823769904749
req_0775,6,18.561983108520508,18.71343099992373,1879,14.823424339294434,14.969864000022426,1879,1.25220614910927,1.2500735477553901
req_0775,7,17.796735763549805,17.97744600025908,1880,15.57094383239746,15.722121000180778,1880,1.14294521610959,1.1434491567678666
req_0775,8,17.984512329101562,18.14559000013105,1881,14.625375747680664,14.759420000018508,1881,1.2296786516376237,1.2294243269795355
req_0775,9,17.86675262451172,18.039337000118397,1882,14.771167755126951,14.920413999789162,1882,1.209569407152005,1.2090372961751135
req_0775,10,18.16166305541992,18.38252499965165,1883,14.736063957214355,14.862493000009636,1883,1.2324636421334536,1.23683994331501
req_0775,11,18.4051513671875,18.710451000515604,1884,14.843647956848145,14.978974000086964,1884,1.2399345107545647,1.2491143252139283
req_0775,12,17.99363136291504,18.178650999288948,1885,14.474176406860352,14.617149000059726,1885,1.243154073649853,1.2436523017733943
req_0775,13,18.11148834228516,18.26534200063179,1886,14.73040008544922,14.89389299990762,1886,1.229531325505259,1.2263645240868242
req_0775,14,17.829696655273438,17.986005999773624,1887,15.040512084960938,15.223390000073778,1887,1.185444787687875,1.1814718009383232
req_0775,15,18.205472946166992,18.38776400018105,1888,14.793567657470703,14.95547399986208,1888,1.2306343789203065,1.2295005828869499
req_0775,16,18.74291229248047,18.919846000244437,1889,14.485440254211426,14.65130900010081,1889,1.2939138861886677,1.291341681491685
req_0775,17,18.738847732543945,18.91909499954636,1890,14.524352073669434,14.733530000057726,1890,1.2901675501597616,1.2840843300602256
req_0775,18,18.005983352661133,18.196910999904503,1891,14.690048217773438,14.886641999964922,1891,1.2257266338224648,1.2223650572068154
req_0775,19,17.513471603393555,17.666980000285548,1892,15.135744094848633,15.2811020000172,1892,1.1570935326102778,1.156132587837295
req_0775,20,17.359872817993164,17.520006999802717,1893,15.708992004394531,15.861272999927678,1893,1.1050914541898553,1.1045776086120327
req_0775,21,18.319360733032227,18.48712700029864,1894,14.569472312927246,14.719519999971451,1894,1.257379837756908,1.2559599090414968
req_0775,22,17.741535186767578,17.92547500008368,1895,15.529984474182127,15.678619000027538,1895,1.1424052107883333,1.14330700937705
req_0775,23,18.42998313903809,18.600318999233423,1896,14.654272079467772,14.783570999952644,1896,1.2576525834306365,1.2581749699915539
req_0775,24,18.445951461791992,18.61689900033525,1897,14.960543632507324,15.108218000023044,1897,1.232973340735515,1.232236588081192
req_0775,25,18.102048873901367,18.26991200050543,1898,14.723072052001951,14.877352999974391,1898,1.229502158922055,1.228035121606436
req_0775,26,18.05414390563965,18.22804199946404,1899,14.823424339294434,15.00514600002134,1899,1.2179469124270506,1.2147860473625594
req_0775,27,19.02899169921875,19.196320999981253,1900,15.191136360168455,15.403483000000053,1900,1.252637804576177,1.2462324917021161
req_0775,28,17.984159469604492,18.16177900036564,1901,15.011839866638184,15.191850000064733,1901,1.1979983552563662,1.1954948870801287
req_0775,29,19.330751419067383,19.49970799978473,1902,14.8920316696167,15.069635999907405,1902,1.2980600530488215,1.2939733912554054
req_0775,30,17.79916763305664,17.97330600038549,1903,14.955167770385742,15.139189000137776,1903,1.1901683689769496,1.1872040173500658
req_0775,31,18.0786247253418,18.251360999784083,1904,15.180800437927246,15.34722199994576,1904,1.1908874501883786,1.1892289692459383
req_0775,32,18.152448654174805,18.344653999520236,1905,15.378432273864746,15.541716999905477,1905,1.1803835612700542,1.1803492496763264
req_0775,33,18.80780792236328,18.98788800008333,1906,15.664128303527832,15.843782000047211,1906,1.2006929181068722,1.1984441593570747
req_0775,34,18.207712173461918,18.383243000243965,1907,15.073280334472656,15.248141000029136,1907,1.2079462313071165,1.2056055226803608
req_0775,35,17.885183334350586,18.04784900014056,1908,14.733951568603516,14.902662999929817,1908,1.2138755344127783,1.2110485891162912
req_0116,2,18.06886482238769,18.231621999802883,40,14.681920051574709,14.835551000032863,40,1.2306881360826996,1.228914382739306
req_0116,3,19.07302474975586,19.26530200034904,41,14.653440475463867,14.798482000060176,41,1.3016072765772835,1.3018431214952113
req_0116,4,17.56671905517578,17.743861999406363,42,14.96451187133789,15.114428000060798,42,1.1738918854294205,1.1739684756402946
req_0116,5,17.697792053222656,17.87390299978142,43,14.51206398010254,14.659408999932566,43,1.2195227417332268,1.2192785534439787
req_0116,6,17.812480926513672,17.97585700023774,44,14.835519790649414,14.98412399996596,44,1.2006644308978367,1.199660187027188
req_0116,7,17.903615951538086,18.07136699972034,45,14.635007858276367,14.768580999998449,45,1.223341738174282,1.2236359742159546
req_0116,8,18.02035140991211,18.18799000011495,46,14.388799667358398,14.533406000055038,46,1.252387400374476,1.2514609445333098
req_0116,9,18.363391876220703,18.5368180000296,47,14.561280250549316,14.714408999907391,47,1.2611110809111687,1.259773192395717
req_0116,10,18.173696517944336,18.34557300026063,48,14.72316837310791,14.872643999979118,48,1.2343604350228627,1.2335112035416425
req_0116,11,18.70540809631348,18.90430500043294,49,14.624768257141112,14.769010000009075,49,1.2790225299590534,1.2799981177087243
req_0116,12,18.608383178710938,18.793851999362232,50,14.47116756439209,14.61231799999041,50,1.2858936983425528,1.2861650012937418
req_0116,13,18.16371154785156,18.34572500047216,51,14.84060764312744,14.98031500000252,51,1.2239196658677935,1.2246554895854376
req_0808,2,18.6060791015625,18.898092999734217,3169,15.230976104736328,15.462614000171016,3169,1.221594661669558,1.2221797038667075
req_0808,3,17.657855987548828,17.843243000243092,3170,14.846976280212402,15.00177499997335,3170,1.1893233783287362,1.189408786645233
req_0808,4,18.182144165039062,18.35242200013454,3171,14.702591896057127,14.85248199992384,3171,1.2366625077796702,1.2356468097539957
req_0808,5,17.535999298095703,17.717118999826198,3172,14.66982364654541,14.810892000014064,3172,1.195379012086846,1.196222280184703
req_0808,6,18.884416580200195,19.044986999688263,3173,14.899776458740234,15.022336000129144,3173,1.2674295236907775,1.2677779940166787
req_0808,7,17.83296012878418,17.979934000322828,3174,14.635007858276367,14.761609999823122,3174,1.218513874503956,1.218019850174762
req_0808,8,17.584896087646484,17.75113199983025,3175,14.68518352508545,14.83662100008587,3175,1.1974583809325707,1.1964403484949513
req_0808,9,17.7293758392334,17.949793000298087,3176,14.4650239944458,14.61340800005928,3176,1.2256720656696474,1.228309850804499
req_0808,10,17.18783950805664,17.33612199950585,3177,15.40499210357666,15.55201699989084,3177,1.115731796062787,1.1147185602759777
req_0808,11,17.693695068359375,17.84527200015873,3178,14.6561918258667,14.80658100012988,3178,1.2072505108135791,1.2052257033546228
req_0808,12,17.315872192382812,17.469125000388885,3179,14.572575569152832,14.718408999897292,3179,1.1882506362867646,1.1868894933216483
req_0808,13,17.450847625732422,17.59263700023439,3180,14.79475212097168,14.96165399998972,3180,1.1795295712319307,1.175848405547039
req_0808,14,17.746944427490234,17.910012999891478,3181,15.031455993652344,15.179758999920525,3181,1.180653719439063,1.1798614852834783
req_0808,15,19.140607833862305,19.3067019999944,3182,15.221759796142578,15.370844000017314,3182,1.2574503927405831,1.2560599795282972
req_0808,16,17.533695220947266,17.69745899946429,3183,14.66543960571289,14.818631000025562,3183,1.1955792456515966,1.194270847248559
req_0808,17,18.466047286987305,18.61195699984819,3184,14.52617645263672,14.670418000150676,3184,1.2712255938234482,1.2686725763135742
req_0808,18,17.90662384033203,18.06274700084032,3185,14.520223617553713,14.67460799995024,3185,1.2332195641039887,1.2308844638917489
req_0808,19,17.971200942993164,18.125987999155768,3186,14.403552055358888,14.564436999989994,3186,1.2476922965892236,1.244537499058029
req_0808,20,17.262592315673828,17.408203000741196,3187,14.576543807983398,14.839332000065042,3187,1.184271974418196,1.1731123072564786
req_0808,21,17.80121612548828,17.96951399956015,3188,14.978303909301758,15.104687999837552,3188,1.1884667471884751,1.1896646921640095
req_0808,22,17.322975158691406,17.48755600056029,3189,14.700544357299805,14.851041000156329,3189,1.17839004717464,1.177530652590361
req_0808,23,17.230464935302734,17.402061999746365,3190,15.493856430053713,15.646517999812204,3190,1.1120836838193808,1.1122002991307862
req_0808,24,17.66912078857422,17.82185299998673,3191,14.80288028717041,14.939185999992333,3191,1.1936272161768386,1.1929601117487847
req_0808,25,17.459199905395508,17.6152269996237,3192,14.663071632385254,14.792140000054133,3192,1.190691851142202,1.1908504786703775
req_0808,26,17.44588851928711,17.60075600031996,3193,14.699520111083984,14.857072000040716,3193,1.1868338821573,1.184671919222827
req_0808,27,18.18927955627441,18.350563000240072,3194,14.962976455688477,15.106526999943526,3194,1.2156190721906395,1.2147439977639252
req_0808,28,17.51958465576172,17.696898999929545,3195,14.796799659729004,14.95949400009522,3195,1.1840117497463354,1.1829878069282893
req_0808,29,19.79596710205078,19.977484999799344,3196,14.46399974822998,14.598358000057488,3196,1.3686371298833364,1.3684747969409077
req_0808,30,18.002944946289062,18.195059999925437,3197,15.01471996307373,15.142037999794413,3197,1.1990196947105498,1.2016255671906566
req_0808,31,17.726463317871094,17.88587299961364,3198,14.641152381896973,14.808391000087797,3198,1.2107286950847496,1.207820147341301
req_0808,32,17.430591583251953,17.58989800055133,3199,15.258367538452148,15.400433999957386,3199,1.1423628077725647,1.1421689804715895
req_0808,33,18.01638412475586,18.18245799950091,3200,14.904319763183594,15.06832600011876,3200,1.2088028444786616,1.206667416099015
req_0808,34,17.34115219116211,17.524724999930186,3201,14.48243236541748,14.624987999923178,3201,1.1973922441765341,1.1982727780714924
req_0808,35,17.543039321899414,17.757291000634723,3202,14.896127700805664,15.06556599997566,3202,1.1776912546843024,1.1786673664078342
req_0808,36,17.363967895507812,17.53728499988938,3203,15.793375968933104,15.94833500007553,3203,1.0994462444042488,1.0996310900044628
req_0808,37,17.60950469970703,17.776750999473734,3204,14.852095603942873,15.014114999985395,3204,1.185657914498755,1.1840025868651616
req_0808,38,17.366016387939453,17.528166000374767,3205,14.560223579406738,14.717738999934229,3205,1.1927025909479227,1.1909550781171685
req_0808,39,18.04390335083008,18.20862899967324,3206,14.708736419677734,14.849623000145584,3206,1.226747344978626,1.226201432823899
req_0808,40,19.145343780517575,19.330263000483683,3207,14.561280250549316,14.706778999880044,3207,1.3148118469730934,1.3143777438038167
req_0808,41,17.472383499145508,17.655327999818837,3208,14.656512260437012,14.82801199995265,3208,1.192124237245003,1.1906739757072773
req_0808,42,17.332223892211914,17.51835499999288,3209,14.460927963256836,14.634217000093486,3209,1.1985554409959467,1.1970818117485185
req_0808,43,17.759231567382812,17.943914999705157,3210,14.582688331604004,14.736319999883564,3210,1.2178297419203918,1.2176659437259056
req_0808,44,17.51740837097168,17.68280800024513,3211,14.9749755859375,15.13807900005304,3211,1.169778759934787,1.1681011837884567
req_0808,45,17.991680145263672,18.172778000007384,3212,15.062911987304688,15.24186999995436,3212,1.1944357213550345,1.1922932028722066
req_0808,46,17.491968154907227,17.6708700000745,3213,14.728799819946287,14.883801999985735,3213,1.1876030884212951,1.187255111300959
req_0808,47,17.581056594848633,17.76324000002205,3214,15.52246379852295,15.669159000026411,3214,1.1326202349733663,1.1336434839924792
req_0808,48,17.346527099609375,17.50384499973734,3215,15.219712257385254,15.389513000172885,3215,1.139740804967722,1.1373878432371902
req_0808,49,17.994688034057617,18.171968999922683,3216,15.847423553466797,16.015455999877304,3216,1.1354961248651099,1.1346519886828013
req_0808,50,17.287168502807617,17.469174000325438,3217,14.435168266296388,14.57376700000168,3217,1.1975730510305276,1.19867251893923
req_0808,51,18.36031913757324,18.539286999839533,3218,14.545663833618164,14.69185800010564,3218,1.262253778692354,1.2618749105597282
req_0808,52,17.319936752319336,17.494645000624587,3219,14.689279556274414,14.85595199983436,3219,1.1790868766549722,1.177618573405437
req_0808,53,17.441408157348633,17.613626999263943,3220,14.500736236572266,14.656199000000925,3220,1.2027946631674953,1.2017868343124183
req_0808,54,17.307647705078125,17.4652050000077,3221,14.625856399536133,14.77537100004156,3221,1.1833596086467146,1.1820484913684113
req_0808,55,17.253376007080078,17.42685299996083,3222,14.648320198059082,14.797061000081158,3222,1.1778399006710796,1.1777239412519316
req_0978,2,18.87539291381836,19.03528799994092,52,15.61292839050293,15.797780999946552,52,1.2089591677945521,1.204934287923432
req_0978,3,17.33510398864746,17.487617000369937,53,15.407072067260742,15.562467000108882,53,1.1251394108478074,1.1237046800001302
req_0978,4,17.340415954589844,17.4922960004551,54,15.05446434020996,15.217379999967308,54,1.151845430213959,1.1494945910855008
req_0978,5,17.615007400512695,17.768691999663133,55,14.782272338867188,14.94412400006695,55,1.1916305556215039,1.189008602952139
req_0978,6,18.452415466308597,18.60190899969893,56,14.570015907287598,14.74089999987882,56,1.2664650185508108,1.261924916379044
req_0978,7,18.22719955444336,18.378305000624096,57,14.68620777130127,14.85760300010952,57,1.2411100154841634,1.2369629879388098
req_0978,8,17.567392349243164,17.746690999956627,58,15.778464317321776,15.940013999852454,58,1.113377829169185,1.1133422467584342
req_0978,9,17.33500862121582,17.488575999777822,59,14.871711730957031,15.041566000036257,59,1.165636406542979,1.1626831940062403
req_0978,10,17.596416473388672,17.742252000061853,60,15.516672134399414,15.690769999991971,60,1.1340328854650865,1.1307445077629035
req_0978,11,17.675199508666992,17.844862999481848,61,15.5033597946167,15.693619000103354,61,1.1400883255514995,1.1370776236739484
req_0978,12,17.961984634399414,18.129570000382955,62,14.997376441955566,15.17711899987262,62,1.1976751203063942,1.194533033610339
req_0978,13,17.770496368408203,17.931125000359316,63,14.964735984802246,15.137117999984184,63,1.1874914723825,1.1845798520152946
req_0854,2,19.291135787963867,19.59182900009182,3569,16.105472564697266,16.393592999975226,3569,1.1978000465661272,1.1950906064412743
req_0854,3,18.18227195739746,18.37463499941805,3570,15.36787223815918,15.526747000194518,3570,1.1831352887129025,1.1834182008110168
req_0854,4,19.180543899536133,19.36226500038174,3571,15.20742416381836,15.37029199994322,3571,1.2612618476948025,1.2597200495900316
req_0854,5,18.22617530822754,18.398006000097663,3572,15.616991996765137,15.795741999909296,3572,1.1670733590695865,1.1647446508181325
req_0854,6,19.19385528564453,19.36506499987445,3573,14.930560111999512,15.09341700011646,3573,1.2855415430944657,1.2830139788574733
req_0854,7,18.61916732788086,18.803914000272925,3574,14.875200271606444,15.04327599991484,3574,1.2516918755992041,1.2499879680715407
req_0854,8,19.298303604125977,19.48292699944432,3575,14.889951705932615,15.07219800009807,3575,1.2960622025682553,1.292640064794634
req_0854,9,18.192384719848636,18.35886500066408,3576,15.046655654907228,15.217638999956762,3576,1.2090650000297893,1.2064200629753565
req_0854,10,17.99065589904785,18.18138099952193,3577,15.347647666931152,15.49345600005836,3577,1.1722093371879694,1.1734877615074033
req_0854,11,19.01670455932617,19.17872099966189,3578,15.217344284057615,15.381612999817662,3578,1.2496730181263584,1.24686019599435
req_0854,12,17.551359176635742,17.719101000693627,3579,15.226688385009766,15.388264000193884,3579,1.1526708062085613,1.1514684827652018
req_0854,13,17.81452751159668,17.97817699934967,3580,15.220735549926758,15.396572999861746,3580,1.1704117355670371,1.1676739362396493
req_0854,14,17.673824310302734,17.838753999967594,3581,15.484928131103516,15.698749999955908,3581,1.14135656043521,1.136316840513907
req_0854,15,17.836992263793945,17.992897000112862,3582,15.555583953857422,15.72108000004846,3582,1.1466616950352924,1.1445076928593583
req_0791,2,20.02534484863281,20.31961499960744,1988,16.589824676513672,16.88098399995397,1988,1.2070859842770265,1.2036984929114825
req_0791,3,17.986783981323242,18.18567999998777,1989,15.05996799468994,15.237289999959104,1989,1.1943441040289915,1.1934983189291914
req_0791,4,18.207744598388672,18.37810500001069,1990,15.61081600189209,15.767982000170376,1990,1.1663544427262371,1.1655331037168937
req_0791,5,18.81113624572754,18.983904999913648,1991,15.136768341064451,15.284870999948907,1991,1.242744542419594,1.242006229557129
req_0791,6,19.17849540710449,19.33827500033658,1992,14.827775955200195,14.979945000050066,1992,1.2934168593489213,1.2909443259152118
req_0791,7,18.625120162963867,18.789691999700157,1993,14.759743690490724,14.907232999803457,1993,1.2618864225239557,1.2604412904760989
req_0791,8,18.153472900390625,18.320373000278774,1994,15.026047706604004,15.163879000056111,1994,1.2081335860801312,1.2081587435649535
req_0791,9,18.44940757751465,18.63434000006237,1995,15.338496208190918,15.503727000123035,1995,1.2028172336517886,1.2019264787050552
req_0791,10,18.922496795654297,19.11115900020377,1996,14.874624252319336,15.02545499988628,1996,1.2721327594344976,1.2719188204515879
req_0791,11,18.138111114501957,18.29501300017,1997,14.771200180053713,14.916723999931492,1997,1.2279375334033285,1.2264766043974553
req_0791,12,18.479103088378903,18.65375899978972,1998,15.211520195007324,15.362132000063866,1998,1.2148097528374615,1.214268891825182
req_0791,13,18.97638320922852,19.161430000167456,1999,15.495840072631836,15.647989999933998,1999,1.2246114518659679,1.22452979585546
req_0791,14,17.952768325805664,18.100018999575692,2000,15.078240394592283,15.207569000040166,2000,1.1906408079449584,1.1901980520047541
req_0791,15,17.891263961791992,18.046398000478803,2001,16.09382438659668,16.253932000154236,2001,1.1116850496201676,1.1102789159144728
req_0652,2,18.60915184020996,18.85326400042686,1025,15.623071670532228,15.8308320001197,1025,1.1911327191380674,1.1909206035592006
req_0652,3,18.20262336730957,18.37002399952325,1026,15.015935897827148,15.181398999857263,1026,1.2122203698234717,1.2100349908263375
req_0652,4,17.954816818237305,18.11749900025461,1027,15.207008361816406,15.356762999999772,1027,1.1806935585910787,1.1797733025022838
req_0652,5,18.0216007232666,18.180869999923743,1028,14.96953582763672,15.116668000018764,1028,1.2038850723744665,1.2027035322798103
req_0652,6,18.776063919067383,18.93977600047947,1029,14.996479988098145,15.140518999942287,1029,1.2520314056344475,1.2509330757123758
req_0652,7,18.190399169921875,18.337882999730937,1030,15.16256046295166,15.301441000019622,1030,1.1996917812376389,1.1984415715949512
req_0652,8,17.722463607788086,17.86855399950582,1031,15.152064323425291,15.294282000013482,1031,1.1696402041000395,1.168315975832672
req_0652,9,17.850303649902344,18.01848700051778,1032,14.50499153137207,14.645277999989048,1032,1.230631787084803,1.2303274134182536
req_0652,10,17.84217643737793,18.030327999440487,1033,14.858431816101074,15.000266000015472,1033,1.2008115431161164,1.2020005511516856
req_0652,11,17.833919525146484,17.986795000069833,1034,14.68825626373291,14.824151000084385,1034,1.2141617905442321,1.2133440221950953
req_0652,12,18.170879364013672,18.347884000831986,1035,14.773247718811035,14.904354000009334,1035,1.2299854243205015,1.2310418821788918
req_0652,13,18.45657539367676,18.60677899912844,1036,14.584416389465332,14.726440000004004,1036,1.2654997567820665,1.2634947074189948
req_0652,14,17.63814353942871,17.7846030001092,1037,14.717503547668455,14.870892999852003,1037,1.1984466986741744,1.1959337613609482
req_0652,15,18.466495513916016,18.618288000652683,1038,14.888928413391112,15.036296000062066,1038,1.2402837196333913,1.2382230304973931
req_0652,16,17.5031681060791,17.64435999939451,1039,14.67187213897705,14.802771999939068,1039,1.1929744166445178,1.1919632349580969
req_0652,17,17.716127395629883,17.86133299992798,1040,15.435392379760742,15.5647560000034,1040,1.1477600931518719,1.1475498234552524
req_0123,2,17.77347183227539,17.921464999744785,41,14.320480346679688,14.46662499984086,41,1.2411226021755832,1.2388145127105963
req_0123,3,18.07756805419922,18.273231999955897,42,14.521183967590332,14.754791000086698,42,1.2449100634319035,1.2384609175317038
req_0123,4,17.41312026977539,17.5620580002942,43,14.91919994354248,15.058436000344956,43,1.1671618006106528,1.166260427038498
req_0123,5,17.319807052612305,17.482645999734814,44,15.327103614807127,15.488125999581824,44,1.1300117418062,1.1287773614578576
req_0123,6,17.369152069091797,17.517687000690785,45,15.221759796142578,15.367582000180846,45,1.1410738509678362,1.1399117311028264
req_0123,7,17.405792236328125,17.54505699955189,46,14.615551948547363,14.797171999816785,46,1.190908991846735,1.1857033897942884
req_0123,8,17.351455688476562,17.494646000159264,47,15.213567733764648,15.35896200039133,47,1.1405250886658975,1.1390513238924296
req_0123,9,17.539072036743164,17.68041000013909,48,14.750720024108888,14.904134999596865,48,1.1890315868023347,1.1862754866765042
req_0123,10,19.198272705078125,19.35956399938732,49,14.656512260437012,14.809441000124934,49,1.3098800290230639,1.307244750103937
req_0123,11,17.52454376220703,17.67074000053981,50,14.388223648071287,14.53356599995459,50,1.2179782710394664,1.2158571406766254
req_0123,12,17.40287971496582,17.5567679998494,51,14.390399932861328,14.538436000293586,51,1.2093395455414215,1.2076105022228567
req_0123,13,17.596351623535156,17.745291000210273,52,14.736031532287598,14.889514000060444,52,1.1941038253739082,1.1917978652720456
req_0123,14,17.60153579711914,17.751350999787974,53,14.497344017028809,14.645767999809324,53,1.214121412614897,1.2120464423592592
req_0733,2,19.560415267944336,19.78124199922604,1579,15.319040298461914,15.540045999841825,1579,1.276869496185624,1.272920427611822
req_0733,3,18.522111892700195,18.714962000558444,1580,15.167327880859377,15.32527300014408,1580,1.2211849073345633,1.2211829440416817
req_0754,2,18.80575942993164,19.1219700000147,1779,15.420415878295898,15.645099000266782,1779,1.2195364624634142,1.2222338765442538
req_0142,2,17.40492820739746,17.557647999637993,42,14.689279556274414,14.838681999663097,42,1.184872827882364,1.1832350069929816
req_0142,3,18.382944107055664,18.53464699979668,43,14.66368007659912,14.802412000335607,43,1.2536378324559803,1.2521369489902359
req_0142,4,17.937183380126953,18.099460000485124,44,15.441920280456545,15.577285999825108,44,1.161590207328582,1.161913570867758
req_0142,5,18.313983917236328,18.47477599949343,45,14.697504043579102,14.844602999801282,45,1.2460608184174753,1.244544970299357
req_0142,6,18.03887939453125,18.20800000041345,46,14.615360260009766,14.77938100015308,46,1.234241173232578,1.2319866441107958
req_0142,7,17.571840286254883,17.720842000017,47,14.72486400604248,14.880272000027617,47,1.1933448267531788,1.1908950320252285
req_0142,8,17.701887130737305,17.86122300018178,48,14.636032104492188,14.786522000122204,48,1.209473100657119,1.2079394329534805
req_0142,9,17.501184463500977,17.646199999944656,49,14.49779224395752,14.646317999904568,49,1.2071620401923768,1.204821580417661
req_0142,10,17.551359176635742,17.70198999929562,50,14.299839973449709,14.441983999859076,50,1.2273815098087166,1.225731173740973
req_0142,11,18.96326446533203,19.127600000501843,51,14.259424209594728,14.397933000054763,51,1.3298758902601575,1.3284962501512607
req_0142,12,17.6691837310791,17.879113999697438,52,14.50592041015625,14.637937999850692,52,1.2180670534155218,1.2214229900331457
req_0142,13,17.69491195678711,17.856233000202337,53,14.718079566955566,14.849803000288375,53,1.2022568485439504,1.2024558844218727
req_0892,2,18.990047454833984,19.279942000139272,3954,15.47657585144043,15.754869999909715,3954,1.227018665958113,1.2237449119065886
req_0892,3,18.60182380676269,18.768992999866896,3955,14.75977611541748,14.92013400002179,3955,1.2603052824989642,1.2579641040649827
req_0892,4,18.018112182617188,18.18918000026315,3956,15.411456108093262,15.581348000068829,3956,1.1691375595038713,1.1673688310011945
req_0892,5,17.473567962646484,17.632418999710353,3957,15.00774383544922,15.175067999734893,3957,1.1643034525531302,1.1619334424081915
req_0892,6,17.67731285095215,17.83923400034837,3958,14.955455780029297,15.10655800029781,3958,1.181997600805819,1.1808933577057519
req_0892,7,17.50124740600586,17.655648999607365,3959,15.069184303283691,15.249879999828408,3959,1.1613931486784062,1.1577565856128722
req_0892,8,17.656831741333008,17.81841299998632,3960,15.228927612304688,15.405273999931524,3960,1.159427123881436,1.156643692287818
req_0892,9,18.05926322937012,18.22307099973841,3961,15.327232360839844,15.498305000164692,3961,1.1782468487598878,1.175810580547019
req_0892,10,17.84934425354004,18.01829700070812,3962,15.407039642333984,15.59275699992213,3962,1.1585187464888014,1.155555557031903
req_0892,11,17.675199508666992,17.825973999606504,3963,14.890144348144531,15.057727000112209,3963,1.1870401720363113,1.1838422890436031
req_0892,12,18.40332794189453,18.552757000179557,3964,14.894047737121582,15.070786999785923,3964,1.2356162855599355,1.2310410199840987
req_0892,13,17.55958366394043,17.714150999381673,3965,15.600640296936035,15.765611000006174,3965,1.1255681388531937,1.123594321804257
req_0892,14,18.82111930847168,18.973887000356623,3966,14.823424339294434,14.98830500031545,3966,1.2696876833364354,1.2659127900024247
req_0892,15,17.93497657775879,18.09815799970238,3967,15.132672309875488,15.31259199964552,3967,1.1851823795889993,1.1819134213281033
req_0892,16,17.78233528137207,17.94406600038201,3968,14.956543922424316,15.142458000354964,3968,1.188933444357493,1.1850167258156747
req_0892,17,17.269567489624023,17.441375000089465,3969,14.868415832519531,15.039485999750468,3969,1.1614934424858363,1.159705524535802
req_0860,2,19.42527961730957,19.73049199932575,3617,15.854399681091309,16.144936999808124,3617,1.225229589769776,1.2220854128796068
req_0860,3,17.99465560913086,18.174140000155603,3618,15.006719589233398,15.174599000147282,3618,1.1991065403821606,1.1976685512400826
req_0860,4,17.84547233581543,18.00545600053738,3619,15.340576171875,15.53534699996817,3619,1.1632856638418079,1.1589992808383534
req_0860,5,17.572864532470703,17.73839199995564,3620,15.4716157913208,15.616157999829738,3620,1.1358131412705228,1.1358998801209004
req_0860,6,19.49286460876465,19.653648999337747,3621,15.34444808959961,15.496336000069276,3621,1.2703529312322948,1.2682771591458708
req_0860,7,17.870847702026367,18.033268000181124,3622,15.656959533691406,15.842442000121082,3622,1.141399622549385,1.138288402762863
req_0860,8,18.03571128845215,18.22334100052103,3623,15.59715175628662,15.799231000073632,3623,1.1563464644230725,1.1534321512506591
req_0860,9,18.095104217529297,18.255171999953745,3624,14.996224403381348,15.155519000018105,3624,1.2066440012360187,1.2045230519609351
req_0860,10,18.32537651062012,18.47185599945078,3625,15.240192413330078,15.397523000046933,3625,1.2024373455148465,1.1996641277557747
req_0860,11,17.725439071655273,17.873214000246662,3626,14.954655647277832,15.142217999709828,3626,1.185278985336035,1.1803564048932045
req_0860,12,18.22719955444336,18.39085499977955,3627,15.134719848632812,15.311233000375069,3627,1.2043301585189172,1.2011348138539228
req_0860,13,17.878623962402344,18.04435700069007,3628,14.936063766479492,15.10222699971564,3628,1.1970104200095035,1.1948143145398242
req_0657,2,19.584896087646484,19.836332999148,1059,15.07692813873291,15.258721000009244,1059,1.2989977737794294,1.2999997181373184
req_0657,3,19.09945678710937,19.282173000647163,1060,14.947327613830566,15.100367000286496,1060,1.277784048128904,1.2769340639390636
req_0657,4,18.338815689086918,18.49764700000378,1061,15.21628761291504,15.36514300005365,1061,1.205209585649629,1.2038708002873253
req_0657,5,18.447967529296875,18.60657799988985,1062,15.630335807800291,15.798040999925432,1062,1.1802668705358492,1.1777775484933655
req_0657,6,18.16371154785156,18.34540399977413,1063,14.692352294921877,14.850942000066423,1063,1.2362698078053498,1.2353023801245793
req_0657,7,18.571456909179688,18.786862000524707,1064,14.92572784423828,15.092017999904783,1064,1.2442580424209433,1.2448210703593936
req_0657,8,18.751487731933597,18.925175999356725,1065,14.953472137451172,15.0935470001059,1065,1.2539888769358285,1.253858751638958
req_0657,9,18.91398429870605,19.06295800017688,1066,14.810688018798828,14.946593999866309,1066,1.2770496734992334,1.2754048180038469
req_0657,10,17.927871704101562,18.0976190004003,1067,14.813183784484863,14.966724999794678,1067,1.2102645835582613,1.2091903205710384
req_0657,11,18.332672119140625,18.52675800000725,1068,15.311871528625488,15.45244500039189,1068,1.1972848704266987,1.1989531753413385
req_0657,12,17.98124885559082,18.151528999624134,1069,14.388192176818848,14.550345999850832,1069,1.249722594375743,1.247498100719407
req_0657,13,17.682432174682617,17.832612999882258,1070,14.583359718322754,14.74590999987413,1070,1.2125074410985106,1.209326043630707
req_0657,14,17.787904739379883,17.94033500027581,1071,14.55795192718506,14.68402899990906,1071,1.2218686274243913,1.2217583471393931
req_0657,15,17.967103958129883,18.125699999473,1072,14.584832191467283,14.715539000007992,1072,1.231903372096483,1.231738776232604
req_0657,16,17.703584671020508,17.859503000181576,1073,14.47424030303955,14.61820800022906,1073,1.2231097660650834,1.2217299822181846
req_0657,17,18.410112380981445,18.569658000160416,1074,15.253503799438477,15.382702999886533,1074,1.2069431799439532,1.2071778282592722
req_0657,18,18.739200592041016,19.045938999624923,1075,15.79212760925293,15.953045000060229,1075,1.1866165887021667,1.1938748370328685
req_0862,2,19.2993278503418,19.62044899937609,3632,15.301471710205078,15.545917000054033,3632,1.261272655065618,1.262096600625611
req_0862,3,19.46112060546875,19.64359100020374,3633,14.575615882873535,14.723679999860906,3633,1.335183416045954,1.3341495468788587
req_0862,4,17.96384048461914,18.145089999961783,3634,14.602239608764648,14.73810900006356,3634,1.2302113214083112,1.2311681233924603
req_0862,5,17.923072814941406,18.100438000146823,3635,14.711584091186523,14.856572000098822,3635,1.2182965956520504,1.2183455241240324
req_0862,6,17.897600173950195,18.071667999720376,3636,14.49225616455078,14.6372189997237,3636,1.2349768021441105,1.2346380825525332
req_0862,7,17.774303436279297,17.92967600067641,3637,15.483807563781738,15.623447000052693,3637,1.1479284641753926,1.1476133276232792
req_0862,8,17.70921516418457,17.86419299969566,3638,14.871552467346191,15.02223600027719,3638,1.1908114639052716,1.1891833545529462
req_0862,9,17.79267120361328,17.95110599960026,3639,15.047295570373535,15.196708999610564,3639,1.1824497711499127,1.1812495718685065
req_0862,10,17.897472381591797,18.062048000501814,3640,15.193087577819824,15.361993000169605,3640,1.178001001437,1.175762025168375
req_0862,11,17.63327980041504,17.7821719998974,3641,14.60905647277832,14.757909999843832,3641,1.2070101743580692,1.2049248165956812
req_0862,12,17.737728118896484,17.892685000333586,3642,14.532511711120604,14.676019000035012,3642,1.220554882149049,1.2191783752999297
req_0400,2,18.65603256225586,18.809154000337003,40,14.57859230041504,14.704390999668249,40,1.279686829689636,1.2791521934340133
req_0400,3,17.99884796142578,18.15806899958261,41,14.517375946044922,14.657868000085728,41,1.2398141391612403,1.2387933224310939
req_0400,4,17.479808807373047,17.641639000430587,42,14.728192329406738,14.875131999815494,42,1.1868264900691412,1.1859820135141932
req_0400,5,17.64249610900879,17.798762999518658,43,15.684608459472656,15.82986300036282,43,1.1248285957915434,1.1243788401144539
req_0400,6,17.849151611328125,17.98593500006973,44,14.629631996154783,14.788440999836894,44,1.2200683937927865,1.216215759339886
req_0400,7,18.3272647857666,18.492545999833965,45,14.225215911865234,14.403023999875586,45,1.2883646124822508,1.2839349569919278
req_0400,8,18.085983276367188,18.223132000457557,46,14.38310432434082,14.559965999978886,46,1.2574464363551832,1.2515916589698068
req_0400,9,18.378528594970703,18.5449869995864,47,14.665311813354492,14.842222999959631,47,1.2531972609157134,1.2494750280761069
req_0400,10,18.07436752319336,18.27800200044294,48,14.608575820922852,14.762450000034733,48,1.2372436399519995,1.2381415009297194
req_0400,11,18.184799194335938,18.338093999773264,49,14.752351760864258,14.89788300023065,49,1.2326712031486018,1.230919453420956
req_0400,12,18.19852828979492,18.359593000241148,50,14.540800094604492,14.694339000016043,50,1.25154930756167,1.2494330639997555
req_0400,13,19.02764892578125,19.183610000254703,51,14.62758445739746,14.784280999720067,51,1.3008059520147628,1.2975680048707092
req_0400,14,18.46329689025879,18.621878999510955,52,14.59404754638672,14.748481000424364,52,1.2651251704898028,1.2626303006374107
req_0400,15,17.955007553100586,18.14566899975034,53,14.716927528381348,14.869311999973434,53,1.2200241876896285,1.220343550514157
req_0400,16,17.79724884033203,17.965605999961554,54,15.127552032470703,15.26947199999995,54,1.1764791026420487,1.1765702180115731
req_0400,17,17.862655639648438,18.023467000602977,55,14.624320030212402,14.78345099985745,55,1.2214349523769963,1.2191650650972339
req_0400,18,17.523712158203125,17.695079999612062,56,15.71059226989746,15.861932999996498,56,1.1154074815995145,1.11556895364619
req_0400,19,17.37727928161621,17.53217700024834,57,14.62883186340332,14.79976100017666,57,1.1878788028925693,1.184625684160647
req_0400,20,17.402559280395508,17.552938000335416,58,14.964735984802246,15.127888999813877,58,1.1629045308964385,1.1603031989824473
req_0400,21,18.05414390563965,18.219639999188075,59,15.045632362365724,15.201768999759224,59,1.1999591290559006,1.1985210405102624
req_0400,22,17.767423629760742,17.926674000591447,60,14.425087928771973,14.578167000308897,60,1.231702968986568,1.2296932803837135
req_0400,23,18.284160614013672,18.434275999425157,61,14.469183921813965,14.616516999922167,61,1.2636621880552772,1.2611948523388519
req_0400,24,18.579456329345703,18.73925100062479,62,14.512800216674805,14.669259000129388,62,1.2802116787908666,1.277450415215895
req_0400,25,17.665184020996094,17.81222199952026,63,14.61616039276123,14.774880999993911,63,1.208606333421527,1.2055746506200355
req_0400,26,17.646591186523438,17.811034000260406,64,14.975711822509766,15.159288999711862,64,1.1783474064985087,1.1749254203544075
req_0400,27,17.319040298461914,17.503735999525816,65,15.18387222290039,15.352803000041604,65,1.140620787913458,1.140100345160319
req_0400,28,17.727487564086914,17.893922999974166,66,14.917632102966309,15.084206000210544,66,1.1883580076064402,1.1862688032584814
req_0400,29,17.513471603393555,17.70707100058644,67,14.83289623260498,14.993605999734427,67,1.1807182716546119,1.18097481025579
req_0400,30,17.719295501708984,17.86974399965402,68,14.654080390930176,14.839152000149625,68,1.209171440923441,1.2042294599768124
req_0400,31,17.762304306030273,17.90921400061052,69,15.145919799804688,15.317922000122053,69,1.1727451710301098,1.1691673322574576
req_0400,32,17.708032608032227,17.87442399927386,70,14.313471794128418,14.486345000022991,70,1.2371584520323227,1.2338808719000887
req_0400,33,17.538272857666016,17.703479999909177,71,14.41484832763672,14.594586999919557,71,1.2166810540795592,1.2130168534407144
req_0400,34,18.00601577758789,18.18323000043165,72,14.482751846313477,14.633337999839569,72,1.2432730995229506,1.2425893532036913
req_0400,35,18.88665580749512,19.06738799971208,73,15.278079986572266,15.467284999886031,73,1.2361930179770229,1.2327559749401769
req_0400,36,17.948671340942383,18.12167900061468,74,14.436351776123049,14.646479000020918,74,1.2432968951773897,1.2372720433756672
req_0400,37,17.549951553344727,17.71275000010064,75,15.005696296691896,15.168628000083118,75,1.1695526289715545,1.1677226180247537
req_0400,38,18.513919830322266,18.681110999750672,76,14.857215881347656,15.027537000150916,76,1.2461230945405715,1.2431252705991052
req_0400,39,17.5928955078125,17.76350099953561,77,15.474495887756348,15.663598000173806,77,1.1368961958710566,1.1340626208192077
req_0400,40,17.464223861694336,17.634589000408596,78,15.250432014465332,15.445504999661352,78,1.1451625662229883,1.141729519416506
req_0400,41,18.101119995117188,18.26903199980734,79,14.814208030700684,15.009396000095876,79,1.221875645164748,1.2171730294603889
req_0400,42,17.478527069091797,17.64630900015618,80,15.138815879821776,15.316991999952734,80,1.1545504752712248,1.1520740495399249
req_0400,43,17.389759063720703,17.556366999997408,81,15.721183776855469,15.904333999969822,81,1.106135473673534,1.1038731329479574
req_0400,44,17.908735275268555,18.06986700012203,82,14.721152305603027,14.914812999904823,82,1.2165308057068536,1.2115382874889107
req_0400,45,17.496896743774414,17.664881000200694,83,15.600895881652832,15.771301000313542,83,1.1215315374517267,1.1200649204431206
req_0400,46,18.163679122924805,18.343662999541262,84,14.585856437683104,14.755520000107936,84,1.2452939736879804,1.2431729277861492
req_0400,47,18.714624404907227,18.89132399992377,85,14.59404754638672,14.753330999610624,85,1.2823464049588287,1.2804785577184135
req_0400,48,17.958911895751953,18.14325000032113,86,14.438400268554688,14.610847000312788,86,1.2438297568785768,1.2417657922181187
req_0400,49,18.297664642333984,18.48753600006603,87,14.27619171142578,14.430334999815386,87,1.2816908747232405,1.2811577832602326
req_0400,50,17.744895935058594,17.930394999893906,88,14.512543678283691,14.6757779998552,88,1.2227281673309784,1.221767936260062
req_0400,51,17.878719329833984,18.053666999549023,89,14.539775848388672,14.685710000321706,89,1.2296420189872006,1.2293356602543246
req_0400,52,17.59836769104004,17.78498200019385,90,14.350336074829102,14.505964999898424,90,1.2263383658246219,1.2260461127762534
req_0400,53,18.45548820495605,18.64212899999984,91,14.416895866394045,14.593158000025142,91,1.2801291190550952,1.2774568054404485
req_0400,54,17.408960342407227,17.59633900019253,92,14.453503608703612,14.606636999815237,92,1.2044802985985972,1.2046810638489278
req_0400,55,17.483776092529297,17.650758999479876,93,14.393343925476074,14.553896000052193,93,1.214712590976388,1.212785840947096
req_0400,56,17.41619110107422,17.586726999979874,94,14.35916805267334,14.53222600002846,94,1.212896947593822,1.2101881019429117
req_0400,57,17.45907211303711,17.629580000175338,95,14.67801570892334,14.823031000105402,95,1.1894708698549121,1.1893370525940328
req_0400,58,18.65216064453125,18.82335200025409,96,16.093183517456055,16.266592999727436,96,1.1590100009920044,1.1571785192246153
req_0400,59,17.40563201904297,17.57927800008474,97,14.531167984008787,14.70220800001698,97,1.1978136952375378,1.1956896542386313
req_0400,60,17.920000076293945,18.09368900012487,98,15.114239692687988,15.280032000191568,98,1.18563688552348,1.18413947038187
req_0400,61,17.8472957611084,18.027185999926587,99,14.71078395843506,14.872742000079596,99,1.2132117371538778,1.2120956579378643
req_0400,62,17.50636863708496,17.69508999950631,100,14.429792404174805,14.588757999717927,100,1.2132100134732393,1.21292641908574
req_0400,63,17.832128524780273,18.064498000057934,101,14.443488121032717,14.601697000216518,101,1.2346137148694014,1.2371505859757308
req_0833,2,18.928640365600582,19.202960999791685,3386,15.485600471496582,15.73055100016063,3386,1.222338158629457,1.220743062312032
req_0833,3,18.329599380493164,18.485536000298453,3387,14.908032417297363,15.047626000068703,3387,1.229511639592751,1.2284685969875948
req_0833,4,18.23846435546875,18.41012499971839,3388,15.065024375915527,15.218449999792938,3388,1.2106495084486293,1.2097240520531907
req_0833,5,17.724159240722656,17.901643999721273,3389,14.936063766479492,15.064016999986052,3389,1.1866686911514392,1.1883712026969864
req_0833,6,17.890239715576172,18.03863800068939,3390,14.812064170837402,14.96448500029146,3390,1.2078154340432312,1.2054299229367436
req_0833,7,17.681407928466797,17.857062999610207,3391,14.71078395843506,14.855941999940114,3391,1.201935123133149,1.2020148570640752
req_0833,8,18.315263748168945,18.523587999879965,3392,16.027456283569336,16.15733900007399,3392,1.1427430169904735,1.146450414873089
req_0833,9,18.47596740722656,18.67247900008806,3393,14.264448165893556,14.408084000024246,3393,1.2952458582591921,1.295972386061647
req_0833,10,19.59116744995117,19.77261400043062,3394,14.323616027832031,14.473834000000352,3394,1.367752906241261,1.3660937385650644
req_0833,11,17.692703247070312,17.85335299973667,3395,14.456831932067873,14.605498000037189,3395,1.2238299047957175,1.2223720820537043
req_0833,12,17.909439086914062,18.074067999805266,3396,15.274720191955566,15.407142999720236,3396,1.1724888483617573,1.173096660434284
req_0833,13,18.070528030395508,18.230651000521902,3397,14.613216400146484,14.75675100027729,3397,1.2365879992179112,1.235410897709078
req_0833,14,18.55660820007324,18.71064999977534,3398,15.361472129821776,15.489264999814624,3398,1.2079967364617765,1.20797533001077
req_0833,15,17.35807991027832,17.509647000224504,3399,15.740927696228027,15.8789639999668,3399,1.102735508685286,1.1026945460838071
req_0833,16,17.66281509399414,17.815472999245685,3400,14.99135971069336,15.118298000288632,3400,1.1781996720014147,1.1784046721995796
req_0833,17,17.288576126098633,17.460626000683988,3401,14.751903533935549,14.909913999872517,3401,1.1719556114455112,1.1710748969332272
req_0833,18,17.345504760742188,17.503545000181475,3402,15.036416053771973,15.171508000094036,3402,1.1535664282441138,1.153711615224603
req_0833,19,17.332096099853516,17.487737000010384,3403,14.947327613830566,15.103398999599449,3403,1.159544806110783,1.157867642937472
req_0833,20,18.10022354125977,18.2587319995946,3404,14.96063995361328,15.13739700021688,3404,1.2098562359217944,1.2062002469336701
req_0833,21,18.5088005065918,18.691510999815364,3405,15.756928443908691,15.937884999857488,3405,1.174645209088763,1.1727723596940558
req_0833,22,17.862655639648438,18.071266999868385,3406,14.114080429077148,14.302771000075154,3406,1.2655911753803426,1.2634801326102074
req_0833,23,17.739103317260742,17.92568500059133,3407,15.146047592163086,15.349343000252702,3407,1.1712034581509807,1.1678470537987333
req_0839,2,20.117504119873047,20.418965000317257,3428,15.255552291870115,15.489614999751211,3428,1.3187004793391799,1.3182357986718984
req_0839,3,18.6746883392334,18.86897499935003,3429,14.897343635559082,15.052997000111644,3429,1.2535582716007179,1.2535028738270582
req_0839,4,18.6296329498291,18.802401999892027,3430,15.028223991394045,15.187119000074745,3430,1.2396430183964129,1.238049296894262
req_0839,5,18.143999099731445,18.30999400044675,3431,14.789631843566896,14.943855000183248,3431,1.2268053249495599,1.2252523863636406
req_0839,6,21.303295135498047,21.49605599970528,3432,14.543871879577637,14.688517999729813,3432,1.4647609186802537,1.463459826246643
req_0839,7,17.95689582824707,18.174730999817257,3433,14.913536071777344,15.048456999920743,3433,1.2040669457479665,1.2077471464292304
req_0839,8,18.025056838989254,18.189950000305544,3434,14.430208206176758,14.596047000395629,3434,1.2491196649036391,1.2462244058142935
req_0839,9,17.795072555541992,17.960715999834065,3435,14.493696212768556,14.645278999978473,3435,1.2277801531306425,1.2263826452101367
req_0839,10,18.102272033691406,18.26957200046309,3436,15.107872009277344,15.262530999734736,3436,1.19820131005712,1.1970211232187253
req_0839,11,17.62259292602539,17.782922000151302,3437,15.559679985046388,15.712169999915204,3437,1.1325806792274367,1.1317928714014216
req_0839,12,18.10943984985352,18.274641999596497,3438,15.073344230651855,15.225969000312034,3438,1.2014215009452063,1.2002285042890857
req_0681,2,18.86515235900879,19.144681000398123,1218,15.385408401489258,15.58868700021776,1218,1.2261716989704805,1.2281137596855134
req_0681,3,18.00499153137207,18.171578999499616,1219,15.173888206481934,15.314972999931342,1219,1.1865773153436543,1.186523737232908
req_0681,4,18.278240203857425,18.449656000484534,1220,14.97702407836914,15.13036699998338,1220,1.2204186965457398,1.2193792788043278
req_0681,5,17.918880462646484,18.103579000126047,1221,14.6810884475708,14.83101199983139,1221,1.220541687126163,1.2206570259893164
req_0681,6,18.147199630737305,18.331052999201347,1222,14.58892822265625,14.755220000097324,1222,1.2439021807342328,1.242343590883798
req_0681,7,17.74176025390625,17.908005000208504,1223,14.597984313964844,14.742941999884351,1223,1.2153568514890087,1.2146832701606627
req_0681,8,18.273855209350582,18.438414999764063,1224,14.47935962677002,14.605666000079507,1224,1.2620623895248204,1.2624152160992652
req_0681,9,18.43302345275879,18.718202000854944,1225,14.715840339660645,14.860903000226244,1225,1.252597407100155,1.2595602030758142
req_0681,10,18.2475528717041,18.406915000014124,1226,14.921728134155272,15.069676999701189,1226,1.22288468920273,1.221453850694949
req_0681,11,19.08470344543457,19.251321999945503,1227,14.458880424499512,14.60255700021662,1227,1.3199295439982297,1.3183528062694718
req_0681,12,18.117599487304688,18.28942299925984,1228,14.4967041015625,14.620248000028369,1228,1.24977369755046,1.2509653050498428
req_0681,13,18.19424057006836,18.36640300007275,1229,15.599616050720217,15.754529999867373,1229,1.1663261782156717,1.1657855232893248
req_0681,14,18.396160125732425,18.586029000289276,1230,14.954496383666992,15.125409000120271,1230,1.2301424035799928,1.2287951354004039
req_0681,15,18.053119659423828,18.236992000311147,1231,15.02889633178711,15.181978999862622,1231,1.2012272399031914,1.201226269676448
req_0681,16,17.879615783691406,18.03633700001228,1232,14.952447891235352,15.098377999947845,1232,1.195765129144631,1.1945877232689885
req_0797,2,18.993343353271484,19.252671999311133,2031,15.641280174255373,15.90069299982133,2031,1.2143087484957535,1.2108071012708357
req_0797,3,18.519968032836918,18.714532000558396,2032,15.06054401397705,15.209640000193758,2032,1.2297011326848035,1.2304388532746329
req_0797,4,19.948223114013672,20.15203999962978,2033,14.88383960723877,15.041625999856478,2033,1.3402605537560237,1.3397514337759802
req_0797,5,20.7891845703125,20.99675800036493,2034,14.79372787475586,14.947493999898144,2034,1.405270175733551,1.4047008816667201
req_0797,6,20.45030403137207,20.634210000025632,2035,15.396544456481934,15.542597000148817,2035,1.328239858571805,1.3275908781414112
req_0797,7,18.73308753967285,18.94291499957035,2036,14.837535858154297,14.994504999776836,2036,1.26254707781398,1.2633237976080087
req_0797,8,18.18623924255371,18.41022600001452,2037,14.939680099487305,15.074618000198823,2037,1.2173111553558513,1.2212731360603435
req_0797,9,18.545312881469727,18.71626100000867,2038,14.917759895324709,15.067245999944134,2038,1.243170087975602,1.2421819488497146
req_0797,10,17.711103439331055,17.881794000459195,2039,14.400287628173828,14.547867000146653,2039,1.229913172336898,1.229169472079923
req_0797,11,17.886016845703125,18.038906999208848,2040,14.487711906433104,14.624356999775046,2040,1.2345646407947306,1.23348376954189
req_0797,12,17.594528198242188,17.77999300065858,2041,14.851072311401367,14.986105999923891,2041,1.1847311648152594,1.1864318189627696
req_0797,13,18.19852828979492,18.442845000208763,2042,14.649344444274902,14.8014010001134,2042,1.2422759502325083,1.2460202247116652
req_0797,14,18.322080612182617,18.557517999397533,2043,14.99443244934082,15.146668999932444,2043,1.2219255829845088,1.2251880594657678
req_0797,15,18.932735443115234,19.123689000480223,2044,14.833663940429688,14.97519500026101,2044,1.2763357400536344,1.2770243726473616
req_0797,16,18.081504821777344,18.26306199927785,2045,14.929920196533203,15.082226999766135,2045,1.211091860087501,1.2108995574434092
req_0797,17,17.80633544921875,17.97481700032222,2046,14.58351993560791,14.72447000014654,2046,1.2209902360912086,1.220744583685751
req_0797,18,18.594816207885746,18.751951000012923,2047,14.523391723632812,14.683557999887851,2047,1.2803356517353872,1.2770713338113382
req_0797,19,19.569664001464844,19.77079300013429,2048,15.695648193359377,15.834683000321093,2048,1.2468210143589045,1.248575231959704
req_0797,20,18.0153923034668,18.211030999736977,2049,14.756640434265137,14.896202999807429,2049,1.2208329113742444,1.2225283852517586
req_0797,21,18.18828773498535,18.370564000179,2050,14.877408027648926,15.029076999780957,2050,1.2225441220126059,1.2223348114090271
req_0797,22,17.85331153869629,18.020696999883512,2051,14.963711738586426,15.108527000393224,2051,1.1931071548684373,1.1927500939975482
req_0046,2,17.85036849975586,18.00548700066429,37,15.118911743164062,15.273949999937033,37,1.1806649051858387,1.178836319402546
req_0046,3,17.573631286621094,17.72378099940397,38,14.551039695739746,14.708210999742732,38,1.207723410428624,1.2050262944768733
req_0046,4,18.63257598876953,18.79170200027147,39,14.58995246887207,14.733599000010145,39,1.2770827066450334,1.2754318887230833
req_0046,5,17.6430721282959,17.808872999921732,40,15.229951858520508,15.406244000132574,40,1.158445692553214,1.1559516388140083
req_0046,6,18.260671615600582,18.41257500018401,41,14.638912200927734,14.773631000025487,41,1.2474063212458724,1.2463134486134277
req_0046,7,17.865535736083984,18.019396999989112,42,14.713855743408203,14.85913199985589,42,1.2141981033141318,1.212681669438287
req_0046,8,17.68556785583496,17.832644000009168,43,14.554112434387209,14.684460000353283,43,1.215159490870018,1.2143888164481462
req_0046,9,17.544191360473633,17.700329999570386,44,14.571167945861816,14.716148999923462,44,1.2040346680278398,1.202782738858002
req_0046,10,18.01728057861328,18.186041000262776,45,14.529536247253418,14.67928900001425,45,1.24004512408434,1.2388911343216364
req_0046,11,17.715776443481445,17.885553000269283,46,14.409728050231934,14.567066999916278,46,1.2294316993162338,1.2278074234416632
req_0046,12,17.80838394165039,17.978777000280388,47,14.540800094604492,14.66615900017132,47,1.2247182978781455,1.2258681363041526
req_0046,13,18.004127502441406,18.16071899975213,48,14.129183769226074,14.263369999753197,48,1.2742510676133405,1.2732418075157814
req_0046,14,17.82169532775879,17.983656999604136,49,15.27676773071289,15.436815000157369,49,1.1665880925799177,1.1649849401849284
req_0046,15,17.993728637695312,18.15600900044956,50,14.318304061889648,14.548164999723667,50,1.2566941280139712,1.247993063097265
req_0046,16,17.673215866088867,17.83277399954386,51,14.89577579498291,15.08827800034851,51,1.186458235497975,1.1818959061552259
req_0046,17,19.125280380249023,19.27491300011752,52,14.538751602172852,14.682228999845393,52,1.3154692303423565,1.3128056373674932
req_0046,18,17.652671813964844,17.81498200034548,53,15.09171199798584,15.23966000013388,53,1.1696931280109766,1.1689881532914106
req_0046,19,17.697792053222656,17.85797399952571,54,14.69644832611084,14.84718299980159,54,1.2042223849267988,1.202785336434821
req_0046,20,17.833887100219727,17.992826000408968,55,14.68291187286377,14.818140999977912,55,1.2146015214583854,1.2142431361960848
req_0046,21,17.690624237060547,17.8471740000532,56,14.47036838531494,14.617427999837671,56,1.222541387060584,1.2209517296922137
req_0046,22,18.02003288269043,18.17200999994384,57,14.445216178894045,14.590307000162284,57,1.2474740882742594,1.2454851018379338
req_0046,23,17.952415466308594,18.147808999856352,58,14.836735725402832,14.978705999965314,58,1.2099976570702966,1.2115738836117336
req_0046,24,17.980159759521484,18.1640310001967,59,15.117024421691896,15.259830000104555,59,1.1893980758356906,1.190316733546327
req_0046,25,18.100255966186523,18.260580999594826,60,14.147583961486816,14.276310999775887,60,1.2793884818397152,1.2790826005318519
req_0046,26,17.774240493774414,17.93501600059244,61,14.550848007202148,14.690489000258822,61,1.221526091467439,1.2208590197560105
req_0046,27,18.028064727783203,18.19763999992574,62,14.867456436157228,15.015644999948565,62,1.2125856769917593,1.211911975808437
req_0046,28,18.84467124938965,19.004076999408426,63,15.674528121948242,15.821113000129117,63,1.202248074249994,1.2011845815938065
req_0046,29,17.738752365112305,17.893664999974135,64,14.525440216064451,14.649797999936707,64,1.2212196051376178,1.2214274217331489
req_0046,30,17.646175384521484,17.821352000282786,65,14.434304237365724,14.571397000054276,65,1.2225165199747743,1.2230366107118216
req_0046,31,17.432575225830078,17.581699000402295,66,14.499839782714844,14.64224799974545,66,1.2022598516303145,1.2007513464263102
req_0046,32,17.47248077392578,17.615818999729527,67,14.900223731994627,15.057566999985283,67,1.1726321086312184,1.1698980983944314
req_0046,33,17.62099266052246,17.766281999683997,68,14.898176193237305,15.043895999951928,68,1.1827617308299199,1.1809628303559643
req_0046,34,17.772544860839844,17.91738500014617,69,14.646431922912598,14.818332000231749,69,1.2134385326324302,1.2091364264119573
req_0046,35,17.495647430419922,17.638829999668815,70,14.34483242034912,14.486434999980702,70,1.219648087739328,1.2176101297311803
req_0046,36,17.63737678527832,17.785742000341997,71,14.409503936767578,14.579167000192683,71,1.2240099910916737,1.2199422641984234
req_0046,37,17.755840301513672,17.906875000335276,72,14.820351600646973,15.025625999896874,72,1.198071461458347,1.1917556713083486
req_0046,38,18.062400817871094,18.2168309993358,73,14.408448219299316,14.56644600011714,73,1.2535979269216175,1.250602308839734
req_0046,39,18.756607055664062,18.901975000517268,74,14.368767738342283,14.500705999580532,74,1.3053733902047193,1.303521014843281
req_0046,40,17.65977668762207,17.81104299971048,75,14.352383613586426,14.483754000139015,75,1.2304420759005328,1.2297255945896022
req_0046,41,17.807199478149414,17.952117000277212,76,16.346111297607422,16.48207700009152,76,1.0893844507687802,1.0891902155400395
req_0046,42,17.537919998168945,17.692558999442554,77,14.789631843566896,14.9347729998226,77,1.1858253257194824,1.18465536768806
req_0046,43,17.99679946899414,18.160521000027074,78,14.329376220703123,14.480396000180916,78,1.2559373968416234,1.254145328608429
req_0046,44,17.739648818969727,17.900635000842158,79,14.608384132385254,14.753899999959684,79,1.2143470939843912,1.2132815730682107
req_0046,45,17.84934425354004,18.00506699964899,80,14.507007598876951,14.661609000086171,80,1.2303946304489308,1.228041683524855
req_0046,46,18.19340705871582,18.3411440002601,81,14.272192001342772,14.427162999709251,81,1.274745116727979,1.2712924918523294
req_0046,47,17.95235252380371,18.095118000019283,82,14.480095863342283,14.63339800011454,82,1.2397951431559076,1.2365629636997264
req_0046,48,17.636192321777344,17.817382999965048,83,14.411775588989258,14.575057000001834,83,1.2237348696472607,1.2224571746074684
req_0046,49,17.873920440673828,18.01774699924863,84,14.48031997680664,14.64524800030631,84,1.2343594940790514,1.2302794052290396
req_0046,50,17.98636817932129,18.157231000259344,85,14.248640060424805,14.396313999895938,85,1.2623217446048005,1.2612416623026277
req_0046,51,18.45657539367676,18.606048000037845,86,14.614527702331545,14.775019999888173,86,1.2628923609164784,1.2592908842207096
req_0046,52,17.935359954833984,18.104538999978104,87,14.457856178283691,14.60174800013192,87,1.2405269310794258,1.2398884708744828
req_0046,53,18.07753562927246,18.253883000397764,88,14.418784141540527,14.571075999811,88,1.253748960509858,1.252747772411216
req_0046,54,29.64790344238281,29.828687000190257,89,14.637791633605955,14.828223000222351,89,2.0254355427710906,2.011615754614897
req_0046,55,18.56515121459961,18.73449199956667,90,15.581184387207031,15.783590999944863,90,1.191510911702102,1.1869600523500714
req_0046,56,18.08367919921875,18.228431999887107,91,14.406463623046877,14.55671599978814,91,1.255247621650133,1.2522351882218767
req_0046,57,17.854463577270508,17.99185599975317,92,14.690431594848633,14.837272000022494,92,1.2153804646237472,1.212612129758482
req_0046,58,18.35798454284668,18.509597000047503,93,14.887167930603027,15.030036000098336,93,1.2331414966515435,1.2315071633844656
req_0046,59,17.836959838867188,17.989837000641273,94,14.892864227294922,15.041687000120874,94,1.1976849829985337,1.1959986270487286
req_0046,60,18.118656158447266,18.27302299989242,95,14.847968101501465,15.000784999756434,95,1.2202784943089324,1.218137784135238
req_0046,61,17.683456420898438,17.8474529993764,96,14.737407684326172,14.882544000101916,96,1.1999027779970766,1.1992205767544972
req_0046,62,18.721599578857425,18.886865000240505,97,14.49343967437744,14.62388700019801,97,1.2917292236676456,1.291507859708214
req_0086,2,17.78995132446289,17.94969399998081,39,14.72332763671875,14.873323000301752,39,1.2082833285660395,1.2068381759487536
req_0086,3,17.947647094726562,18.1006000002526,40,15.824799537658691,15.99198499980048,40,1.1341468845792375,1.1318544883876787
req_0086,4,18.989696502685547,19.12728800016339,41,14.548992156982422,14.708709999922576,41,1.3052241899499493,1.3004055420403333
req_0086,5,18.42790412902832,18.594219000078738,42,14.69542407989502,14.84221200007596,42,1.2539892710030567,1.252792979913208
req_0086,6,17.584224700927734,17.733220999616606,43,14.457023620605469,14.620857999943835,43,1.2163101591578707,1.2128714333785833
req_0086,7,17.63590431213379,17.790032000448264,44,14.408703804016112,14.574956000160457,44,1.2239757685363875,1.2205890707493328
req_0086,8,17.507200241088867,17.645769999944605,45,14.553088188171388,14.769181999781722,45,1.2029886725566985,1.1947696223260975
req_0086,9,17.70470428466797,17.85645299969474,46,14.658559799194336,14.88767299997562,46,1.2078065326472969,1.1994119564369783
req_0086,10,17.571712493896484,17.72689200060995,47,14.852095603942873,15.000416000020778,47,1.1831133438995383,1.1817600258943084
req_0086,11,18.337791442871094,18.51273699958256,48,15.115232467651367,15.28042000018104,48,1.213199431905294,1.2115332562431678
req_0086,12,17.562463760375977,17.71732100041845,49,14.495295524597168,14.697380000143312,49,1.211597495930601,1.2054747853185868
req_0086,13,18.46067237854004,18.625058999532484,50,15.083135604858398,15.25017999983902,50,1.2239280254560403,1.2213009288893042
req_0086,14,17.846271514892578,17.991186000472226,51,14.852767944335938,15.00417599982029,51,1.2015451653035625,1.1990785765701304
req_0086,15,19.08345603942871,19.239403000028688,52,15.133472442626951,15.288631000203168,52,1.261009732682085,1.2584124111421762
req_0086,16,17.361791610717773,17.517835999569797,53,15.949824333190918,16.11072800005786,53,1.0885255691869038,1.0873398147809883
req_0086,17,17.427391052246094,17.591808000361198,54,14.46604824066162,14.622528000018065,54,1.2047098670154188,1.20306201501816
req_0086,18,17.526784896850586,17.678979999800504,55,15.371264457702637,15.517785999691114,55,1.1402305220289022,1.1392720585367273
req_0086,19,17.697792053222656,17.84052399943903,56,14.83356761932373,14.99740600002042,56,1.1930907322772233,1.1895739836218835
req_0086,20,17.453887939453125,17.602337999960582,57,14.676992416381836,14.84606200028793,57,1.1892005830821195,1.1856570449200061
req_0086,21,17.580896377563477,17.716921000101138,58,14.505536079406738,14.672298999812485,58,1.2120128674542938,1.2075081758030943
req_0086,22,17.72972869873047,17.89249400007975,59,14.615551948547363,14.780140000311803,59,1.213072811834015,1.2105767604164974
req_0086,23,17.568767547607422,17.71914100027061,60,14.898176193237305,15.060587999869313,60,1.1792562606141261,1.176523851553762
req_0086,24,17.814495086669922,17.971297000258346,61,15.137791633605955,15.306070999940856,61,1.1768225853447258,1.174128683992632
req_0001,2,17.726272583007812,17.870865000077174,34,14.280799865722656,14.43710400008058,34,1.241266088011997,1.2378427834264703
req_0001,3,17.775615692138672,17.93216499936534,35,14.338047981262209,14.520176000132778,35,1.2397514442251047,1.2349826199903748
req_0001,4,18.05926322937012,18.24375100022735,36,14.449664115905762,14.626997000050324,36,1.249805053218574,1.247265655429107
req_0001,5,19.327999114990234,19.49739799965755,37,14.764960289001465,14.913783999872976,37,1.3090451133409287,1.3073407794979204
req_0001,6,17.494112014770508,17.677770000773307,38,14.196736335754396,14.338882000174635,38,1.2322629371309581,1.2328555322903143
req_0001,7,17.955839157104492,18.108148999999685,39,14.223039627075195,14.37678299998879,39,1.262447383112361,1.259541094834206
req_0001,8,17.85036849975586,17.997555999500037,40,14.912511825561523,15.046666999751324,40,1.197006158892599,1.1961157909454287
req_0001,9,18.006240844726562,18.162029999984952,41,14.569472312927246,14.69604000021718,41,1.2358883326714538,1.2358451664337162
req_0746,2,18.93267250061035,19.209661999411765,1698,15.51257610321045,15.742260000024544,1698,1.220472497581629,1.220260750323131
req_0746,3,17.95574378967285,18.11839800029702,1699,16.14531135559082,16.292963000068994,1699,1.1121336339825438,1.1120382462183396
req_0746,4,18.04902458190918,18.2253020002463,1700,15.27932834625244,15.456913999969402,1700,1.181270810659427,1.1791035390558802
req_0746,5,17.632831573486328,17.791540999496647,1701,14.653183937072754,14.799441999912233,1701,1.2033447235228534,1.20217647392396
req_0746,6,18.00876808166504,18.171891000747564,1702,14.598143577575684,14.745298999969236,1702,1.2336341251861942,1.2323853860668053
req_0746,7,18.353151321411133,18.50946699960332,1703,15.217663764953612,15.364194000085265,1703,1.2060426360371144,1.2047144809223704
req_0746,8,17.787647247314453,17.93920500040258,1704,14.624992370605469,14.763829999992597,1704,1.216250018910475,1.215077998081228
req_0746,9,17.45305633544922,17.605557999559096,1705,14.440447807312012,14.593907999824296,1705,1.2086229297274116,1.2063635045370342
req_0746,10,17.87081527709961,18.06599900010042,1706,14.412799835205078,14.552506000200085,1706,1.2399266958143618,1.2414355987794836
req_0746,11,18.61315155029297,18.777162000333192,1707,14.990336418151855,15.141007999773135,1707,1.2416767063182272,1.240152703215964
req_0746,12,18.234079360961918,18.393204999483714,1708,14.522368431091309,14.665799000340485,1708,1.2555857846110083,1.25415635377634
req_0746,13,17.721952438354492,17.86050300052011,1709,14.962688446044922,15.1064779997796,1709,1.1844096401699071,1.1823075504946086
req_0746,14,17.545215606689453,17.695869999442948,1710,15.681280136108398,15.829592000045524,1710,1.1188637314302596,1.1178980481235434
req_0706,2,18.402496337890625,18.617457999425824,1380,15.08572769165039,15.28503199961051,1380,1.2198613626093748,1.2180189089496332
req_0706,3,18.19609642028809,18.3701440000732,1381,14.659584045410156,14.814201000262983,1381,1.2412423411143918,1.2400360977785498
req_0706,4,18.11039924621582,18.275012000231072,1382,15.238431930541992,15.376292999917496,1382,1.188468690792103,1.1885187151629544
req_0706,5,17.628032684326172,17.814253000324243,1383,14.78451156616211,14.938683999844216,1383,1.1923310827983078,1.1924914537659417
req_0706,6,18.76979255676269,18.93045599990728,1384,14.712960243225098,14.85697300040556,1384,1.2757318885168367,1.2741798749577404
req_0706,7,17.91663932800293,18.074276999868744,1385,14.505824089050291,14.66237899967382,1385,1.2351341928603208,1.2326974360893839
req_0706,8,18.48627281188965,18.651819999831787,1386,14.67311954498291,14.821172000210936,1386,1.2598733865158582,1.258457833129953
req_0706,9,17.960927963256836,18.131739000637022,1387,14.69542407989502,14.847632000055455,1387,1.222212293133438,1.2211872573733846
req_0706,10,18.603008270263672,18.768191999697592,1388,14.717951774597168,14.847002999886172,1388,1.2639671983687308,1.2641064327825273
req_0706,11,17.718271255493164,17.877413999485725,1389,14.708736419677734,14.852931999939756,1389,1.2046086590952296,1.2036286168655614
req_0706,12,18.028095245361328,18.18261000062193,1390,14.504960060119627,14.645668999946793,1390,1.2428917536235287,1.2415008150660778
req_0706,13,17.901567459106445,18.053777999739395,1391,15.591423988342283,15.738080000119226,1391,1.148167574205631,1.147139803559432
req_0706,14,17.868736267089844,18.013576000157627,1392,14.419967651367188,14.569126999958826,1392,1.2391661825535143,1.2364210978604646
req_0706,15,17.63385581970215,17.790472999877238,1393,14.722208023071287,14.869241999804215,1393,1.197772493913141,1.1964613260118766
req_0706,16,18.229248046875,18.392904000393173,1394,14.684160232543944,14.824673000020994,1394,1.2414225776748344,1.240695427168419
req_0706,17,17.748672485351562,17.897563999213162,1395,15.691391944885254,15.835902000162603,1395,1.1311088619602607,1.1301891107326498
req_0706,18,18.82624053955078,18.98376700046356,1396,14.721759796142578,14.853133000087835,1396,1.2788036756640784,1.278098499511941
req_0706,19,17.888063430786133,18.05778699963412,1397,15.073280334472656,15.2211790000365,1397,1.1867399155229705,1.1863592826541767
req_0706,20,18.29052734375,18.465346000084537,1398,14.580575942993164,14.736951000031697,1398,1.2544447774396517,1.2529963626834901
req_0706,21,18.111616134643555,18.273061999934725,1399,15.217663764953612,15.370631999758189,1399,1.190170607945402,1.188829580997203
req_0706,22,18.490943908691406,18.680191000385094,1400,15.024127960205078,15.179640000042127,1400,1.230749894946915,1.2306083016681062
req_0706,23,18.559904098510746,18.7433510000119,1401,15.456255912780762,15.627547999883973,1401,1.2008020702583981,1.1993788788971282
req_0706,24,18.83635139465332,19.013107999853677,1402,15.781023979187012,15.938354000354591,1402,1.1936076784051441,1.1929154039012233
req_0706,25,17.673023223876953,17.840882999735186,1403,14.869440078735352,15.019456999652904,1403,1.1885466520794539,1.187851398365965
req_0672,2,18.336448669433597,18.571318999420328,1153,14.865407943725586,15.054745999805164,1153,1.233497845390316,1.2335856745547666
req_0672,3,18.42060852050781,18.578197000351796,1154,14.567584037780762,14.725360000284129,1154,1.2644930328003805,1.2616463706145946
req_0672,4,17.982463836669922,18.13612000023568,1155,15.574751853942873,15.73428999972748,1155,1.154590712282682,1.152649404615639
req_0672,5,18.114559173583984,18.2753919998504,1156,14.223360061645508,14.484905000244908,1156,1.2735780501283536,1.2616853199618088
req_0672,6,17.900543212890625,18.06080799997289,1157,14.68825626373291,14.880772999731562,1157,1.2186976378597942,1.2137009280565394
req_0672,7,18.769920349121094,18.941135999739345,1158,14.775296211242676,14.919814000222686,1158,1.270358311655293,1.2695289632603086
req_0672,8,17.757183074951172,17.919744000209903,1159,14.503616333007812,14.652708000085113,1159,1.2243279653322587,1.2229646560967307
req_0672,9,18.749439239501957,18.91250599965133,1160,14.618592262268066,14.765830999749596,1160,1.2825748815702307,1.28082909793374
req_0672,10,17.73561668395996,17.895894000503176,1161,14.560256004333496,14.68466999995144,1161,1.2180841242545046,1.2186786628887374
req_0672,11,18.295808792114254,18.44992599944817,1162,14.445440292358398,14.58265700011907,1162,1.2665455965224328,1.2651964590058946
req_0672,12,18.15827178955078,18.32389300034265,1163,14.610079765319824,14.759680000224762,1163,1.2428591822375505,1.241483080938314
req_0672,13,17.685504913330078,17.845893999947293,1164,14.424127578735352,14.575676999811549,1164,1.2261056910923878,1.22436124237509
req_0672,14,17.775360107421875,17.934354999852076,1165,14.869248390197754,15.023766000012984,1165,1.1954444260370225,1.1937323171724437
req_0672,15,17.558303833007812,17.722331000186387,1166,14.537440299987791,14.693838999846776,1166,1.20779886078174,1.206106246323455
req_0672,16,17.678176879882812,17.85176399971533,1167,14.542431831359863,14.686239000184289,1167,1.2156272819351237,1.2155436119139367
req_0672,17,18.832128524780277,19.00899599968397,1168,15.298208236694336,15.443265000158137,1168,1.2310022346021847,1.230892301562482
req_0672,18,18.527231216430664,18.68815100078791,1169,14.609408378601074,14.760739999928774,1169,1.2681712179096976,1.2660714165331879
req_0672,19,18.597888946533203,18.772901999909664,1170,14.987263679504396,15.137998999762203,1170,1.2409129074019336,1.2401177989379284
req_0672,20,17.81145668029785,17.980116999751772,1171,14.550623893737791,14.697709000301984,1171,1.2241026096457237,1.2233278669064918
req_0672,21,18.85798454284668,19.026576000214845,1172,14.562175750732422,14.693609999994806,1172,1.2949977301227253,1.294887777763366
req_0672,22,18.49926376342773,18.71082199977536,1173,14.744256019592283,14.894352999817784,1173,1.2546759727208863,1.2562359707739077
req_0672,23,19.360767364501957,19.534957999894687,1174,14.712960243225098,14.869242999793642,1174,1.3158988432268104,1.3137829545300859
req_0672,24,18.041696548461918,18.21820100030891,1175,14.41913604736328,14.585197000087646,1175,1.2512328401091042,1.2490884422198363
req_0672,25,18.147199630737305,18.35038399985933,1176,14.394368171691896,14.547926999966876,1176,1.26071526129405,1.2613744899806763
req_0672,26,17.75833511352539,17.990305999774137,1177,14.44863986968994,14.603177000026337,1177,1.2290662147915017,1.2319446651740023
req_0672,27,18.57539176940918,18.761541999992914,1178,14.5415678024292,14.696009000090273,1178,1.2773995226502415,1.2766419780960714
req_0672,28,17.771520614624023,17.937465000613884,1179,14.626591682434082,14.778330999888569,1179,1.2150144750377403,1.2137679823756238
req_0852,2,18.921056747436523,19.20045199949527,3566,15.499263763427734,15.724791000138794,3566,1.220771324124627,1.2210306642120585
req_0852,3,19.64620780944824,19.834593999803477,3567,15.424511909484863,15.591646999837394,3567,1.2737004531966658,1.2721294934403231
req_0852,4,18.729984283447266,18.90896600070846,3568,16.421791076660156,16.587778000030085,3568,1.1405567270958452,1.139933630693283
req_0852,5,18.1376953125,18.306212999959826,3569,14.742527961730955,14.88737299996501,3569,1.2302975011871986,1.229646963235411
req_0852,6,18.02649688720703,18.2024409996302,3570,15.143936157226562,15.310952000163525,3570,1.1903442209510988,1.1888510263395635
req_0852,7,17.85651206970215,18.009948000326403,3571,14.705663681030272,14.86328200007847,3571,1.2142608764224867,1.2117073470200808
req_0852,8,17.761280059814453,17.923164999956498,3572,14.66163158416748,14.796041999943554,3572,1.2114122468466717,1.2113486160707623
req_0852,9,18.785280227661133,18.94285599973955,3573,14.644224166870115,14.792371000112324,3573,1.2827774290808387,1.2805828085028228
req_0852,10,18.052064895629883,18.209480999757943,3574,14.253055572509766,14.401283999632142,3574,1.2665399923401242,1.2644345462684492
req_0852,11,17.83091163635254,17.978986999878543,3575,14.348064422607422,14.501895000194054,3575,1.2427398644974994,1.2397681130388796
req_0852,12,18.05721664428711,18.22112100035156,3576,14.725760459899902,14.903073999903429,3576,1.22623321854645,1.2226417852095233
req_0852,13,17.956863403320312,18.132430000150634,3577,14.67478370666504,14.82619100033844,3577,1.223654383073776,1.2229998925372485
req_0852,14,19.07916831970215,19.23637300023984,3578,14.70464038848877,14.834622999842397,3578,1.2974930236742062,1.2967213929497372
req_0852,15,17.353376388549805,17.50280699980067,3579,14.536704063415527,14.675948999865795,3579,1.1937627892021951,1.1926184126124126
req_0852,16,17.534975051879883,17.7033809995919,3580,14.395392417907717,14.556457000253433,3580,1.2180963563081864,1.2161874966747526
req_0852,17,18.198495864868164,18.3671040003901,3581,15.133695602416992,15.282679999927495,3581,1.2025149932288643,1.2018248108628353
req_0852,18,17.953792572021484,18.124340000213124,3582,14.5895357131958,14.757400999769745,3582,1.2305938259421658,1.2281525724276188
req_0732,2,19.338239669799805,19.577387999561324,1577,15.20742416381836,15.408444000058807,1577,1.2716315045521989,1.270562296847534
req_0732,3,18.523136138916016,18.713360999754517,1578,14.90227222442627,15.06003700023939,1578,1.2429739478624473,1.2425839989275627
req_0732,4,18.05414390563965,18.213100000139093,1579,14.721920013427734,14.86725299992031,1579,1.22634438233414,1.2250480973342364
req_0732,5,18.14828872680664,18.3011240005726,1580,14.555135726928713,14.711988999806636,1580,1.2468649600587491,1.2439598752291847
req_0732,6,18.20159912109375,18.37520399931236,1581,14.791647911071776,14.948055000331806,1581,1.2305322051013379,1.2292705638897157
req_0732,7,19.05251121520996,19.25280200066481,1582,14.722623825073242,14.876191999974251,1582,1.2940975359815103,1.2942023066587294
req_0732,8,18.22719955444336,18.41435400001501,1583,14.80022430419922,14.925244999631104,1583,1.2315488724905213,1.2337723099667806
req_0732,9,18.770944595336918,18.952546999571496,1584,14.8438081741333,14.9783040001239,1584,1.2645639431023512,1.2653333113959178
req_0732,10,18.73715209960937,18.907354000475607,1585,14.844927787780762,14.989696000156982,1585,1.262192202445902,1.2613567346714434
req_0732,11,18.41823959350586,18.58348899986595,1586,14.870335578918455,15.015445999779333,1586,1.2385893711515992,1.2376248431208139
req_0732,12,19.757888793945312,19.933585000217136,1587,14.931967735290527,15.068276999954833,1587,1.3231939114929308,1.3228841625540124
req_0538,2,18.375423431396484,18.557289000455057,43,14.742527961730955,14.918503999979292,43,1.2464228305414033,1.243910850610813
req_0538,3,18.248512268066406,18.417274999592337,44,15.544480323791504,15.705729999808682,44,1.1739544769558017,1.172646861993469
req_0538,4,21.20889663696289,21.40726600009657,45,14.258015632629396,14.427182999952493,45,1.48750690021874,1.4838146851098417
req_0538,5,18.91443252563477,19.11072900020372,46,15.014911651611328,15.154439000070852,46,1.2597098780534592,1.261064761296302
req_0538,6,19.144704818725582,19.31155399961426,47,14.491680145263672,14.64546800025346,47,1.3210824850410918,1.318602724015378
req_0538,7,18.905088424682617,19.11710900003527,48,14.429183959960938,14.582007999706548,48,1.310198031790413,1.3110066185960114
req_0538,8,18.46886444091797,18.655689999832248,49,16.347135543823242,16.502944999956526,49,1.1297920905718812,1.1304461112777988
req_0538,9,18.87334442138672,19.045826999899877,50,14.701567649841309,14.856032999887248,50,1.2837640767915277,1.2820264333045321
req_0538,10,18.31219291687012,18.48578700082726,51,14.70464038848877,14.845523000076357,51,1.245334291289806,1.2452095490830588
req_0538,11,18.23436737060547,18.403514999590698,52,14.42470359802246,14.57391700023436,52,1.2641069015175668,1.2627706744380907
req_0538,12,19.297855377197266,19.60568899994541,53,14.492671966552734,14.63587699981872,53,1.331559523442902,1.3395636626481793
req_0538,13,19.0548152923584,19.28049300022394,54,14.98316764831543,15.128698999888002,54,1.2717481202648593,1.2744316613323246
req_0769,2,18.99622344970703,19.254183000157354,1859,15.04748821258545,15.253960999871197,1859,1.2624182309589005,1.2622415253533121
req_0769,3,18.830272674560547,18.99903599951358,1860,15.323807716369627,15.462835000107589,1860,1.2288246513590186,1.2286903403794573
req_0769,4,19.23583984375,19.43723700060218,1861,14.67903995513916,14.830161000190856,1861,1.3104290132418024,1.3106558317439734
req_0769,5,18.229856491088867,18.401485000140383,1862,14.519295692443848,14.690080000036687,1862,1.2555606606025715,1.2526470243929526
req_0769,6,17.723392486572266,17.90699399953155,1863,14.524415969848633,14.670429000034346,1863,1.220248202982097,1.2206182927227027
req_0769,7,19.000320434570312,19.172690999766928,1864,14.518143653869627,14.66580799979056,1864,1.3087293312121222,1.3073054686138486
req_0769,8,18.159616470336918,18.311052000171912,1865,14.36467170715332,14.51035599984607,1865,1.2641859724015685,1.2619298934062102
req_0769,9,18.03980827331543,18.20675100043445,1866,14.355039596557615,14.492545000393877,1866,1.2566881583274374,1.2562839032026212
req_0769,10,18.045568466186523,18.205401999694004,1867,14.593024253845217,14.74328099993727,1867,1.2365886708803058,1.2348270374668613
req_0769,11,18.914304733276367,19.079927000348107,1868,14.984160423278809,15.135946999635053,1868,1.2622865879019713,1.2605704156342612
req_0769,12,18.739200592041016,18.892954999500944,1869,15.000224113464355,15.152199000112889,1869,1.2492613743831011,1.2468787533321193
req_0769,13,17.97939109802246,18.146021000575274,1870,14.404607772827148,14.531306000208131,1870,1.2481694317243948,1.2487536220292499
req_0769,14,18.293760299682617,18.467104999217558,1871,14.752767562866213,14.919753999947716,1871,1.2400222684812943,1.2377620300765195
req_0769,15,17.929216384887695,18.08781900035683,1872,14.969856262207031,15.122127999802617,1872,1.1976879450841407,1.1961159831865544
req_0769,16,18.63884735107422,18.79606199963746,1873,14.666751861572266,14.820372000031057,1873,1.270823119323991,1.2682584485462356
req_0769,17,17.713279724121094,17.88105500054371,1874,15.359999656677246,15.517866000209324,1874,1.1532083411486822,1.1522882721311365
req_0769,18,19.84614372253418,20.111069999984466,1875,14.695263862609863,14.837110999906145,1875,1.3505129209030429,1.3554572719791396
req_0769,19,17.95952033996582,18.12904799953685,1876,15.007424354553224,15.156048999870109,1876,1.1967090365187771,1.1961592364667217
req_0769,20,18.40496063232422,18.55596899986267,1877,14.970879554748535,15.12098800003514,1877,1.2293840562284428,1.227166439112282
req_0769,21,17.75017547607422,17.908984000314376,1878,14.58892822265625,14.740841000275395,1878,1.2166881079385001,1.2149228120688496
req_0769,22,17.678335189819336,17.867563999971026,1879,14.544832229614258,14.704068999890296,1879,1.2154375458401683,1.2151441890067527
req_0769,23,17.873920440673828,18.05716800026857,1880,15.050751686096191,15.200360000108049,1880,1.1875765950736976,1.187943443453985
req_0769,24,17.62508773803711,17.788021999876946,1881,14.571104049682615,14.70230899985836,1881,1.209591783707084,1.2098794821989058
req_0769,25,17.715200424194336,17.87660500031052,1882,14.520895957946776,14.6912989998782,1882,1.2199798466636234,1.2168158173391426
req_0769,26,18.20569610595703,18.366473999776645,1883,14.47424030303955,14.631808000103774,1883,1.2577997687473714,1.2552429610644413
req_0769,27,18.1494083404541,18.311351999727776,1884,14.709759712219238,14.873752999847056,1884,1.2338344538271135,1.2311184675391658
req_0769,28,17.905216217041016,18.067029000121693,1885,14.815232276916504,14.961735000269982,1885,1.208568038783907,1.2075490576323986
req_0769,29,19.108863830566406,19.29072199982329,1886,14.836735725402832,14.987483999902906,1886,1.2879425895447485,1.2871221080168134
req_0769,30,17.72710418701172,17.886765000184823,1887,15.48579216003418,15.632309000011446,1887,1.1447334436504921,1.144217722421667
req_0769,31,17.889280319213867,18.053448000500797,1888,14.611200332641602,14.765770999929371,1888,1.2243539142536424,1.2226552884090611
req_0769,32,17.739391326904297,17.906663999383454,1889,14.530207633972168,14.68947900002604,1889,1.2208628929313396,1.2190128730468732
req_0769,33,18.285568237304688,18.44895600061136,1890,14.543807983398438,14.73152000016853,1890,1.2572751412956922,1.2523457185952505
req_0769,34,18.23904037475586,18.42386499993154,1891,14.33897590637207,14.508695999666088,1891,1.2719904471455765,1.2698498197464168
req_0769,35,18.13699150085449,18.302882999705616,1892,14.354175567626951,14.583546000267232,1892,1.2635341831654159,1.2550365322240715
req_0769,36,17.826719284057617,17.995186999542057,1893,14.294879913330078,14.48203600011766,1893,1.2470702371856985,1.2425868157899798
req_0769,37,18.45145606994629,18.61343900054635,1894,14.405632019042969,14.544954999564652,1894,1.280850159545593,1.2797178816368613
req_0769,38,21.864351272583008,22.04426899970713,1895,14.445280075073242,14.595868000014889,1895,1.5135982936261725,1.5103088764357586
req_0769,39,19.22867202758789,19.44072500009497,1896,14.508031845092772,14.650338000137708,1896,1.3253811566516405,1.3269813297080406
req_0769,40,19.704832077026367,19.906155999706243,1897,15.024127960205078,15.17715899990435,1897,1.3115458101274982,1.3115864438022753
req_0769,41,19.222719192504883,19.442806000370183,1898,14.49891185760498,14.648559000306705,1898,1.3258042659540803,1.327284547235199
req_0769,42,18.81001663208008,19.05553799952031,1899,14.593024253845217,14.747230000011768,1899,1.288973163127835,1.2921435414993259
req_0769,43,18.58252716064453,18.810013000802428,1900,15.751999855041504,15.906623999853764,1900,1.1796932028727198,1.1825270403685506
req_0769,44,18.543615341186523,18.730871999650844,1901,14.972576141357422,15.133217999846238,1901,1.23850532908396,1.2377322523101935
req_0769,45,18.60915184020996,18.795502999637392,1902,15.022047996520996,15.180499000052803,1902,1.2387892679160466,1.2381347279540689
req_0769,46,18.428800582885746,18.59842900012154,1903,14.771200180053713,14.945554999940214,1903,1.2476170086551988,1.2444120676813901
req_0769,47,18.757247924804688,18.94321600047988,1904,15.120384216308594,15.281021000191686,1904,1.2405272019856104,1.2396564339674851
req_0769,48,19.101503372192383,19.2966519998663,1905,14.9683837890625,15.128458000162937,1905,1.276123303716329,1.2755200827247872
req_0769,49,19.107839584350582,19.28861299984419,1906,15.220735549926758,15.423723999901997,1906,1.2553821411372283,1.2505807935856963
req_0769,50,18.00275230407715,18.190961000073003,1907,14.982144355773926,15.166399000008823,1907,1.2016138595767247,1.1994251898596642
req_0769,51,17.976959228515625,18.16546999998536,1908,14.813183784484863,14.99501499984035,1908,1.2135783562845186,1.2114339332223918
req_0769,52,19.165407180786133,19.38413500010938,1909,15.41808032989502,15.595618000133982,1909,1.2430475630370923,1.2429218899785088
req_0769,53,19.999744415283203,20.24397199966188,1910,15.136768341064451,15.311550999740575,1910,1.3212691087453596,1.322137254416935
req_0769,54,18.58543968200684,18.807872999786923,1911,14.725119590759276,14.880403999995906,1911,1.2621588278081015,1.2639356431312012
req_0769,55,18.23232078552246,18.434836000778887,1912,15.101951599121094,15.267170000242912,1912,1.2072824274303429,1.2074821987628077
req_0769,56,18.24870491027832,18.43697499953123,1913,15.588224411010742,15.73932099972808,1913,1.1706724530722272,1.1713958308525354
req_0769,57,19.69868850708008,19.89966499968432,1914,14.418944358825684,14.586727000278188,1914,1.3661671767963182,1.3642309888506727
req_0769,58,19.352127075195312,19.55683900087024,1915,14.498815536499023,14.639738999903784,1915,1.334738484428515,1.3358734743152711
req_0769,59,18.82931137084961,19.03316699917923,1916,14.881792068481444,15.057365999837202,1916,1.2652583293868704,1.2640435916471058
req_0769,60,18.348031997680664,18.566229000498424,1917,14.514080047607422,14.677450000363024,1917,1.2641539758288194,1.2649492248339609
req_0769,61,18.81670379638672,19.01771600023494,1918,15.27289581298828,15.475143999992724,1918,1.232032485966724,1.2289201315505616
req_0769,62,18.5927677154541,18.8136039996607,1919,14.721023559570312,14.891302999785694,1919,1.263007809220353,1.2633954194560042
req_0769,63,19.019775390625,19.211372000427215,1920,14.542847633361816,14.69853000025978,1920,1.3078439567085163,1.3070267571034433
req_0822,2,18.692895889282227,18.97000700046192,3305,15.177791595458984,15.410474999953294,3305,1.2315952404350392,1.2309813292918883
req_0822,3,18.53849601745605,18.70318100009172,3306,14.740480422973633,14.883801999985735,3306,1.257658874439605,1.2566131288302307
req_0822,4,17.89628791809082,18.04836699920997,3307,14.57420825958252,14.714091000314513,3307,1.227942375965709,1.2266042801301276
req_0822,5,18.358272552490234,18.57077900058357,3308,14.47935962677002,14.632946999881824,3308,1.2678925743752316,1.2691072414007616
req_0822,6,17.952768325805664,18.129297999621485,3309,15.26636791229248,15.412314000059268,3309,1.1759685361277121,1.1762865718640152
req_0822,7,23.143423080444336,23.327316000177237,3310,14.6725435256958,14.84270299988566,3310,1.5773286369819666,1.5716353012222193
req_0822,8,18.04185676574707,18.215111000245088,3311,14.50598430633545,14.65443699999014,3311,1.2437526737063502,1.2429758304776461
req_0822,9,18.394784927368164,18.557126999439788,3312,14.891807556152344,15.056847999858292,3312,1.235228487744499,1.2324708995942868
req_0822,10,17.712127685546875,17.878155000289553,3313,14.708736419677734,14.842062000298029,3313,1.2041909774010993,1.2045600537129248
req_0822,11,18.87334442138672,19.0436579996458,3314,14.781120300292969,14.95016399985616,3314,1.2768548011217147,1.2738093040202785
req_0822,12,17.587200164794922,17.751491000126407,3315,14.58358383178711,14.731209999808923,3315,1.2059587250742152,1.2050259958521166
req_0822,13,17.568767547607422,17.729572000462213,3316,15.035231590270996,15.198240000245278,3316,1.1685066134249522,1.1665542852446127
req_0822,14,17.82988739013672,17.98529499956203,3317,14.794495582580566,14.929273999769066,3317,1.205170348026607,1.204699907030994
req_0822,15,18.07548713684082,18.23775200045929,3318,14.939135551452637,15.096358000391774,3318,1.209941972518163,1.208089527287707
req_0822,16,17.775487899780273,17.93411600010586,3319,14.815999984741213,14.978943999722103,3319,1.199749454514511,1.1972884070091043
req_0822,17,17.797119140625,17.95621499968547,3320,15.226655960083008,15.383383999960644,3320,1.1688133748657956,1.1672474014645549
req_0822,18,18.230207443237305,18.37573499960854,3321,15.182592391967772,15.340001999902595,3321,1.2007308747142451,1.1978965191611592
req_0822,19,17.756959915161133,17.90781399995467,3322,16.99635124206543,17.155009000362043,3322,1.0447512917486208,1.0438825184863931
req_0898,2,18.87097549438477,19.138738999572524,4041,15.393695831298828,15.642597999885766,4041,1.2258898513517367,1.223501300724617
req_0898,3,18.16134452819824,18.301613999938127,4042,15.13263988494873,15.316301000439124,4042,1.2001438391633126,1.1949108338503802
req_0898,4,18.22822380065918,18.42723400022805,4043,15.112095832824709,15.253331999701912,4043,1.206200913646007,1.2080792577377957
req_0898,5,18.03302383422852,18.186731000241707,4044,15.725279808044434,15.865432000282452,4044,1.146753765551665,1.1463117424043625
req_0898,6,23.07891273498535,23.263053999471595,4045,14.84390354156494,14.987575999839464,4045,1.554773828215824,1.5521558656130099
req_0898,7,18.11520004272461,18.27692200004094,4046,14.483455657958984,14.642768000157956,4046,1.2507512344106844,1.2481876377365115
req_0898,8,18.376447677612305,18.53893800034712,4047,14.507136344909668,14.63194799998746,4047,1.266717789142467,1.2670177614329279
req_0898,9,18.25177574157715,18.4413159995529,4048,15.270719528198242,15.397232999930566,4048,1.1952138671576162,1.197703249644664
req_0898,10,18.52409553527832,18.741050999778963,4049,14.472895622253418,14.615767999657692,4049,1.2799163359401147,1.282248801446348
req_0898,11,18.036319732666016,18.19202100068651,4050,14.532608032226562,14.673479000066436,4050,1.2410931123078426,1.2397892143099902
req_0898,12,18.1430721282959,18.29481200002192,4051,14.44211196899414,14.582096000140156,4051,1.2562616996217293,1.2546078423736944
req_0764,2,21.753856658935547,22.01851900008478,1828,15.388671875,15.635847999874386,1828,1.413627948898972,1.408207536953651
req_0764,3,19.723936080932617,19.90930500051036,1829,15.520832061767578,15.664030000152708,1829,1.2708040395281728,1.271020612212583
req_0764,4,20.5086727142334,20.684490999883565,1830,14.887935638427734,15.037625999866576,1830,1.3775363631541901,1.3755157230314874
req_0764,5,18.34796714782715,18.537336999543182,1831,14.848959922790527,14.999885000179347,1831,1.2356398861085391,1.2358319413329861
req_0764,6,20.00588798522949,20.19317200029036,1832,15.56982421875,15.715430000000197,1832,1.2849141842678833,1.2849264703727552
req_0764,7,19.24166488647461,19.414114999563026,1833,15.073216438293455,15.2224789999309,1833,1.276546712192842,1.2753583039694885
req_0764,8,18.95094490051269,19.13659900037601,1834,14.97702407836914,15.128469000046609,1834,1.2653344750832687,1.2649395652869468
req_0764,9,19.228960037231445,19.43549699990399,1835,15.626912117004396,15.783180999733304,1835,1.2305028589946114,1.2314055702860152
req_0764,10,18.5100154876709,18.717349999860744,1836,15.000927925109863,15.156049000324856,1836,1.2339246998638809,1.2349755532896176
req_0764,11,18.162527084350582,18.351114000324745,1837,15.202303886413574,15.353493000020537,1837,1.1947220118775934,1.195240327416061
req_0764,12,18.027263641357425,18.19934000013745,1838,14.945247650146484,15.104256000086025,1838,1.2062204697679086,1.204914694244708
req_0764,13,18.002944946289062,18.171390000134124,1839,16.0184326171875,16.167619999578164,1839,1.1238892953217043,1.1239372276567758
req_0764,14,17.88617515563965,18.049217999760003,1840,15.150079727172852,15.306241000416776,1840,1.1805994079067053,1.1792064426052444
req_0764,15,18.744096755981445,18.921054999736956,1841,15.431455612182615,15.58969799998522,1841,1.2146680926965574,1.2136896429780035
req_0764,16,19.82054328918457,20.014608000565204,1842,14.918656349182127,15.07825699991372,1842,1.3285742914958407,1.3273820707976878
req_0764,17,18.95625686645508,19.141999999192198,1843,14.85580825805664,15.012824999757868,1843,1.2760165274867945,1.2750431713885246
req_0764,18,18.516576766967773,18.70501000030345,1844,15.534079551696776,15.704911000284485,1844,1.191997034992989,1.1910293538094308
req_0764,19,18.51603126525879,18.729751999671866,1845,15.338496208190918,15.494954999667245,1845,1.2071607942485936,1.208764530137331
req_0764,20,18.22096061706543,18.41906400022708,1846,15.396512031555176,15.57119600010992,1846,1.1834473015525557,1.182893337165434
req_0764,21,17.96601676940918,18.148940000173752,1847,15.246335983276367,15.420955000081449,1847,1.1783825824851306,1.176901171171169
req_0764,22,18.158592224121094,18.367603999649877,1848,14.826208114624023,14.987634000135586,1848,1.2247630738577135,1.225517249719583
req_0764,23,18.408063888549805,18.58855899990885,1849,14.876864433288574,15.034656999887376,1849,1.2373618090758287,1.2363806503898358
req_0764,24,18.699071884155277,18.89278400085459,1850,15.209343910217283,15.380592999918008,1850,1.229446318956183,1.2283521188653328
req_0764,25,18.47065544128418,18.659740999282803,1851,15.31494426727295,15.479234999929758,1851,1.2060543687876673,1.2054691978878465
req_0764,26,18.84454345703125,19.02373700067983,1852,16.081920623779297,16.25027099998988,1852,1.1717843843332394,1.1706719845282383
req_0825,2,18.571264266967773,18.85366399983468,3321,15.48355197906494,15.763920999688708,3321,1.199418860225204,1.1960009188200693
req_0825,3,18.319360733032227,18.49824599958083,3322,14.858176231384276,15.025466000224696,3322,1.2329481389739505,1.2311262758375814
req_0825,4,17.528736114501953,17.69070099999226,3323,14.807968139648438,14.948873999856003,3323,1.1837367523481253,1.1834136136382356
req_0825,5,17.648639678955078,17.809351999858336,3324,15.80134391784668,15.944803999900614,3324,1.116907509305078,1.1169376556757513
req_0825,6,17.492992401123047,17.66511999994691,3325,14.66163158416748,14.796182000281988,3325,1.193113624544559,1.1938971823684141
req_0825,7,18.03548812866211,18.19508000062342,3326,14.552736282348633,14.700108999932128,3326,1.239319381506129,1.23775136638153
req_0825,8,17.696352005004883,17.858113999864145,3327,14.511679649353027,14.68103900015194,3327,1.2194558061232998,1.21640668618068
req_0825,9,18.806495666503903,18.98671599974477,3328,14.86086368560791,15.023145999748522,3328,1.2655048901846238,1.2638308913500937
req_0825,10,18.29478454589844,18.507148000026064,3329,15.219712257385254,15.358451999873068,3329,1.2020453630469283,1.2050138907344972
req_0825,11,18.62144088745117,18.81031199991412,3330,18.83238410949707,18.98155700018833,3330,0.9887989103865227,0.9909783480737374
req_0825,12,17.74300765991211,17.902045000482758,3331,17.679359436035156,17.854143000022304,3331,1.0036001430994848,1.002682962742059
req_0825,13,18.34160041809082,18.49758599928464,3332,14.880767822265623,15.024256999822684,3332,1.2325708348628934,1.2311814154605416
req_0825,14,17.80633544921875,17.98125700042874,3333,14.853919982910156,14.9991250000312,3333,1.1987633883651878,1.1988203978826324
req_0825,15,18.161312103271484,18.35910299996613,3334,14.943872451782228,15.08958700014773,3334,1.2153016001622483,1.2166736571243726
req_0825,16,17.833984375,17.985626999688975,3335,14.79270362854004,14.949894999972456,3335,1.2055932994285317,1.2030604228138133
req_0825,17,18.095104217529297,18.24112100075581,3336,15.17046356201172,15.321760999995604,3336,1.1927851870552693,1.1905368449984988
req_0825,18,17.478431701660156,17.636259000028076,3337,15.031871795654297,15.169549999882292,3337,1.1627581673969012,1.1626092402322366
req_0825,19,18.20057678222656,18.372743999862,3338,14.30838394165039,14.459184000315872,3338,1.2720218339435492,1.270662576772011
req_0825,20,18.12908744812012,18.309962999410345,3339,14.58687973022461,14.738358999693446,3339,1.2428351904866888,1.2423338988954733
req_0825,21,18.3210563659668,18.528367000726572,3340,14.35097599029541,14.508956000099715,3340,1.2766418380433557,1.2770296498658644
req_0825,22,18.4880313873291,18.65039999938745,3341,14.285823822021484,14.435923999826628,3341,1.2941522741467628,1.2919436261656294
req_0825,23,18.115264892578125,18.29656200061436,3342,14.281248092651367,14.414644000225962,3342,1.2684651071848272,1.269303771936896
req_0825,24,17.83305549621582,17.99630699952104,3343,15.226880073547363,15.380212999843934,3343,1.1711562322734774,1.1700947834534965
req_0825,25,18.137983322143555,18.290611999873363,3344,14.821375846862791,14.962713999921109,3344,1.2237719027942189,1.2224127253899126
req_0825,26,18.101247787475582,18.276513000273557,3345,15.436800003051758,15.583688000333495,3345,1.1726036344253394,1.1727976715064132
req_0825,27,18.70502471923828,18.870443999730924,3346,15.388447761535645,15.550875999906566,3346,1.215523814298712,1.2134650163659142
req_0825,28,17.87718391418457,18.043318000309228,3347,14.987360000610352,15.163139999913255,3347,1.1928174083665524,1.1899460138475573
req_0825,29,18.116159439086918,18.273241000315465,3348,14.896127700805664,15.043805000004795,3348,1.2161656910411085,1.2146688288175524
req_0825,30,18.46988868713379,18.63191999927949,3349,15.503968238830566,15.67703899991102,3349,1.1913007304075163,1.18848463663229
req_0825,31,18.57449531555176,18.76633200026845,3350,16.694047927856445,16.86989400013772,3350,1.1126417868105862,1.1124155255578516
req_0825,32,18.62931251525879,18.798363000314566,3351,14.970879554748535,15.12974800016309,3351,1.2443699414674574,1.242476940138853
req_0825,33,18.343936920166016,18.54032699975505,3352,14.500096321105955,14.662038999631475,3352,1.2650906941538773,1.264512186894405
req_0825,34,19.361791610717773,19.556328000362555,3353,14.338239669799805,14.4861150001816,3353,1.3503604387014763,1.3500050220585293
req_0825,35,18.25791931152344,18.432305999340315,3354,14.599040031433104,14.7447800000009,3354,1.2506246487585777,1.2500902691894482
req_0825,36,18.40662384033203,18.581887999971517,3355,14.77014446258545,14.941244000056033,3355,1.2462047264979852,1.243664048314975
req_0825,37,19.021728515625,19.21247200061771,3356,14.66486358642578,14.81861199999912,3356,1.2970954965603676,1.2965095516785816
req_0825,38,18.32310485839844,18.508985999687862,3357,14.71452808380127,14.869242999793642,3357,1.2452390422612147,1.2447833423628045
req_0366,2,17.892351150512695,18.04992699999275,39,15.077024459838867,15.227949999825796,39,1.1867295962922326,1.185315620303405
req_0366,3,17.60051155090332,17.772012999557774,40,14.798848152160645,14.952925000216055,40,1.189316315022371,1.1885308726754789
req_0366,4,17.638399124145508,17.780981000214524,41,14.640128135681152,14.787690000048316,41,1.2047981384231823,1.2024177542372356
req_0366,5,17.945600509643555,18.10052899963921,42,14.838784217834473,14.98877599988191,42,1.2093713505231145,1.207605544294065
req_0366,6,18.002912521362305,18.18817999992461,43,15.567872047424316,15.718290000222623,43,1.1564144711955584,1.1571347773623597
req_0366,7,19.44361686706543,19.617480000306387,44,14.365535736083984,14.490353999917716,44,1.3534905501801857,1.3538302791234629
req_0366,8,17.956863403320312,18.157798999709485,45,14.439167976379396,14.585068000087633,45,1.2436217538777448,1.2449581311242695
req_0366,9,22.36825561523437,22.56188000046677,46,14.80799961090088,14.969514999847888,46,1.5105521476896868,1.507188442691432
req_0366,10,18.197280883789062,18.37210399935429,47,14.492671966552734,14.62746800007153,47,1.2556194555280145,1.2560002865338313
req_0366,11,17.875648498535156,18.05090800007747,48,14.297632217407228,14.441742999679263,48,1.2502523653372288,1.2499120085766906
req_0366,12,17.988672256469727,18.150349000279675,49,14.470144271850586,14.608828000291396,49,1.24315776805791,1.2424233483971225
req_0366,13,18.172927856445312,18.340233999879278,50,14.533247947692873,14.679318999696989,50,1.2504381623331646,1.2493927000467704
req_0366,14,17.969087600708008,18.137228000341565,51,14.509056091308594,14.648708000095212,51,1.2384739219164014,1.2381452343936188
req_0366,15,17.529855728149414,17.694950999612047,52,14.530176162719728,14.658809000138715,52,1.2064448174500462,1.2071206466667654
req_0366,16,17.422880172729492,17.591438000636117,53,15.247167587280272,15.391023000120184,53,1.142696180978838,1.142967429812739
req_0366,17,17.522687911987305,17.69306099959067,54,14.93068790435791,15.073926999775722,54,1.1736021825808074,1.1737525994290616
req_0366,18,19.292160034179688,19.43494500028464,55,15.39395236968994,15.547617000265744,55,1.2532298119984546,1.2500272549775604
req_0366,19,18.546688079833984,18.713951999416167,56,14.715583801269531,14.874321999741367,56,1.26034334283319,1.2581381524308513
req_0366,20,18.44633674621582,18.62634799999796,57,15.49731159210205,15.646938999907434,57,1.1902926928059374,1.1904148153263814
req_0366,21,17.51545524597168,17.667500000243308,58,14.545920372009276,14.692498999920645,58,1.2041489845961677,1.2024843425436837
req_0366,22,17.44655990600586,17.60806800029968,59,14.76198387145996,14.92389400027605,59,1.1818574019536845,1.1798574822344612
req_0366,23,17.7511043548584,17.912025999976322,60,14.567423820495604,14.747351000096389,60,1.218547944618974,1.2145927766864197
req_0366,24,17.652416229248047,17.81728199966892,61,14.940159797668455,15.140606999921149,61,1.1815413267536043,1.1767878262583338
req_0366,25,18.24959945678711,18.412375000480097,62,14.345343589782717,14.512385999751132,62,1.2721618929911966,1.268735203211646
req_0366,26,18.17686462402344,18.3412030000909,63,14.574591636657717,14.728500000273923,63,1.2471611608180746,1.2452865532640653
req_0366,27,18.05718421936035,18.222511999738344,64,14.54470443725586,14.687369000057515,64,1.2414954389246557,1.2406927339857114
req_0366,28,17.762304306030273,17.919203999554156,65,14.54054355621338,14.692428999751428,65,1.221570860632661,1.2196216159940143
req_0366,29,18.509632110595703,18.66279100067913,66,14.382080078125,14.527476000239403,66,1.2869927027279362,1.2846547466587852
req_0366,30,17.94416046142578,18.09636799953296,67,14.689984321594238,14.86030199976085,67,1.2215234590174417,1.2177658300500345
req_0366,31,17.991680145263672,18.138669999643756,68,14.851136207580566,14.998606000062864,68,1.211468260326106,1.2093570562202736
req_0366,32,17.711711883544922,17.856762000519666,69,14.458784103393556,14.617426999848249,69,1.2249793452125677,1.2216077426420564
req_0366,33,17.6496639251709,17.81688299979578,70,15.036352157592772,15.195050000329502,70,1.1737995851778789,1.1725452038268662
req_0366,34,17.666048049926758,17.83351300036884,71,14.450688362121582,14.611876999879314,71,1.2225056417542943,1.2204806405444102
req_0366,35,17.715200424194336,17.875804000141216,72,14.538687705993652,14.702388999921824,72,1.2184868938955988,1.2158434932061901
req_0366,36,17.69865608215332,17.859142999441247,73,15.295488357543944,15.450145000158956,73,1.1571161161012622,1.1559207372654112
req_0366,37,17.909759521484375,18.092678999892087,74,14.466815948486328,14.63376799983962,74,1.2379890354074965,1.2363650291633963
req_0366,38,18.72281646728516,18.89659600055893,75,14.321663856506348,14.47265500019057,75,1.3073073530335209,1.3056758418071948
req_0366,39,17.79097557067871,17.96063499932643,76,14.609312057495115,14.774470999782352,76,1.2177832536304325,1.21565333876191
req_0366,40,18.02134323120117,18.201640999905067,77,15.097855567932127,15.248000000156026,77,1.1936359538025079,1.1937067811987683
req_0366,41,18.531455993652344,18.696010000894603,78,14.533632278442385,14.689819000068384,78,1.2750739552658077,1.272718881070459
req_0366,42,17.64249610900879,17.820073999246233,79,14.566399574279783,14.725730000009207,79,1.211177547275343,1.2101317896793633
req_0366,43,17.554431915283203,17.722430000503664,80,14.391167640686035,14.557955999862315,80,1.219805949981024,1.2173707628097843
req_0366,44,17.949695587158203,18.12030000019149,81,14.269439697265623,14.454685000146128,81,1.2579117308017222,1.2535935580753441
req_0366,45,17.801023483276367,17.96147499953804,82,14.832639694213867,14.982163999775366,82,1.2001251193488136,1.1988571877738987
req_0366,46,17.722368240356445,17.88200400005735,83,14.595840454101562,14.758521000203473,83,1.2142067663788625,1.2116392963638303
req_0366,47,17.866592407226562,18.02202799990482,84,15.359999656677246,15.513796000050206,84,1.1631896358447937,1.1616775159249546
req_0366,48,17.647424697875977,17.815942000197538,85,14.537471771240234,14.689377999729912,85,1.213926670027193,1.2128452273830188
req_0366,49,17.733631134033203,17.912055000124383,86,15.051775932312012,15.215411000099266,86,1.1781753338464194,1.17723109812857
req_0366,50,18.2794246673584,18.45406499978708,87,14.675968170166016,14.850691999981793,87,1.2455344993536888,1.2426400735945304
req_0366,51,17.92310333251953,18.13438000044698,88,14.34291172027588,14.50924600021608,88,1.249614003214041,1.2498499232955946
req_0366,52,18.82115173339844,19.00888699947245,89,14.305855751037598,14.464623999629111,89,1.3156257172545132,1.3141639215758292
req_0366,53,17.895423889160156,18.119329000001017,90,14.902015686035156,15.048806000322656,90,1.2008727051555956,1.204037649207022
req_0366,54,17.517120361328125,17.688660000203527,91,15.320192337036133,15.490565999698449,91,1.1434008122065793,1.1418988822324418
req_0366,55,17.785856246948242,17.971416999898793,92,14.608384132385254,14.775471000120888,92,1.217510169897495,1.216300786604485
req_0366,56,17.61382484436035,17.78972200008866,93,15.005696296691896,15.158937999785849,93,1.1738092319143787,1.1735467220949103
req_0366,57,18.349056243896484,18.530586999986557,94,15.141887664794922,15.303572000448185,94,1.211807711832275,1.210866783221843
req_0366,58,17.630176544189453,17.82816400009324,95,14.783488273620604,14.94977399988784,95,1.1925586314867533,1.192537358773918
req_0366,59,17.992895126342773,18.18222899964894,96,14.809087753295898,14.974884999901406,96,1.214990107836878,1.214181544617448
req_0366,60,17.667871475219727,17.8307340001993,97,15.717951774597168,15.903424000043742,97,1.1240568573173735,1.1211883679986308
req_0366,61,17.667104721069336,17.828711999754887,98,15.09171199798584,15.292151999801716,98,1.170649474587589,1.1658733185483678
req_0366,62,18.050880432128903,18.26970300044195,99,14.384703636169434,14.5682659999693,99,1.2548663419621033,1.2540753306179644
req_0366,63,19.5020809173584,19.74867099943367,100,14.283679962158203,14.46531400006279,100,1.3653400922609105,1.3652431602485744
req_0366,64,17.8472957611084,18.043158000182306,101,15.015711784362791,15.226471000005404,101,1.1885747420707948,1.1849861993744908
req_0366,65,17.84832000732422,18.028657999821007,102,14.755680084228516,14.959384000121643,102,1.2095897922320262,1.2051738226436601
req_0366,66,17.6496639251709,17.826962000071944,103,14.775296211242676,14.990775000114809,103,1.1945387539331418,1.1891954885544886
req_0366,67,17.60051155090332,17.769852000128594,104,14.882816314697266,15.103528000054212,104,1.1826062472814531,1.1765365019394682
req_0366,68,17.837055206298828,18.00868700047431,105,14.499648094177246,14.703308999742148,105,1.230171593851427,1.22480504223846
req_0366,69,18.507776260375977,18.68223099972965,106,14.69200038909912,14.88347300028181,106,1.259717926097253,1.2552333047116029
req_0366,70,17.77555274963379,17.949834000319242,107,14.254976272583008,14.490384999589878,107,1.2469717528623323,1.2387409996923668
req_0366,71,17.585920333862305,17.76847299970541,108,14.490559577941896,14.699609000217606,108,1.2136122307265682,1.2087718115116104
req_0366,72,17.61452865600586,17.784581999876536,109,14.639103889465332,14.81264199992438,109,1.2032518376129373,1.2006353761852429
req_0366,73,17.691423416137695,17.853313999694365,110,15.650815963745115,15.866322999954718,110,1.1303834545827909,1.125233237703866
req_0366,74,17.783008575439453,17.946644999938144,111,14.801600456237791,15.024346000245714,111,1.201424712686743,1.194504239961236
req_0366,75,17.66703987121582,17.901415000778798,112,14.948927879333496,15.146637999805534,112,1.1818265506277572,1.1818738257961028
req_0366,76,17.900543212890625,18.106008999893675,113,14.748671531677246,14.940254000066489,113,1.213705463196721,1.2118943225338135
req_0366,77,17.851200103759766,18.02311599931272,114,14.872575759887695,15.070937000018604,114,1.2002762932232367,1.1958855643342194
req_0702,2,18.014047622680664,18.27645199955441,1351,14.924799919128418,15.127756999845587,1351,1.2069875455812913,1.2081402417913616
req_0702,3,18.57151985168457,18.73390200034919,1352,14.757439613342283,14.897854000082589,1352,1.2584513532343344,1.2574899713908685
req_0702,4,18.84467124938965,19.01490699947317,1353,14.811327934265137,14.951374000247595,1353,1.2723147669827504,1.2717832487608351
req_0702,5,18.73372840881348,18.9358160005213,1354,14.76095962524414,14.923854999778996,1354,1.269140278439291,1.2688287309680855
req_0702,6,19.174400329589844,19.35759400021197,1355,14.821215629577637,14.956374000121286,1355,1.2937130670526693,1.2942705230595994
req_0702,7,18.293760299682617,18.44636499936314,1356,14.628031730651855,14.786159999857771,1356,1.250596159246054,1.2475426344325082
req_0702,8,17.588544845581055,17.791233000025386,1357,14.625056266784668,14.807972000198788,1357,1.202630918113241,1.2014631713097883
req_0702,9,18.09891128540039,18.254811000588237,1358,14.50598430633545,14.673999000024196,1358,1.2476858449030406,1.244024277264714
req_0702,10,17.791839599609375,17.972666999412468,1359,15.030271530151367,15.158959000018513,1359,1.1837337445247202,1.1856135371426573
req_0702,11,17.851232528686523,18.02653600043413,1360,16.323583602905273,16.491764999955194,1360,1.0935853892713459,1.0930628711046457
req_0702,12,18.142208099365234,18.325223999454465,1361,14.404607772827148,14.570497000022442,1361,1.2594725511088678,1.2576938178173496
req_0702,13,18.995872497558597,19.152069000483607,1362,15.223711967468262,15.35305299967149,1362,1.247781916667309,1.2474436843859917
req_0702,14,18.348031997680664,18.50586799992016,1363,14.415871620178224,14.55995600008464,1363,1.2727660512735495,1.2710112585376345
req_0702,15,18.146015167236328,18.311773000277757,1364,14.48419189453125,14.62755800002924,1364,1.2528151587171157,1.2518680835339127
req_0702,16,17.874496459960938,18.03837699935684,1365,15.050751686096191,15.177379000306246,1365,1.1876148668689623,1.1885040888148648
req_0702,17,18.806943893432617,18.969577000461868,1366,14.840831756591797,14.98205500001859,1366,1.267243251718638,1.2661532079837066
req_0702,18,18.18623924255371,18.37039299971366,1367,15.060799598693848,15.248680999775388,1367,1.2075214946841812,1.2047201328419326
req_0702,19,18.65395164489746,18.82401399961964,1368,14.993408203125,15.176359000179218,1368,1.2441435190839074,1.2403511276583103
req_0702,20,18.44723129272461,18.621759000780003,1369,16.765823364257812,16.939854999691306,1369,1.1002878231468967,1.0992868003368002
req_0702,21,18.36524772644043,18.57587899939972,1370,15.041536331176758,15.211759000067104,1370,1.2209688772532217,1.221152596443171
req_0702,22,18.180896759033203,18.335393000597836,1371,14.617600440979004,14.780211000015695,1371,1.2437675275392566,1.2405366202538222
req_0702,23,17.81145668029785,17.975654999645485,1372,15.013728141784668,15.196299999843175,1372,1.1863446914778504,1.1828968235577735
req_0702,24,17.624927520751953,17.778493000150775,1373,16.03481674194336,16.24247000017931,1373,1.0991661335704095,1.0945683138066136
req_0003,2,18.11129570007324,18.2619329998488,34,14.657535552978516,14.82484200005274,34,1.2356303441742562,1.231846720510332
req_0003,3,18.2359676361084,18.40372400056367,35,14.451711654663086,14.677578999908292,35,1.2618552093948165,1.2538664585405168
req_0003,4,18.638656616210938,18.840312999600428,36,14.902079582214355,15.12760800005708,36,1.2507419862699023,1.2454257804359645
req_0003,5,17.410079956054688,17.569209000612318,37,14.540800094604492,14.73033000002033,37,1.1973261335540175,1.1927233809825082
req_0003,6,18.12886428833008,18.276910999702523,38,15.312895774841309,15.463414999885572,38,1.1838952315025442,1.1819453206059445
req_0003,7,17.538816452026367,17.676550999567553,39,15.52460765838623,15.670788000079485,39,1.1297429756656092,1.1279937549712173
req_0003,8,18.168991088867188,18.340872999942803,40,14.684063911437988,14.854623000246647,40,1.2373271594598996,1.2346912472728706
req_0003,9,18.44223976135254,18.63987000069756,41,14.645248413085938,14.795080999647324,41,1.2592643867258602,1.2598694120797234
req_0003,10,17.251327514648438,17.3932829993646,42,15.227904319763184,15.378314000372484,42,1.1328760118527408,1.1310266521377643
req_0003,11,17.429279327392578,17.581318999873474,43,14.630144119262695,14.784819999931642,43,1.1913265642027693,1.189146638238055
req_0003,12,17.403488159179688,17.55558700006077,44,15.500896453857422,15.6459800000448,44,1.1227407531548799,1.122050967725288
req_0003,13,17.8286075592041,17.972166000618017,45,14.585536003112791,14.731438999660895,45,1.2223484660007822,1.2199871309945838
req_0003,14,17.81862449645996,17.97818700015341,46,14.644224166870115,14.80094199996529,46,1.2167680782141637,1.2146650530888894
req_0003,15,18.885631561279297,19.020756999452715,47,15.438719749450684,15.596187000028294,47,1.223264096231247,1.219577387692146
req_0003,16,19.096576690673828,19.248602000516257,48,14.701567649841309,14.859811999940575,48,1.2989483261589427,1.2953462668702156
req_0003,17,18.65513610839844,18.8064129997656,49,14.775296211242676,14.922235000085491,49,1.2625896524635192,1.2602946542296014
req_0003,18,17.985536575317383,18.155660000047646,50,14.91004753112793,15.056336000270676,50,1.2062695667313406,1.2058484879535933
req_0003,19,17.811487197875977,17.982334999942395,51,14.5315523147583,14.677499999834254,51,1.2257112531457883,1.2251633452662554
req_0003,20,17.925119400024414,18.09098899957462,52,15.161055564880373,15.308281000216084,52,1.1823134163261575,1.1817779539923037
req_0003,21,18.868640899658203,19.031138000173087,53,15.13862419128418,15.30082199997196,53,1.2463907328197974,1.2437984050927435
req_0003,22,19.362815856933597,19.54746800038265,54,15.040512084960938,15.20443899971724,54,1.2873774341961766,1.2856421733643826
req_0770,2,18.760704040527344,18.989606000104686,1861,16.42188835144043,16.67550999991363,1861,1.1424206302609388,1.1387721275213198
req_0770,3,18.313888549804688,18.538737999733712,1862,14.631551742553713,14.804901000388782,1862,1.2516709691523313,1.2522027671273774
req_0770,4,18.42176055908203,18.63100000082341,1863,15.18284797668457,15.337412999997468,1863,1.2133270771973264,1.214742016846419
req_0770,5,22.151168823242188,22.349683999891568,1864,14.725119590759276,14.867561999835743,1864,1.5043116415260298,1.5032514409651352
req_0770,6,19.284832000732425,19.502987999658217,1865,14.53990364074707,14.680409999982658,1865,1.326338363528629,1.3285043128687315
req_0770,7,19.23353576660156,19.411145000049142,1866,14.506719589233398,14.641877000030943,1866,1.325836323525293,1.3257279104317103
req_0770,8,17.862335205078125,18.031657000392443,1867,14.779999732971191,14.93050499993842,1867,1.2085477353041398,1.2077057675187017
req_0770,9,18.877439498901367,19.04532799926528,1868,14.6810884475708,14.81776099990384,1868,1.2858337831228661,1.2853040347586167
req_0770,10,18.761823654174805,18.92780600064725,1869,14.732992172241213,14.87215399993147,1869,1.2734564326671136,1.2727010492719797
req_0770,11,19.333087921142575,19.50820699948963,1870,14.575679779052734,14.715879000050336,1870,1.326393568890481,1.3256569314971196
req_0770,12,18.45350456237793,18.64965000004304,1871,14.819583892822266,14.971515000070212,1871,1.2452107087376267,1.245675537843403
req_0770,13,17.711807250976562,17.880234000585915,1872,15.083104133605955,15.235260000281414,1872,1.174281308017606,1.173608720839398
req_0770,14,19.105823516845703,19.274063000011665,1873,15.039135932922363,15.18982999959917,1873,1.2704069969220042,1.2688794410813202
req_0770,15,18.163328170776367,18.33141299994168,1874,14.66431999206543,14.808850999997958,1874,1.2386069166933196,1.2378686908217396
req_0770,16,19.076095581054688,19.256202999713423,1875,14.77939224243164,14.924925000286748,1875,1.290722599965052,1.2902043393413005
req_0770,17,19.46784019470215,19.66660000016418,1876,15.168512344360352,15.32028099973104,1876,1.2834376735659436,1.283697081046323
req_0796,2,20.0898551940918,20.48717700017733,2018,14.90182399749756,15.08185800003048,2018,1.348147394403897,1.3583987463703693
req_0796,3,18.70335960388184,18.888384999627306,2019,15.056544303894045,15.19171899963112,2019,1.2422079878611074,1.2433342796878974
req_0796,4,18.95417594909668,19.118699000500783,2020,14.892000198364258,15.054687000429112,2020,1.2727756981348022,1.2699499498033955
req_0796,5,18.393695831298828,18.567737999546807,2021,14.800607681274414,14.95589399974051,2021,1.2427662584807484,1.241499705725981
req_0796,6,18.128223419189453,18.34025399966777,2022,14.551039695739746,14.69983000015418,2022,1.2458369847274235,1.2476507551091005
req_0796,7,17.745088577270508,17.904654000631126,2023,15.558655738830566,15.715379000084797,2023,1.140528389800614,1.139307808009881
req_0796,8,18.088960647583008,18.24808199944528,2024,14.821375846862791,14.979355999912514,2024,1.220464337081895,1.2182153892031045
req_0796,9,17.923168182373047,18.113809000169567,2025,14.87667179107666,15.028604999770325,2025,1.20478346461362,1.2052887809910762
req_0796,10,17.619647979736328,17.840383000475413,2026,15.714303970336914,15.873524000198811,2026,1.1212490233736114,1.1239081504681612
req_0796,11,18.010271072387695,18.163430999265984,2027,14.64179229736328,14.795941000102175,2027,1.230059183098166,1.2275955276613062
req_0796,12,18.243776321411133,18.40418400024646,2028,15.222784042358398,15.39447300001484,2028,1.1984520223532453,1.1955059455577803
req_0796,13,17.784832000732422,17.94951600004424,2029,14.4967679977417,14.669918999970832,2029,1.2268135906915898,1.2235593120916297
req_0796,14,18.32431983947754,18.481996000446088,2030,16.248384475708008,16.419993999988947,2030,1.1277625702957201,1.1255787304464624
req_0796,15,17.873920440673828,18.03020699935587,2031,14.419967651367188,14.563918000021658,2031,1.2395256960912229,1.2380052537599466
req_0796,16,18.02025604248047,18.188560000453435,2032,14.407232284545898,14.594465999834938,2032,1.250778476155349,1.2462641662023912
req_0796,17,17.715200424194336,17.870163999759825,2033,14.800895690917969,15.019407000181673,2033,1.1969005656235132,1.1898048970604278
req_0796,18,17.745119094848633,17.922365000231366,2034,15.18387222290039,15.332470999965151,2034,1.1686820617526903,1.1689156301206831
req_0796,19,18.367488861083984,18.564947999948345,2035,15.045632362365724,15.192150000075344,2035,1.2207854358469745,1.2220092613524929
req_0796,20,18.25071907043457,18.42677599961462,2036,14.61030387878418,14.75669999990714,2036,1.24916765741859,1.2487057404250663
req_0796,21,18.435487747192383,18.58877799986658,2037,14.735360145568848,14.883043999816437,2037,1.2511053387952802,1.2489903275227734
req_0796,22,18.18076705932617,18.352164000134508,2038,14.559935569763184,14.710969000134355,2038,1.2486845818935088,1.2475156463158135
req_0796,23,17.891328811645508,18.050127000606157,2039,15.99180793762207,16.13808899992364,2039,1.1187808708954448,1.1184798274871062
req_0796,24,18.344703674316406,18.501007999475405,2040,14.953472137451172,15.126717999919492,2040,1.2267855589453267,1.2230682160911488
req_0796,25,18.05516815185547,18.21355999982188,2041,14.823424339294434,14.982494999912888,2041,1.2180160088916985,1.2156560038850523
req_0796,26,18.67571258544922,18.860284000766114,2042,14.618720054626465,14.765731000352387,2042,1.2775203653714413,1.2773010696399663
req_0796,27,18.186399459838867,18.371463999756088,2043,14.822303771972656,14.967483999953402,2043,1.226961728731221,1.2274249967338053
req_0796,28,23.68832015991211,23.910426999464107,2044,15.227904319763184,15.38633399968603,2044,1.5555863540046526,1.5540041571924812
req_0796,29,18.41766357421875,18.599749000713928,2045,14.47379207611084,14.612767000016902,2045,1.2724836364491732,1.2728423713792476
req_0796,30,18.779136657714844,18.94684499984578,2046,14.66470432281494,14.813382000284037,2046,1.2805670161722105,1.2790357394066045
req_0796,31,18.318239212036133,18.48270699974819,2047,15.822848320007324,15.98302499996862,2047,1.1577080713637058,1.1563960514223357
req_0796,32,18.752351760864254,18.933735000246088,2048,14.56435203552246,14.71959099990272,2048,1.2875513936443765,1.2862949113444264
req_0796,33,17.348608016967773,17.514207000203896,2049,14.66755199432373,14.807990999997855,2049,1.1827882405790413,1.1827537577654141
req_0796,34,17.98758316040039,18.159610999646247,2050,14.44159984588623,14.59989700015285,2050,1.2455395075583855,1.2438177474441174
req_0796,35,17.876991271972656,18.054907000077947,2051,14.392064094543455,14.53926699969088,2051,1.242142277475714,1.2418031115641395
req_0796,36,17.508352279663086,17.690941000182647,2052,15.84832000732422,16.033605000302487,2052,1.104744999569146,1.1033663982522268
req_0796,37,17.91644859313965,18.074846999297733,2053,14.566399574279783,14.72502099977646,2053,1.2299846988115801,1.22749210337779
req_0796,38,18.0960636138916,18.265673000314564,2054,14.387200355529783,14.537605999976222,2054,1.257789087988637,1.2564429796999892
req_0796,39,17.960960388183594,18.13911800036294,2055,14.348992347717283,14.48598500019216,2055,1.2517227658178327,1.2521839557422103
req_0796,40,17.711872100830078,17.888254999888886,2056,14.50598430633545,14.689628999803972,2056,1.2210044990255826,1.2177472283423632
req_0796,41,17.563648223876953,17.741030999786744,2057,14.643936157226562,14.834042000074987,2057,1.1993802783146905,1.1959674240976979
req_0796,42,17.641887664794922,17.800223000449478,2058,14.722047805786133,14.9705650001124,2058,1.1983310947992722,1.1890147766845027
req_0796,43,19.091455459594727,19.25130099971284,2059,14.573568344116213,14.800990999901842,2059,1.3100055531219654,1.300676488475705
req_0796,44,17.932191848754883,18.104929999935848,2060,14.450271606445312,14.63616799992451,2060,1.2409588094355621,1.2369993293346475
req_0796,45,17.83296012878418,18.007425999712723,2061,15.152128219604492,15.311082000152965,2061,1.1769277470679735,1.176104079354602
req_0796,46,18.654207229614254,18.858404000638984,2062,14.732288360595703,14.890583000124025,2062,1.2662124697143768,1.2664651209749083
req_0796,47,18.5382080078125,18.715030999373997,2063,14.979840278625488,15.13972799966723,2063,1.2375437696932186,1.2361537142401338
req_0796,48,19.22624015808105,19.4109150006625,2064,14.666751861572266,14.825643000222044,2064,1.310872396256659,1.3092798066412217
req_0796,49,17.99964714050293,18.16804999998567,2065,15.782912254333496,15.950143999816646,2065,1.1404515751242796,1.1390524123289745
req_0796,50,18.669567108154297,18.86498499970912,2066,15.139840126037598,15.306533000057245,2066,1.23314162849357,1.2324792949284182
req_0796,51,18.54960060119629,18.737131000307272,2067,16.60518455505371,16.753050000261283,2067,1.11709692474034,1.1184310319622424
req_0796,52,18.761728286743164,18.95016599974042,2068,14.743552207946776,14.887403999637172,2068,1.2725378539800327,1.2728992912533483
req_0796,53,18.58252716064453,18.762472000162237,2069,14.558783531188965,14.719639000304596,2069,1.2763791096169257,1.27465571674509
req_0796,54,18.58687973022461,18.782181999995373,2070,15.703680038452148,15.867393999997148,2070,1.1836002570552022,1.183696705331622
req_0796,55,19.67308807373047,19.886824999957756,2071,15.543935775756836,15.687318999880516,2071,1.2656439371303685,1.2677006823224048
req_0796,56,18.22105598449707,18.419524999444548,2072,14.83129596710205,15.00640599988401,2072,1.2285545393277832,1.2274441328314667
req_0796,57,18.660768508911133,18.871234000471304,2073,15.129599571228027,15.295121000235667,2073,1.2333947386418826,1.23380743442177
req_0796,58,17.943456649780273,18.121608999535965,2074,14.95961570739746,15.129767999951582,2074,1.199459732171283,1.1977453322214826
req_0796,59,17.674911499023438,17.85148399994796,2075,14.728192329406738,14.894703999743797,2075,1.200073376536046,1.198512169174696
req_0796,60,17.83807945251465,18.023696999989625,2076,14.854144096374512,15.007295000032173,2076,1.2008823488435414,1.2009957157469742
req_0796,61,17.733631134033203,17.911814000399318,2077,14.87724781036377,15.039526000236949,2077,1.191996756394662,1.1909826147524274
req_0796,62,18.208480834960938,18.39727500009758,2078,15.543295860290527,15.69944899983966,2078,1.171468458081618,1.1718420818644955
req_0796,63,17.874271392822266,18.04579700001341,2079,14.477120399475098,14.636439000241808,2079,1.2346565407765995,1.2329363036811942
req_0796,64,18.139135360717773,18.303033999472973,2080,14.7259521484375,14.888602999690193,2080,1.231780137397936,1.229331858728037
req_0796,65,17.597440719604492,17.77759100059484,2081,14.458880424499512,14.602768000258948,2081,1.2170680027055842,1.217412411145585
req_0796,66,18.844480514526367,19.011816999409348,2082,14.410880088806152,14.56597599963061,2082,1.30765646500411,1.3052209477683805
req_0796,67,17.842815399169922,18.038746999991417,2083,14.732288360595703,14.880693000122848,2083,1.2111367197301075,1.2122249279548
req_0796,68,18.284543991088867,18.464517000211345,2084,14.47606372833252,14.651919000243652,2084,1.2630881111211467,1.2602115122192725
req_0796,69,17.682432174682617,17.85810300043522,2085,14.406656265258787,14.578435999737849,2085,1.2273793341848007,1.2249669992553625
req_0796,70,17.670143127441406,17.84315299937589,2086,14.463232040405272,14.664309000181674,2086,1.2217285236161,1.2167742100330012
req_0796,71,17.56537628173828,17.742581000675273,2087,14.36233615875244,14.559815999746206,2087,1.2230166518581242,1.218599259838486
req_0796,72,18.480064392089844,18.68401100000483,2088,14.492671966552734,14.65077900002143,2088,1.2751316275383524,1.2752913002085078
req_0796,73,18.177024841308597,18.34677299939358,2089,14.709759712219238,14.8519130002569,2089,1.235711880881993,1.2353137941944736
req_0796,74,17.83635139465332,18.021417999989357,2090,14.994336128234863,15.168228999755229,2090,1.1895392528293962,1.1881029749933345
req_0796,75,18.055776596069336,18.23650100050145,2091,14.537728309631348,14.70333900033438,2091,1.241994361946306,1.2402965748179184
req_0796,76,18.107391357421875,18.282512000041606,2092,15.285375595092772,15.462474999822009,2092,1.1846219443397312,1.1823794056418562
req_0796,77,18.22169685363769,18.43987499978539,2093,14.649056434631348,14.82533099988359,2093,1.243881947956756,1.2438086542506321
req_0796,78,17.674495697021484,17.87558500018349,2094,14.607135772705078,14.776231000269036,2094,1.2099905123116663,1.2097526764340667
req_0796,79,17.63532829284668,17.813632000070356,2095,14.49948787689209,14.664880000054836,2095,1.216272494765294,1.214713792407694
req_0796,80,17.891328811645508,18.08836899999733,2096,14.530143737792969,14.70820799977446,2096,1.231324970661514,1.2298146042179101
req_0796,81,18.10400009155273,18.319421999876795,2097,14.993408203125,15.150619999985793,2097,1.2074639632488233,1.2091532887693028
req_0796,82,18.85593605041504,19.05671900021844,2098,14.657407760620115,14.816701000199828,2098,1.286444121522979,1.2861647812128643
req_0796,83,18.479904174804688,18.673779999517137,2099,14.417920112609863,14.576846999716508,2099,1.2817316249825956,1.2810575565401974
req_0796,84,24.27289581298828,24.513139000191583,2100,14.541824340820312,14.720350000061444,2100,1.6691781749042247,1.6652551739659223
req_0796,85,21.648351669311523,21.909514999606472,2101,14.557184219360352,14.709438999943814,2101,1.4871249372883708,1.4894867846210968
req_0796,86,19.174272537231445,19.42685700032598,2102,14.869279861450195,15.038436999930129,2102,1.2895226074090038,1.2918135708129934
req_0796,87,19.20204734802246,19.434765000369225,2103,14.622655868530272,14.77437000039572,2103,1.313170980748278,1.315437815612353
req_0796,88,20.57894325256348,20.78574299957836,2104,14.271231651306152,14.43662499968923,2104,1.4419878925222285,1.439792403004567
req_0796,89,18.0817928314209,18.315602999791736,2105,15.262271881103516,15.42316299992308,2105,1.1847379585609585,1.187538703953468
req_0796,90,18.999135971069336,19.246452000516,2106,14.216192245483398,14.416754000194487,2106,1.3364433768898643,1.335005924374957
req_0796,91,17.81657600402832,18.034156999419796,2107,14.775296211242676,15.01863500016043,2107,1.205835453266345,1.200785357605878
req_0328,2,17.71504020690918,17.86914300009812,38,14.736255645751951,14.90278399978706,38,1.2021398537569432,1.199047305547302
req_0328,3,17.872896194458008,18.015067000305866,39,15.465472221374512,15.625047999947128,39,1.1556644335603439,1.1529607461280647
req_0328,4,18.362207412719727,18.544227999882423,40,14.747648239135742,14.888814000187269,40,1.2450939373500958,1.245514115472809
req_0328,5,17.793888092041016,17.95177500025602,41,14.988287925720217,15.1540679999016,41,1.18718616697417,1.1846175561817849
req_0328,6,17.688575744628906,17.85014399956708,42,14.815808296203612,14.98418600021978,42,1.1938987999163981,1.1912655114735804
req_0328,7,18.47398376464844,18.632699000590947,43,14.892959594726562,15.057405999868934,43,1.240450808124792,1.2374441521171133
req_0328,8,18.34172821044922,18.501304999517743,44,14.78451156616211,14.954414999920118,44,1.2406042721376505,1.237180123703707
req_0328,9,18.306047439575195,18.464106999999785,45,15.231072425842283,15.398052999898937,45,1.2018882799424981,1.1991195899975777
req_0328,10,18.00601577758789,18.1793399997332,46,14.732192039489746,14.867863000290528,46,1.2222224451950285,1.222727166599394
req_0328,11,17.92959976196289,18.08405900010257,47,14.656512260437012,14.805220999733136,47,1.223319671376462,1.2214649818755516
req_0328,12,18.140159606933597,18.29627100050857,48,15.206175804138184,15.359194000211572,48,1.1929468553163094,1.1912259849219
req_0328,13,17.98748779296875,18.164409999371856,49,14.89408016204834,15.05215599991061,49,1.2076937680785909,1.2067646654392719
req_0328,14,18.309120178222656,18.463596000401598,50,14.369791984558104,14.51509599974088,50,1.27413954202662,1.2720271364881917
req_0328,15,18.368576049804688,18.52282700019714,51,14.57526397705078,14.724439000019627,51,1.2602568350546925,1.2579648705239261
req_0328,16,17.966079711914062,18.118307999429817,52,14.528512001037598,14.668879000055313,52,1.2366083815487066,1.2351528701928414
req_0328,17,18.22208023071289,18.38626500011742,53,14.820351600646973,14.974335000260908,53,1.229530899247857,1.2278518545095367
req_0328,18,18.574560165405277,18.74479100024473,54,14.701312065124512,14.843202000065505,54,1.2634627496595463,1.2628535945385644
