op,rows,width,dtype,backend,phase,blocks,median_p50_us,median_p95_us,median_p50_ci_low_us,median_p50_ci_high_us,max_abs_error,peak_allocated_bytes,speedup_vs_eager_or_unfused,speedup_vs_compile_or_dense
rms,1,1536,torch.bfloat16,compile,forward,5,2.9152000322937965,3.104639984667301,2.903999947011471,2.921600081026554,0.0,3584,7.184412665859086,1.0
rms,1,1536,torch.bfloat16,compile,forward_backward,5,6.0415999963879585,6.164959967136383,6.028800085186958,6.046399846673012,0.0,9728,8.920021163170965,1.0
rms,1,1536,torch.bfloat16,eager,forward,5,20.94400003552437,21.15040011703968,20.924799889326096,20.979200303554535,0.0,34304,1.0,0.13919022284898547
rms,1,1536,torch.bfloat16,eager,forward_backward,5,53.891199827194214,54.15247976779938,53.87840270996094,53.94880175590515,0.0,52736,1.0,0.11210735733776124
rms,1,1536,torch.bfloat16,liger,forward,5,2.1743999794125557,2.5011199340224257,2.171199955046177,2.1824000403285027,0.0,3584,9.632082521074471,1.3406917126081734
rms,1,1536,torch.bfloat16,liger,forward_backward,5,12.369600310921669,12.581600099802017,12.336000055074692,12.377599999308586,0.0,679424,4.356745446302843,0.4884232185783369
rms,1,1536,torch.bfloat16,tilelang,forward,5,2.1935999393463135,2.3267199657857414,2.1808000281453133,2.2016000002622604,0.0,3584,9.547775626655797,1.3289570171863325
rms,1,1536,torch.bfloat16,tilelang,forward_backward,5,7.051200047135353,7.301600053906441,7.027199864387512,7.067200168967247,0.0,9728,7.642840859278734,0.8568186912868032
rms,1,1536,torch.bfloat16,triton,forward,5,2.086400054395199,2.2552000358700752,2.054399996995926,2.099199965596199,0.0,3584,10.038343313595997,1.39723924285405
rms,1,1536,torch.bfloat16,triton,forward_backward,5,7.144000008702278,7.348799668252468,7.121599838137627,7.172800227999687,0.0,9728,7.54356099685723,0.8456886882738718
rms,1,1536,torch.float16,compile,forward,5,2.9152000322937965,3.1371200084686275,2.8991999104619026,3.009600006043911,0.0,3584,7.0537870089064105,1.0
rms,1,1536,torch.float16,compile,forward_backward,5,6.036800146102905,6.319520026445389,6.0336001217365265,6.124800071120262,0.0,9728,8.803074030886437,1.0
rms,1,1536,torch.float16,eager,forward,5,20.56320011615753,20.72511985898018,20.53760066628456,20.691199600696564,0.0,34304,1.0,0.14176781900805305
rms,1,1536,torch.float16,eager,forward_backward,5,53.14239859580994,53.79712134599686,53.089600801467896,53.29599976539612,0.0,52736,1.0,0.11359668185129458
rms,1,1536,torch.float16,liger,forward,5,2.1296000108122826,2.338720057159662,2.1136000752449036,2.4575999937951565,0.0,3584,9.655897826707005,1.3688955754568515
rms,1,1536,torch.float16,liger,forward_backward,5,12.284800037741661,12.52863995730877,12.257600203156471,12.39359974861145,0.0,679424,4.325865983373321,0.4914040218445967
rms,1,1536,torch.float16,tilelang,forward,5,2.1824000403285027,2.50896006822586,2.1616000682115555,2.2975999861955643,0.0,3584,9.422287269139844,1.3357771162132999
rms,1,1536,torch.float16,tilelang,forward_backward,5,7.057600095868111,7.300800047814846,7.035199925303459,7.233599945902824,0.0,9728,7.529811532807347,0.855361605092525
rms,1,1536,torch.float16,triton,forward,5,2.0767999812960625,2.351999972015619,2.0447999238967896,2.1584000438451767,0.0,3584,9.901386893948601,1.4036980251100137
rms,1,1536,torch.float16,triton,forward_backward,5,7.067200168967247,7.351520024240016,7.054400071501732,7.078400254249573,0.0,9728,7.519583049191573,0.8541996832934028
rms,1,3584,torch.bfloat16,compile,forward,5,3.7696000188589096,3.8931200094521046,3.750399872660637,3.7824001163244247,0.0,7680,5.666383731976749,1.0
rms,1,3584,torch.bfloat16,compile,forward_backward,5,8.35840031504631,8.637920133769512,8.347200229763985,8.454400300979614,0.0,22016,6.531967548116029,1.0
rms,1,3584,torch.bfloat16,eager,forward,5,21.36000022292137,21.510399878025055,21.28000035881996,21.561599522829056,0.0,79360,1.0,0.17647939979016292
rms,1,3584,torch.bfloat16,eager,forward_backward,5,54.59679961204529,55.48751801252365,54.579198360443115,54.721599817276,0.0,122368,1.0,0.15309322843902115
rms,1,3584,torch.bfloat16,liger,forward,5,2.329600043594837,2.451360002160072,2.3183999583125114,2.353600040078163,0.0,7680,9.168955968064143,1.6181318459463923
rms,1,3584,torch.bfloat16,liger,forward_backward,5,13.326399773359299,13.483520597219467,13.284800201654434,13.361600041389465,0.0,1584640,4.096890423562808,0.6272061815041391
rms,1,3584,torch.bfloat16,tilelang,forward,5,2.4159999564290047,2.5041599478572607,2.393599972128868,2.4335999973118305,0.0,7680,8.841059854360575,1.5602649366064594
rms,1,3584,torch.bfloat16,tilelang,forward_backward,5,8.214399963617325,8.408320285379887,8.204799890518188,8.240000158548355,0.0,22016,6.64647446604278,1.0175302337440084
rms,1,3584,torch.bfloat16,triton,forward,5,2.3056000471115112,2.42672000080347,2.292799949645996,2.316799946129322,0.0,7680,9.26439962979767,1.6349756860829
rms,1,3584,torch.bfloat16,triton,forward_backward,5,7.772800326347351,7.914079912006855,7.756800204515457,7.790399715304375,0.0,22016,7.024083640355367,1.0753396413277154
rms,1,3584,torch.float16,compile,forward,5,3.7776000797748566,3.9248000457882877,3.750399872660637,3.7919998168945312,0.0,7680,5.55357895502927,1.0
rms,1,3584,torch.float16,compile,forward_backward,5,8.363200351595879,8.54223981499672,8.339200168848038,8.379199728369713,0.0,22016,6.435239876355219,1.0
rms,1,3584,torch.float16,eager,forward,5,20.979200303554535,21.15695983171463,20.96639946103096,21.028800308704376,0.0,79360,1.0,0.1800640646504916
rms,1,3584,torch.float16,eager,forward_backward,5,53.81920039653778,54.27136033773422,53.81599962711334,53.998398780822754,0.0,122368,1.0,0.1553943627920174
rms,1,3584,torch.float16,liger,forward,5,2.2816000506281853,2.498559989035129,2.2784000262618065,2.30880007147789,0.0,7680,9.194950840651675,1.6556802226291951
rms,1,3584,torch.float16,liger,forward_backward,5,13.211199641227722,13.506400361657143,13.182400166988373,13.233599811792374,0.0,1584640,4.073755741952919,0.633038677691096
rms,1,3584,torch.float16,tilelang,forward,5,2.377600036561489,2.5304000265896316,2.3744000121951103,2.3903999477624893,0.0,7680,8.82368774434193,1.5888290804529355
rms,1,3584,torch.float16,tilelang,forward_backward,5,8.222400024533272,8.365759961307049,8.214399963617325,8.246400207281113,0.0,22016,6.54543688411617,1.0171239938026002
rms,1,3584,torch.float16,triton,forward,5,2.2816000506281853,2.448319997638464,2.2655999287962914,2.4143999442458153,0.0,7680,9.194950840651675,1.6556802226291951
rms,1,3584,torch.float16,triton,forward_backward,5,7.734400033950806,7.913919910788536,7.724799960851669,7.744000107049942,0.0,22016,6.95841954906571,1.0812991718665832
rms,1,5120,torch.bfloat16,compile,forward,5,4.532799869775772,4.658559877425432,4.508800059556961,4.556800052523613,0.0,10752,4.7123191165552045,1.0
rms,1,5120,torch.bfloat16,compile,forward_backward,5,10.423999652266502,10.530880056321621,10.417600348591805,10.43039970099926,0.0,31232,5.137682681377132,1.0
rms,1,5120,torch.bfloat16,eager,forward,5,21.35999947786331,21.518560275435448,21.345599740743637,21.409600228071213,0.0,113152,1.0,0.21220973691845793
rms,1,5120,torch.bfloat16,eager,forward_backward,5,53.55520248413086,53.74432027339935,53.55200171470642,53.58879864215851,0.0,174592,1.0,0.19464028084582963
rms,1,5120,torch.bfloat16,liger,forward,5,2.7295999228954315,2.86160004325211,2.711999975144863,2.739199995994568,0.0,10752,7.8253224213186625,1.6606096123301435
rms,1,5120,torch.bfloat16,liger,forward_backward,5,14.406399428844452,14.530080035328865,14.390399307012558,14.43520039319992,0.0,2263552,3.7174592269670645,0.7235673079697902
rms,1,5120,torch.bfloat16,tilelang,forward,5,2.619200013577938,2.7550399955362077,2.6016000658273697,2.6399999856948853,0.0,10752,8.155161639864474,1.73060470612314
rms,1,5120,torch.bfloat16,tilelang,forward_backward,5,9.324800223112106,9.459200091660023,9.307200089097023,9.334400296211243,0.0,31232,5.743308296449173,1.1178791398050503
rms,1,5120,torch.bfloat16,triton,forward,5,2.5359999388456345,2.6604800205677743,2.505600079894066,2.542399987578392,0.0,10752,8.42271293097357,1.7873816952215953
rms,1,5120,torch.bfloat16,triton,forward_backward,5,8.379199728369713,8.533920161426067,8.372799679636955,8.391999825835228,0.0,31232,6.39144598771257,1.2440328420593256
rms,1,5120,torch.float16,compile,forward,5,4.5632001012563705,4.810559879988432,4.547199979424477,4.684799909591675,0.0,10752,4.59922850767888,1.0
rms,1,5120,torch.float16,compile,forward_backward,5,10.425599664449692,10.558880269527435,10.415999963879585,10.582400113344193,0.0,31232,5.045426775081803,1.0
rms,1,5120,torch.float16,eager,forward,5,20.987199991941452,21.305120140314102,20.94239965081215,21.062399446964264,0.0,113152,1.0,0.21742777040331834
rms,1,5120,torch.float16,eager,forward_backward,5,52.60159969329834,53.020638823509216,52.56959795951843,52.73759961128235,0.0,174592,1.0,0.1981992890945854
rms,1,5120,torch.float16,liger,forward,5,2.6095999404788017,2.855360079556703,2.6000000536441803,2.744000032544136,0.0,10752,8.042305514496135,1.7486205569192066
rms,1,5120,torch.float16,liger,forward_backward,5,14.308799803256989,14.499679654836655,14.2752006649971,14.433600008487701,0.0,2263552,3.6761713362797273,0.728614545440534
rms,1,5120,torch.float16,tilelang,forward,5,2.643200010061264,2.8601600322872396,2.6256000623106956,2.771200053393841,0.0,10752,7.940072605952741,1.72639228355277
rms,1,5120,torch.float16,tilelang,forward_backward,5,9.359999746084213,9.788000024855137,9.348799660801888,9.496000036597252,0.0,31232,5.619829179515137,1.1138461482129074
rms,1,5120,torch.float16,triton,forward,5,2.502400055527687,3.051839964464305,2.489599958062172,2.6095999404788017,0.0,10752,8.386828455179135,1.8235294117647058
rms,1,5120,torch.float16,triton,forward_backward,5,8.193599805235863,8.396480195224285,8.187199756503105,8.206399902701378,0.0,31232,6.419839990193924,1.2724077221574257
rms,8,1536,torch.bfloat16,compile,forward,5,3.2464001327753067,3.364479877054691,3.2384000718593597,3.2496001571416855,0.0,25088,7.174469782450813,1.0
rms,8,1536,torch.bfloat16,compile,forward_backward,5,8.748800307512283,8.990879841148853,8.736000210046768,8.775999769568443,0.0,52736,6.602779439130246,1.0
rms,8,1536,torch.bfloat16,eager,forward,5,23.291199654340744,23.471840247511864,23.236799985170364,23.318399488925934,0.0,227840,1.0,0.1393831224219608
rms,8,1536,torch.bfloat16,eager,forward_backward,5,57.766398787498474,58.03471893072128,57.73920118808746,57.790401577949524,0.0,332288,1.0,0.1514513712321921
rms,8,1536,torch.bfloat16,liger,forward,5,2.25600004196167,2.3854399751871824,2.227200008928776,2.2671999409794807,0.0,25088,10.324113129930726,1.439007124287307
rms,8,1536,torch.bfloat16,liger,forward_backward,5,12.443200126290321,12.61247992515564,12.435200065374374,12.460800260305405,0.0,722432,4.642406953292353,0.7030988988939901
rms,8,1536,torch.bfloat16,tilelang,forward,5,2.300800010561943,2.4244800209999084,2.2512000054121017,2.319999970495701,0.0,25088,10.12308742499186,1.4109875338458522
rms,8,1536,torch.bfloat16,tilelang,forward_backward,5,7.331199944019318,7.479999922215939,7.302399724721909,7.348800078034401,0.0,52736,7.879528484913774,1.1933653937033082
rms,8,1536,torch.bfloat16,triton,forward,5,2.1423999220132828,2.3361600562930103,2.1247999742627144,2.1503999829292297,0.0,25088,10.871546164197602,1.5153100499203525
rms,8,1536,torch.bfloat16,triton,forward_backward,5,7.3263999074697495,7.474719882011414,7.319999858736992,7.3552001267671585,0.0,52736,7.884690914647153,1.1941472507653184
rms,8,1536,torch.float16,compile,forward,5,3.171199932694435,3.29775994643569,3.1488001346588135,3.190400078892708,0.0,25088,7.219979970925537,1.0
rms,8,1536,torch.float16,compile,forward_backward,5,8.694399893283844,8.844479881227016,8.67999978363514,8.808000013232231,0.0,52736,6.556128124896632,1.0
rms,8,1536,torch.float16,eager,forward,5,22.895999997854233,23.090879917144775,22.889600694179535,23.03199991583824,0.0,227840,1.0,0.13850453935148643
rms,8,1536,torch.float16,eager,forward_backward,5,57.00159966945648,57.472479939460754,56.98399841785431,57.04319775104523,0.0,332288,1.0,0.1525290508284212
rms,8,1536,torch.float16,liger,forward,5,2.223999984562397,2.3740800563246007,2.2127999924123287,2.2463999688625336,0.0,25088,10.294964099273292,1.4258992602099378
rms,8,1536,torch.float16,liger,forward_backward,5,12.248000130057335,12.451040111482143,12.212799862027168,12.264000251889229,0.0,722432,4.653951589171778,0.7098628184977938
rms,8,1536,torch.float16,tilelang,forward,5,2.2943999618291855,2.4368000123649836,2.286399994045496,2.3072000592947006,0.0001220703125,25088,9.979079662989815,1.3821478318741909
rms,8,1536,torch.float16,tilelang,forward_backward,5,7.276800274848938,7.644000090658665,7.2624001652002335,7.417599856853485,0.0001220703125,52736,7.8333329920395265,1.1948108460987457
rms,8,1536,torch.float16,triton,forward,5,2.147199958562851,2.3177600372582674,2.1407999098300934,2.1743999794125557,0.0,25088,10.663189474527945,1.4769001461871119
rms,8,1536,torch.float16,triton,forward_backward,5,7.268800213932991,7.449440024793148,7.265600189566612,7.292800024151802,0.0,52736,7.841954379237801,1.1961258581049226
rms,8,3584,torch.bfloat16,compile,forward,5,4.475199989974499,4.772319924086331,4.45760004222393,4.583999887108803,0.0,57856,5.847693879896264,1.0
rms,8,3584,torch.bfloat16,compile,forward_backward,5,11.854400113224983,12.100960090756416,11.830399930477142,11.859200149774551,0.0,122368,5.418275046428643,1.0
rms,8,3584,torch.bfloat16,eager,forward,5,26.1695995926857,26.373758912086487,26.153600215911865,26.19359940290451,0.0,530944,1.0,0.1710075835942595
rms,8,3584,torch.bfloat16,eager,forward_backward,5,64.2304003238678,64.51231867074966,64.1759991645813,64.31839764118195,0.0,774656,1.0,0.18456058273732925
rms,8,3584,torch.bfloat16,liger,forward,5,2.425600029528141,2.622399982064962,2.4159999564290047,2.449600026011467,0.0,57856,10.788917906542302,1.8449867807946359
rms,8,3584,torch.bfloat16,liger,forward_backward,5,13.82720023393631,13.993920013308525,13.814400136470795,13.835199922323227,0.0,1684992,4.645220958486313,0.8573246870418891
rms,8,3584,torch.bfloat16,tilelang,forward,5,2.4992000311613083,2.625920046120882,2.4639999493956566,2.6256000623106956,0.0,57856,10.471190487511885,1.7906529826246036
rms,8,3584,torch.bfloat16,tilelang,forward_backward,5,8.471999689936638,8.630880154669285,8.43840017914772,8.484799787402153,0.0,122368,7.581492289260008,1.3992446349243957
rms,8,3584,torch.bfloat16,triton,forward,5,2.3951999843120575,2.546560000628233,2.387200016528368,2.407999988645315,0.0,57856,10.925851604913925,1.868403481665792
rms,8,3584,torch.bfloat16,triton,forward_backward,5,8.06880034506321,8.324960060417652,8.060800284147263,8.084799721837044,0.0,122368,7.960340766538651,1.4691651306600917
rms,8,3584,torch.float16,compile,forward,5,4.318400099873543,4.4747199304401875,4.315200075507164,4.3327998369932175,0.000244140625,57856,5.966654063274206,1.0
rms,8,3584,torch.float16,compile,forward_backward,5,11.64960004389286,11.810400113463402,11.639999970793724,11.659200116991997,0.000244140625,122368,5.43537990327791,1.0
rms,8,3584,torch.float16,eager,forward,5,25.76639950275421,25.94399929046631,25.758400559425354,25.77439993619919,0.0,530944,1.0,0.16759811938070518
rms,8,3584,torch.float16,eager,forward_backward,5,63.32000195980072,63.74096006155014,63.29440176486969,63.35679888725281,0.0,774656,1.0,0.18397978021682176
rms,8,3584,torch.float16,liger,forward,5,2.4096000008285046,2.5364800076931715,2.4032000452280045,2.436799928545952,0.0009765625,57856,10.693226881596457,1.7921647154667688
rms,8,3584,torch.float16,liger,forward_backward,5,13.606399297714233,13.823039457201958,13.4832002222538,13.623999804258347,0.0009765625,1684992,4.653692764289078,0.8561853719705184
rms,8,3584,torch.float16,tilelang,forward,5,2.4879999458789825,2.643200010061264,2.486399933695793,2.510399930179119,0.0009765625,57856,10.356270121883476,1.7356913962262568
rms,8,3584,torch.float16,tilelang,forward_backward,5,8.449600264430046,8.617599979043007,8.4416002035141,8.454400300979614,0.0009765625,122368,7.493845859946354,1.37871611429167
rms,8,3584,torch.float16,triton,forward,5,2.383999992161989,2.528959969058633,2.361599914729595,2.3951999843120575,0.0009765625,57856,10.808053518233159,1.8114094438218915
rms,8,3584,torch.float16,triton,forward_backward,5,7.983999699354172,8.137440048158169,7.976000010967255,7.9951997846364975,0.0009765625,122368,7.930862267557788,1.4591182969151666
rms,8,5120,torch.bfloat16,compile,forward,5,5.644800141453743,5.76591994613409,5.632000043988228,5.657599866390228,0.0,82432,4.986677903428741,1.0
rms,8,5120,torch.bfloat16,compile,forward_backward,5,14.73120003938675,14.874720349907875,14.715199917554855,14.748799800872803,0.0,174592,4.632236223137483,1.0
rms,8,5120,torch.bfloat16,eager,forward,5,28.148800134658813,28.300320506095886,28.140799701213837,28.15520018339157,0.0,758272,1.0,0.2005343074820252
rms,8,5120,torch.bfloat16,eager,forward_backward,5,68.23839843273163,68.42592179775238,68.22880208492279,68.27200055122375,0.0,1106432,1.0,0.2158784552059577
rms,8,5120,torch.bfloat16,liger,forward,5,2.831999957561493,2.95823996886611,2.816000021994114,2.860799990594387,0.0,82432,9.93954821909548,1.9932204188005092
rms,8,5120,torch.bfloat16,liger,forward_backward,5,14.872000366449356,15.003840252757072,14.854399859905243,14.891199767589569,0.0,2406912,4.588380631476769,0.9905325226201415
rms,8,5120,torch.bfloat16,tilelang,forward,5,2.7583999559283257,2.875359980389476,2.7535999193787575,2.77280006557703,0.0,82432,10.204756592372217,2.046403796273994
rms,8,5120,torch.bfloat16,tilelang,forward_backward,5,9.577599912881851,9.695200063288212,9.566399827599525,9.590400010347366,0.0,174592,7.12479108058702,1.538088892142312
rms,8,5120,torch.bfloat16,triton,forward,5,2.627200074493885,2.736319974064827,2.6064000092446804,2.630399912595749,0.0,82432,10.714372463650877,2.148599262102709
rms,8,5120,torch.bfloat16,triton,forward_backward,5,8.564799651503563,8.708319924771786,8.560000360012054,8.609599992632866,0.0,174592,7.967308192755248,1.7199701848017737
rms,8,5120,torch.float16,compile,forward,5,5.423999950289726,5.681760050356388,5.419199913740158,5.443200096487999,0.000244140625,82432,5.095870250555308,1.0
rms,8,5120,torch.float16,compile,forward_backward,5,14.588800072669983,14.7502401471138,14.564800262451172,14.604799449443817,0.000244140625,174592,4.608137704182617,1.0
rms,8,5120,torch.float16,eager,forward,5,27.639999985694885,28.18719908595085,27.60159969329834,27.665600180625916,0.0,758272,1.0,0.19623733549554717
rms,8,5120,torch.float16,eager,forward_backward,5,67.22719967365265,67.43135929107666,67.17599928379059,67.33759939670563,0.0,1106432,1.0,0.21700740390035245
rms,8,5120,torch.float16,liger,forward,5,2.72000003606081,2.86640003323555,2.7103999629616737,2.7343999594449997,0.0,82432,10.161764565901994,1.9941176023456728
rms,8,5120,torch.float16,liger,forward_backward,5,14.724799990653992,15.009600222110748,14.70239982008934,14.740800112485886,0.0,2406912,4.565576423199131,0.9907638869071003
rms,8,5120,torch.float16,tilelang,forward,5,2.7583999559283257,2.940319934859872,2.7424000203609467,2.759999968111515,0.00048828125,82432,10.02030177904088,1.9663573219802732
rms,8,5120,torch.float16,tilelang,forward_backward,5,9.559999778866768,9.795359671115875,9.539200365543365,9.583999961614609,0.00048828125,174592,7.032134019737571,1.5260251475026
rms,8,5120,torch.float16,triton,forward,5,2.611199952661991,2.7524799946695566,2.598400041460991,2.6256000623106956,0.000244140625,82432,10.585171755045895,2.077205900972931
rms,8,5120,torch.float16,triton,forward_backward,5,8.407999947667122,8.632480166852474,8.393599838018417,8.416000008583069,0.000244140625,174592,7.995623226937039,1.7351094390429656
rms,32,1536,torch.bfloat16,compile,forward,5,3.359999880194664,3.534399885684252,3.3472001552581787,3.372799977660179,0.0,98816,7.746190641072591,1.0
rms,32,1536,torch.bfloat16,compile,forward_backward,5,9.267199784517288,9.572480134665966,9.251199662685394,9.302400052547455,0.0,200192,7.123619005123319,1.0
rms,32,1536,torch.bfloat16,eager,forward,5,26.027199625968933,26.180159747600555,26.020801067352295,26.049600541591644,0.0,891392,1.0,0.12909571250386023
rms,32,1536,torch.bfloat16,eager,forward_backward,5,66.01600050926208,66.2459197640419,65.99040031433105,66.02400243282318,0.0,1290752,1.0,0.14037808581295522
rms,32,1536,torch.bfloat16,liger,forward,5,2.304000034928322,2.4264000169932842,2.287999913096428,2.332800067961216,0.0,98816,11.29652744418411,1.4583332592263587
rms,32,1536,torch.bfloat16,liger,forward_backward,5,12.542399764060974,12.702240198850632,12.534399330615997,12.55199983716011,0.0,869888,5.26342659707152,0.7388697505138967
rms,32,1536,torch.bfloat16,tilelang,forward,5,2.4320000782608986,3.110080044716594,2.4159999564290047,2.444799989461899,0.0,98816,10.70197318602915,1.3815788536476403
rms,32,1536,torch.bfloat16,tilelang,forward_backward,5,7.472000271081924,7.646560110151768,7.45760016143322,7.473600283265114,0.0,200192,8.835117520639912,1.2402568854799338
rms,32,1536,torch.bfloat16,triton,forward,5,2.223999984562397,2.360320053994655,2.2096000611782074,2.232000045478344,0.0,98816,11.702877610896273,1.510791323524128
rms,32,1536,torch.bfloat16,triton,forward_backward,5,7.744000107049942,7.870719917118549,7.731200009584427,7.756800204515457,0.0,200192,8.524793336348587,1.1966941705076506
rms,32,1536,torch.float16,compile,forward,5,3.3344000577926636,3.4883201122283936,3.3167999237775803,3.3392000943422318,0.001953125,98816,7.6938576506539365,1.0
rms,32,1536,torch.float16,compile,forward_backward,5,9.15519967675209,9.51855979859829,9.145600348711014,9.172799810767174,0.001953125,200192,7.125306103947289,1.0
rms,32,1536,torch.float16,eager,forward,5,25.654399394989014,25.906079411506653,25.630399584770203,25.672000646591187,0.0,891392,1.0,0.129973810980894
rms,32,1536,torch.float16,eager,forward_backward,5,65.23360013961792,65.51888018846512,65.21919965744019,65.29600024223328,0.0,1290752,1.0,0.14034484770359806
rms,32,1536,torch.float16,liger,forward,5,2.2943999618291855,2.5041599478572607,2.2816000506281853,2.2991999983787537,0.001953125,98816,11.18131094045884,1.4532775946937992
rms,32,1536,torch.float16,liger,forward_backward,5,12.563200294971466,12.762880250811577,12.55360022187233,12.567999958992004,0.001953125,869888,5.19243493759534,0.7287314905276597
rms,32,1536,torch.float16,tilelang,forward,5,2.4528000503778458,2.6017599646002054,2.4480000138282776,2.454400062561035,0.001953125,98816,10.459229805966874,1.3594259578064711
rms,32,1536,torch.float16,tilelang,forward_backward,5,7.51039981842041,7.708800174295902,7.492799684405327,7.5279999524354935,0.001953125,200192,8.685769295480446,1.2190029689627915
rms,32,1536,torch.float16,triton,forward,5,2.2223999723792076,2.390719950199127,2.204800024628639,2.2415999323129654,0.001953125,98816,11.543556386713098,1.5003600158539399
rms,32,1536,torch.float16,triton,forward_backward,5,7.699199765920639,7.870399914681911,7.69599974155426,7.715199887752533,0.001953125,200192,8.472776668085004,1.189110551108989
rms,32,3584,torch.bfloat16,compile,forward,5,4.620800167322159,4.7695999406278125,4.616000130772591,4.641599953174591,0.0,229888,6.757271321699219,1.0
rms,32,3584,torch.bfloat16,compile,forward_backward,5,12.520000338554382,12.665440663695335,12.49919980764389,12.564799934625626,0.0,466432,6.183642048409729,1.0
rms,32,3584,torch.bfloat16,eager,forward,5,31.224000453948975,31.38751909136772,31.21599853038788,31.246399879455566,0.0,2079232,1.0,0.14798872982778719
rms,32,3584,torch.bfloat16,eager,forward_backward,5,77.41920053958893,77.8383994102478,77.40159928798676,77.48799920082092,0.0,3011072,1.0,0.1617169933465301
rms,32,3584,torch.bfloat16,liger,forward,5,2.545600011944771,2.6630399748682976,2.518399991095066,2.56159994751215,0.0,229888,12.265870642455987,1.8152106166090054
rms,32,3584,torch.bfloat16,liger,forward_backward,5,14.238400012254715,14.436320066452026,14.22400027513504,14.423999935388565,0.0,2029056,5.437352544735063,0.8793123052996588
rms,32,3584,torch.bfloat16,tilelang,forward,5,2.6895999908447266,2.871359968557954,2.683199942111969,2.703999914228916,0.0,229888,11.609161421859763,1.7180250531867742
rms,32,3584,torch.bfloat16,tilelang,forward_backward,5,8.772799745202065,8.895840272307396,8.769599720835686,8.7823998183012,0.0,466432,8.824913686412401,1.4271385079092567
rms,32,3584,torch.bfloat16,triton,forward,5,2.497600018978119,2.6643199659883976,2.4927999824285507,2.534399926662445,0.0,229888,12.501601624236104,1.8500961451837021
rms,32,3584,torch.bfloat16,triton,forward_backward,5,8.57279971241951,8.712480030953884,8.553600311279297,8.575999736785889,0.0,466432,9.030795438674588,1.4604330858700127
rms,32,3584,torch.float16,compile,forward,5,4.475199989974499,4.663839917629957,4.464000090956688,4.48479987680912,0.0009765625,229888,6.877011103824112,1.0
rms,32,3584,torch.float16,compile,forward_backward,5,12.188799679279327,12.686880342662333,12.18399964272976,12.195199728012085,0.0009765625,466432,6.282226445380766,1.0
rms,32,3584,torch.float16,eager,forward,5,30.776000022888184,30.98976045846939,30.753600597381592,30.983999371528625,0.0,2079232,1.0,0.14541200892404088
rms,32,3584,torch.float16,eager,forward_backward,5,76.57279968261719,76.81856006383896,76.56159996986389,76.596799492836,0.0,3011072,1.0,0.15917923505213444
rms,32,3584,torch.float16,liger,forward,5,2.5087999179959297,2.650560028851032,2.507199998944998,2.5248000398278236,0.0009765625,229888,12.267219797851617,1.7838010747183703
rms,32,3584,torch.float16,liger,forward_backward,5,13.90720009803772,14.234719872474669,13.900799304246902,13.916799426078796,0.0009765625,2029056,5.505982451019848,0.8764380747638156
rms,32,3584,torch.float16,tilelang,forward,5,2.6847999542951584,2.84400001168251,2.6736000552773476,2.7040000073611736,0.000244140625,229888,11.463051455156858,1.6668653404940088
rms,32,3584,torch.float16,tilelang,forward_backward,5,8.742400258779526,8.929439783096313,8.726400136947632,8.755199983716011,0.000244140625,466432,8.75878447749166,1.3942166131136318
rms,32,3584,torch.float16,triton,forward,5,2.5280000641942024,3.0992000363767125,2.521600015461445,2.5344000197947025,0.000244140625,229888,12.174050332826239,1.7702531156386518
rms,32,3584,torch.float16,triton,forward_backward,5,8.46719965338707,8.71984001249075,8.462399989366531,8.4927998483181,0.000244140625,466432,9.043462161895091,1.4395313891533825
rms,32,5120,torch.bfloat16,compile,forward,5,5.803199857473373,5.961760077625512,5.795200169086456,5.820799991488457,0.0,328192,6.139233627036755,1.0
rms,32,5120,torch.bfloat16,compile,forward_backward,5,15.463999658823013,15.72000041604042,15.436799824237823,15.529600530862808,0.0,666112,5.617175535133482,1.0
rms,32,5120,torch.bfloat16,eager,forward,5,35.627199709415436,35.97023889422417,35.598400235176086,35.631999373435974,0.0,2970112,1.0,0.16288678046003496
rms,32,5120,torch.bfloat16,eager,forward_backward,5,86.86400055885315,87.14783996343613,86.7904007434845,86.90079748630524,0.0,4301312,1.0,0.17802541397279598
rms,32,5120,torch.bfloat16,liger,forward,5,2.8944000601768494,3.0390400253236294,2.879999950528145,2.9120000079274178,0.0,328192,12.309010146730923,2.004975033450903
rms,32,5120,torch.bfloat16,liger,forward_backward,5,15.352000296115875,15.537759438157082,15.334400534629822,15.356800705194473,0.0,2898432,5.658155216478867,1.0072954247359853
rms,32,5120,torch.bfloat16,tilelang,forward,5,2.9519999399781227,3.0804799869656563,2.94560007750988,2.964800037443638,0.0,328192,12.068834835301342,1.9658536502261517
rms,32,5120,torch.bfloat16,tilelang,forward_backward,5,9.948799759149551,10.163039900362492,9.932799637317657,9.956799820065498,0.0,666112,8.731103516177162,1.554358317906774
rms,32,5120,torch.bfloat16,triton,forward,5,2.7615999802947044,2.903360007330775,2.7456000447273254,2.7904000133275986,0.0,328192,12.90092698567208,2.1013904616461088
rms,32,5120,torch.bfloat16,triton,forward_backward,5,9.188799932599068,9.352000020444393,9.164799749851227,9.214400127530098,0.0,666112,9.453247561815564,1.68291831057954
rms,32,5120,torch.float16,compile,forward,5,5.5824000388383865,5.809120070189238,5.571199953556061,5.636800080537796,0.0009765625,328192,6.313843293166211,1.0
rms,32,5120,torch.float16,compile,forward_backward,5,15.148799866437912,15.5059202760458,15.129600465297699,15.166399627923965,0.0009765625,666112,5.677651135196946,1.0
rms,32,5120,torch.float16,eager,forward,5,35.24639904499054,35.44271990656853,35.230399668216705,35.311999917030334,0.0,2970112,1.0,0.15838213803664564
rms,32,5120,torch.float16,eager,forward_backward,5,86.00960075855255,86.50415867567062,85.95519959926605,86.06719970703125,0.0,4301312,1.0,0.1761291731717701
rms,32,5120,torch.float16,liger,forward,5,2.783999964594841,3.0241600144654512,2.7759999968111515,2.8095999732613564,0.0009765625,328192,12.66034464555749,2.005172453244194
rms,32,5120,torch.float16,liger,forward_backward,5,15.201599895954132,15.40367990732193,15.187199413776398,15.20959958434105,0.0009765625,2898432,5.657930832756873,0.9965266794365327
rms,32,5120,torch.float16,tilelang,forward,5,2.9551999643445015,3.2521599717438217,2.916800044476986,2.9695999808609486,0.0001220703125,328192,11.926908321010558,1.8890092400487117
rms,32,5120,torch.float16,tilelang,forward_backward,5,9.934399649500847,10.360479913651943,9.921600297093391,9.975999966263771,0.0001220703125,666112,8.657755253773598,1.5248832743706926
rms,32,5120,torch.float16,triton,forward,5,2.764800004661083,2.9971199948340654,2.7488000690937042,2.779199928045273,0.0009765625,328192,12.748263521979826,2.019097232865743
rms,32,5120,torch.float16,triton,forward_backward,5,9.008000046014786,9.248159974813461,9.001599997282028,9.02240015566349,0.0009765625,666112,9.54813502655386,1.6817051275593484
rms,128,1536,torch.bfloat16,compile,forward,5,4.169600084424019,4.44048000499606,4.161600023508072,4.22080010175705,0.0,393728,6.704911645418414,1.0
rms,128,1536,torch.bfloat16,compile,forward_backward,5,12.980800122022629,13.110079914331436,12.97760009765625,13.041599839925766,0.0,790016,5.631332294640246,1.0
rms,128,1536,torch.bfloat16,eager,forward,5,27.956800162792206,28.19360002875328,27.94559895992279,27.97119915485382,0.0,3545600,1.0,0.14914439635954307
rms,128,1536,torch.bfloat16,eager,forward_backward,5,73.09919893741608,73.35648000240326,73.08480143547058,73.14559817314148,0.0,5124608,1.0,0.17757787103982012
rms,128,1536,torch.bfloat16,liger,forward,5,2.7103999629616737,2.841759994626045,2.7055999264121056,2.7135999873280525,0.0,393728,10.314640106563315,1.5383707723593187
rms,128,1536,torch.bfloat16,liger,forward_backward,5,14.127999544143677,14.313920140266418,14.110399782657623,14.153599739074707,0.0,1459712,5.174065776900246,0.9187995852819387
rms,128,1536,torch.bfloat16,tilelang,forward,5,2.8416000306606293,2.995040044188499,2.816000021994114,2.8543999418616295,0.0,393728,9.838400852034292,1.4673423562198686
rms,128,1536,torch.bfloat16,tilelang,forward_backward,5,8.766399696469307,8.93743984401226,8.75839963555336,8.771199733018875,0.0,790016,8.338565599154348,1.4807447266237113
rms,128,1536,torch.bfloat16,triton,forward,5,2.6016000658273697,2.717439979314804,2.5919999927282333,2.611199952661991,0.0,393728,10.746002250696165,1.6027060189583706
rms,128,1536,torch.bfloat16,triton,forward_backward,5,9.700800105929375,10.076000168919562,9.68800000846386,9.728000313043594,0.0,790016,7.535378333663013,1.3381164419714653
rms,128,1536,torch.float16,compile,forward,5,4.097599908709526,4.288960006088018,4.084799997508526,4.108799993991852,0.001953125,393728,6.7071460462746595,1.0
rms,128,1536,torch.float16,compile,forward_backward,5,12.707200646400452,12.914239913225174,12.694399803876877,12.747199833393097,0.001953125,790016,5.68559527129254,1.0
rms,128,1536,torch.float16,eager,forward,5,27.483201026916504,27.670240104198456,27.46880054473877,27.51839905977249,0.0,3545600,1.0,0.14909471079065417
rms,128,1536,torch.float16,eager,forward_backward,5,72.24799990653992,72.50239908695221,72.11520075798035,72.27519750595093,0.0,5124608,1.0,0.17588307860201666
rms,128,1536,torch.float16,liger,forward,5,2.6895999908447266,2.838239967823028,2.686399966478348,2.711999975144863,0.001953125,393728,10.218322843719529,1.523497889149898
rms,128,1536,torch.float16,liger,forward_backward,5,14.193599671125412,14.372640252113342,14.188800007104874,14.209599792957306,0.001953125,1459712,5.090181601607154,0.89527681073401
rms,128,1536,torch.float16,tilelang,forward,5,2.864000014960766,3.0752000119537115,2.8384000062942505,2.875200007110834,0.001953125,393728,9.5960896939077,1.4307262176343458
rms,128,1536,torch.float16,tilelang,forward_backward,5,8.712000027298927,9.229759760200977,8.695999905467033,8.7567999958992,0.001953125,790016,8.292929256215777,1.4585859282119629
rms,128,1536,torch.float16,triton,forward,5,2.587199956178665,2.7996799442917104,2.5776000693440437,2.8495999984443188,0.0009765625,393728,10.622758771034313,1.5837971467662457
rms,128,1536,torch.float16,triton,forward_backward,5,10.569600015878677,10.731359757483006,10.56319996714592,10.596800222992897,0.0009765625,790016,6.835452599720138,1.202240446876936
rms,128,3584,torch.bfloat16,compile,forward,5,5.718399956822395,6.031199991703033,5.711999908089638,5.724800005555153,0.00390625,918016,6.397034360370114,1.0
rms,128,3584,torch.bfloat16,compile,forward_backward,5,18.07039976119995,18.402720391750336,18.039999902248383,18.105599284172058,0.00390625,1842688,5.170710259226641,1.0
rms,128,3584,torch.bfloat16,eager,forward,5,36.580801010131836,36.95472091436386,36.54080033302307,36.67519986629486,0.0,8272384,1.0,0.15632243687716302
rms,128,3584,torch.bfloat16,eager,forward_backward,5,93.43680143356323,94.16528135538101,92.95200109481812,93.6464011669159,0.0,11956736,1.0,0.19339702862205344
rms,128,3584,torch.bfloat16,liger,forward,5,3.307199850678444,3.4897599183022976,3.288000077009201,3.3792000263929367,0.0078125,918016,11.060958714855891,1.7290760205039664
rms,128,3584,torch.bfloat16,liger,forward_backward,5,16.55680015683174,16.798880025744438,16.518400609493256,16.579199582338333,0.0078125,3405312,5.643409387592863,1.0914186068582619
rms,128,3584,torch.bfloat16,tilelang,forward,5,3.5232000052928925,3.805600050836801,3.5071998834609985,3.6448001861572266,0.00390625,918016,10.382834058576467,1.6230699217278783
rms,128,3584,torch.bfloat16,tilelang,forward_backward,5,11.070400103926659,11.378400214016438,11.054399982094765,11.096000298857689,0.00390625,1842688,8.440237078732258,1.6323167718924991
rms,128,3584,torch.bfloat16,triton,forward,5,3.2016001641750336,3.6438398994505397,3.200000151991844,3.3167999237775803,0.0078125,918016,11.42578683605163,1.7861068414506012
rms,128,3584,torch.bfloat16,triton,forward_backward,5,11.521599814295769,11.870400235056877,11.497600004076958,11.587200313806534,0.0078125,1842688,8.10970724027654,1.568393283264236
rms,128,3584,torch.float16,compile,forward,5,5.744000151753426,5.881120041012764,5.734400078654289,5.75999990105629,0.001953125,918016,6.325348193678512,1.0
rms,128,3584,torch.float16,compile,forward_backward,5,17.96960011124611,18.312479704618454,17.905599623918533,17.99039989709854,0.001953125,1842688,5.140147627604812,1.0
rms,128,3584,torch.float16,eager,forward,5,36.33280098438263,36.667359471321106,36.2975999712944,36.369599401950836,0.0,8272384,1.0,0.1580940636595136
rms,128,3584,torch.float16,eager,forward_backward,5,92.36639738082886,92.78560072183609,92.1103984117508,92.50079989433289,0.0,11956736,1.0,0.194546941537159
rms,128,3584,torch.float16,liger,forward,5,3.303999826312065,3.520800154656172,3.2896000891923904,3.3167999237775803,0.0009765625,918016,10.996611045508866,1.738498926667589
rms,128,3584,torch.float16,liger,forward_backward,5,16.21920019388199,16.46496020257473,16.174399852752686,16.26880019903183,0.0009765625,3405312,5.694879912492245,1.10792146939677
rms,128,3584,torch.float16,tilelang,forward,5,3.5408001393079758,3.65887988358736,3.5312000662088394,3.5503998398780823,0.00048828125,918016,10.261183787538942,1.6222322429291505
rms,128,3584,torch.float16,tilelang,forward_backward,5,10.995200276374817,11.4707200974226,10.95839999616146,11.070400103926659,0.00048828125,1842688,8.400610726418037,1.6343131238688808
rms,128,3584,torch.float16,triton,forward,5,3.203200176358223,3.704000078141688,3.1808000057935715,3.2159999012947083,0.0009765625,918016,11.342657025478207,1.7932067418539808
rms,128,3584,torch.float16,triton,forward_backward,5,12.270400300621986,12.43296004831791,12.244800105690956,12.294399738311768,0.0009765625,1842688,7.527578165167668,1.4644673092152691
rms,128,5120,torch.bfloat16,compile,forward,5,7.48480036854744,7.615359872579575,7.480000331997871,7.500799745321274,0.0078125,1720832,5.910645396757234,1.0
rms,128,5120,torch.bfloat16,compile,forward_backward,5,23.30079972743988,23.54032002389431,23.27200025320053,23.35040047764778,0.0078125,3041792,4.818856062409293,1.0
rms,128,5120,torch.bfloat16,eager,forward,5,44.24000084400177,44.42559987306595,44.18240040540695,44.284799695014954,0.0,12227072,1.0,0.16918626188413055
rms,128,5120,torch.bfloat16,eager,forward_backward,5,112.28320002555847,112.56608486175537,112.24960088729858,112.44639754295349,0.0,17490432,1.0,0.20751813024687607
rms,128,5120,torch.bfloat16,liger,forward,5,3.7535998970270157,3.901920039206743,3.7376001477241516,3.7808001041412354,0.0078125,1720832,11.78601930350686,1.9940325484545296
rms,128,5120,torch.bfloat16,liger,forward_backward,5,18.560000509023666,18.715040534734726,18.512000143527985,18.5808002948761,0.0078125,5274112,6.049741214768158,1.255430985366153
rms,128,5120,torch.bfloat16,tilelang,forward,5,3.815999999642372,3.9683200418949127,3.798399865627289,3.8256000727415085,0.0078125,1720832,11.593291626873127,1.9614256732832547
rms,128,5120,torch.bfloat16,tilelang,forward_backward,5,12.87039965391159,13.012640327215195,12.82079964876175,12.888000160455704,0.0078125,3041792,8.724142454382386,1.8104177301408249
rms,128,5120,torch.bfloat16,triton,forward,5,3.4864000976085663,3.5998400114476676,3.4591998904943466,3.489600121974945,0.0078125,1720832,12.68930690839167,2.14685640173126
rms,128,5120,torch.bfloat16,triton,forward_backward,5,12.454400211572647,12.63648010790348,12.432000041007996,12.505600601434708,0.0078125,3041792,9.015544555989518,1.870888949416347
rms,128,5120,torch.float16,compile,forward,5,7.348800078034401,7.65376016497612,7.305599749088287,7.744000107049942,0.001953125,1720832,5.964511297710194,1.0
rms,128,5120,torch.float16,compile,forward_backward,5,22.942399978637695,23.132959976792336,22.919999808073044,22.972800582647324,0.001953125,3041792,4.877467072788,1.0
rms,128,5120,torch.float16,eager,forward,5,43.832001090049744,44.15200024843216,43.76640021800995,44.039998948574066,0.0,12227072,1.0,0.1676583294232178
rms,128,5120,torch.float16,eager,forward_backward,5,111.90080046653748,112.28303849697113,111.83359622955322,112.01599836349487,0.0,17490432,1.0,0.20502444918165114
rms,128,5120,torch.float16,liger,forward,5,3.6240000277757645,3.7575998902320857,3.6079999059438705,3.649599850177765,0.001953125,1720832,12.09492294539294,2.027814575527125
rms,128,5120,torch.float16,liger,forward_backward,5,18.169600516557693,18.485119864344597,18.15679967403412,18.240000307559967,0.001953125,5274112,6.158682485317379,1.262680484236878
rms,128,5120,torch.float16,tilelang,forward,5,3.8527999073266983,4.022559877485037,3.8304001092910767,3.8816001266241074,0.001953125,1720832,11.376661686140611,1.9073920927114627
rms,128,5120,torch.float16,tilelang,forward_backward,5,12.753599882125854,12.970080003142357,12.73919939994812,12.825599312782288,0.001953125,3041792,8.774056070503374,1.7988960129438767
rms,128,5120,torch.float16,triton,forward,5,3.447999991476536,3.6886400729417796,3.4111998975276947,3.455999866127968,0.001953125,1720832,12.712297331323247,2.131322533700885
rms,128,5120,torch.float16,triton,forward_backward,5,12.97760009765625,13.15871961414814,12.958399951457977,12.987200170755386,0.001953125,3041792,8.622611239711935,1.7678461199294533
rms,512,1536,torch.bfloat16,compile,forward,5,7.155200093984604,7.3343998938798896,7.140799984335899,7.203199714422226,0.0078125,2099200,5.3535330227467,1.0
rms,512,1536,torch.bfloat16,compile,forward_backward,5,27.049599587917328,27.262240052223206,27.04000025987625,27.132800221443176,0.0078125,3675136,4.0863008705216455,1.0
rms,512,1536,torch.bfloat16,eager,forward,5,38.30559998750687,38.581440299749374,38.23519945144653,38.51200044155121,0.0,14688256,1.0,0.18679253415475094
rms,512,1536,torch.bfloat16,eager,forward_backward,5,110.53280234336853,110.8849573135376,109.80960130691528,110.74399948120117,0.0,20985856,1.0,0.24472011036043528
rms,512,1536,torch.bfloat16,liger,forward,5,3.5151999443769455,3.6510400287806983,3.4992000088095665,3.5519998520612717,0.0078125,2099200,10.897132622223108,2.0355030175254605
rms,512,1536,torch.bfloat16,liger,forward_backward,5,17.59520024061203,17.838720232248306,17.559999972581863,17.609599977731705,0.0078125,4344832,6.281986043457711,1.5373283178376853
rms,512,1536,torch.bfloat16,tilelang,forward,5,3.364799916744232,3.4764799848198886,3.3472001552581787,3.3695999532938004,0.00048828125,2099200,11.384213306974646,2.1264860529680316
rms,512,1536,torch.bfloat16,tilelang,forward_backward,5,14.62399959564209,15.131199508905409,14.607999473810196,14.632000029087067,0.00048828125,3675136,7.558315467699205,1.8496717953943347
rms,512,1536,torch.bfloat16,triton,forward,5,3.2527999952435493,3.401440158486366,3.2384000718593597,3.2975999638438225,0.0078125,2099200,11.776192831873999,2.1997049017607573
rms,512,1536,torch.bfloat16,triton,forward_backward,5,15.483199805021286,15.63423976302147,15.476799756288528,15.503999590873718,0.0078125,3675136,7.13888625964267,1.7470290333103493
rms,512,1536,torch.float16,compile,forward,5,7.0592001080513,7.225759886205196,7.051200047135353,7.083200290799141,0.001953125,2099200,5.3830462986788605,1.0
rms,512,1536,torch.float16,compile,forward_backward,5,27.17600017786026,27.37167939543724,27.166399359703064,27.198399603366852,0.001953125,3675136,4.041801551253858,1.0
rms,512,1536,torch.float16,eager,forward,5,38.00000101327896,38.21808010339737,37.860800325870514,38.56479972600937,0.0,14688256,1.0,0.18576841894252816
rms,512,1536,torch.float16,eager,forward_backward,5,109.83999967575073,110.12864232063293,109.11839604377747,109.87359881401062,0.0,20985856,1.0,0.24741442332560273
rms,512,1536,torch.float16,liger,forward,5,3.4575998783111572,3.6172799393534656,3.4352000802755356,3.473600000143051,0.0009765625,2099200,10.990282956580801,2.041647488575029
rms,512,1536,torch.float16,liger,forward_backward,5,17.665600031614304,17.87695936858654,17.628800123929977,17.67360046505928,0.0009765625,4344832,6.217733871432694,1.5383570401925875
rms,512,1536,torch.float16,tilelang,forward,5,3.3503999933600426,3.496799971908331,3.3456001430749893,3.3711999654769897,0.00390625,2099200,11.341929646785127,2.1069723382406598
rms,512,1536,torch.float16,tilelang,forward_backward,5,14.721599966287613,14.903680235147476,14.711999893188477,14.73120003938675,0.00390625,3675136,7.461145522720612,1.845995016852323
rms,512,1536,torch.float16,triton,forward,5,3.2175999134778976,3.389759864658117,3.1856000423431396,3.2384000718593597,0.0009765625,2099200,11.81004538634663,2.1939334590611126
rms,512,1536,torch.float16,triton,forward_backward,5,17.388799786567688,17.547040581703186,17.37920045852661,17.40480065345764,0.0009765625,3675136,6.316709665068359,1.5628450790981494
rms,512,3584,torch.bfloat16,compile,forward,5,11.054399982094765,11.19392029941082,11.051199957728386,11.083200201392174,0.00390625,3672064,6.090751244973323,1.0
rms,512,3584,torch.bfloat16,compile,forward_backward,5,40.99360108375549,41.24000042676926,40.961599349975586,41.412800550460815,0.00390625,7349248,4.953983120528499,1.0
rms,512,3584,torch.bfloat16,eager,forward,5,67.32960045337677,67.51232147216797,66.3648009300232,67.41600036621094,0.0,33046528,1.0,0.16418335929008704
rms,512,3584,torch.bfloat16,eager,forward_backward,5,203.08160781860352,203.95504355430603,201.6160011291504,203.55360507965088,0.0,47740928,1.0,0.2018577729617533
rms,512,3584,torch.bfloat16,liger,forward,5,4.752000048756599,4.915360137820244,4.651200026273727,4.774399846792221,0.00390625,3672064,14.168686818720493,2.3262625986267067
rms,512,3584,torch.bfloat16,liger,forward_backward,5,23.2975997030735,23.539680019021034,23.240000009536743,23.369599878787994,0.00390625,8911872,8.716846817134225,1.7595632857554624
rms,512,3584,torch.bfloat16,tilelang,forward,5,4.755200073122978,4.902560003101825,4.7359999269247055,4.811200127005577,0.0078125,3672064,14.159151963748615,2.32469713410708
rms,512,3584,torch.bfloat16,tilelang,forward_backward,5,18.963200598955154,19.102080166339874,18.929599970579147,19.182399660348892,0.0078125,7349248,10.709247458458728,2.1617448420607954
rms,512,3584,torch.bfloat16,triton,forward,5,4.723200015723705,4.867040142416954,4.673600010573864,4.739199951291084,0.0078125,3672064,14.255081349346645,2.340447142889199
rms,512,3584,torch.bfloat16,triton,forward_backward,5,19.116799533367157,19.2238400131464,19.02720034122467,19.13760006427765,0.0078125,7349248,10.62320120395349,2.144375736754668
rms,512,3584,torch.float16,compile,forward,5,10.926399752497673,11.091199852526188,10.915199667215347,10.950399935245514,0.001953125,3672064,6.084639140281097,1.0
rms,512,3584,torch.float16,compile,forward_backward,5,41.1408007144928,42.95664012432098,41.07999950647354,41.5583997964859,0.001953125,7349248,4.876287998126996,1.0
rms,512,3584,torch.float16,eager,forward,5,66.48319959640503,66.7169588804245,64.90560173988342,66.62879884243011,0.0,33046528,1.0,0.16434828375932287
rms,512,3584,torch.float16,eager,forward_backward,5,200.61439275741577,201.22143864631653,200.19999742507935,200.80640316009521,0.0,47740928,1.0,0.20507402359829946
rms,512,3584,torch.float16,liger,forward,5,4.692799970507622,4.83903992921114,4.622399993240833,4.72479984164238,0.001953125,3672064,14.167064442172148,2.3283327269787213
rms,512,3584,torch.float16,liger,forward_backward,5,22.566400468349457,22.78128020465374,22.515200078487396,22.630399465560913,0.001953125,8911872,8.889959789501557,1.8230998236601756
rms,512,3584,torch.float16,tilelang,forward,5,4.7040000557899475,4.859680123627186,4.659200087189674,4.742399975657463,0.00390625,3672064,14.133333079912228,2.3227890354824394
rms,512,3584,torch.float16,tilelang,forward_backward,5,18.995200097560883,19.191839694976807,18.943999707698822,19.009599834680557,0.00390625,7349248,10.561320319188217,2.165852452366404
rms,512,3584,torch.float16,triton,forward,5,4.6032000333070755,4.7942399978637695,4.588799923658371,4.641599953174591,0.00390625,3672064,14.442822192248189,2.3736530399370506
rms,512,3584,torch.float16,triton,forward_backward,5,20.958399772644043,21.156160086393356,20.927999913692474,20.979199558496475,0.00390625,7349248,9.572028157381927,1.9629743282305283
rms,512,5120,torch.bfloat16,compile,forward,5,14.870400726795197,15.028959959745407,14.852800220251083,14.905600249767303,0.015625,5244928,5.950935716599777,1.0
rms,512,5120,torch.bfloat16,compile,forward_backward,5,54.33279871940613,54.483519196510315,54.29920256137848,54.3615996837616,0.015625,10498048,5.304110972800158,1.0
rms,512,5120,torch.bfloat16,eager,forward,5,88.49279880523682,89.0051195025444,87.68479824066162,88.77280056476593,0.0,47208448,1.0,0.16804080024097054
rms,512,5120,torch.bfloat16,eager,forward_backward,5,288.18719387054443,289.0483248233795,287.9280090332031,288.809609413147,0.0,68200448,1.0,0.1885330086659325
rms,512,5120,torch.bfloat16,liger,forward,5,6.659200042486191,6.8222397938370705,6.625599786639214,6.680000200867653,0.015625,5244928,13.288803195676085,2.233061123246176
rms,512,5120,torch.bfloat16,liger,forward_backward,5,29.686400294303894,29.950880259275436,29.64639961719513,30.022400617599487,0.015625,12730368,9.707717709574933,1.8302252270657176
rms,512,5120,torch.bfloat16,tilelang,forward,5,5.607999861240387,5.7537599839270115,5.556799843907356,5.681600049138069,0.0078125,5244928,15.779743401360182,2.6516407087617395
rms,512,5120,torch.bfloat16,tilelang,forward_backward,5,26.203200221061707,26.500960886478424,26.179200410842896,26.479999721050262,0.0078125,10498048,10.998167835961665,2.0735176719267407
rms,512,5120,torch.bfloat16,triton,forward,5,5.660799890756607,5.780960023403168,5.607999861240387,5.665599927306175,0.0078125,5244928,15.63256085941754,2.6269080366321975
rms,512,5120,torch.bfloat16,triton,forward_backward,5,24.745600670576096,25.10080114006996,24.660799652338028,24.89439994096756,0.0078125,10498048,11.645997109022096,2.195654873878688
rms,512,5120,torch.float16,compile,forward,5,14.502400159835815,14.716000631451607,14.46240022778511,14.511999487876892,0.001953125,5244928,6.026478371821287,1.0
rms,512,5120,torch.float16,compile,forward_backward,5,54.67840135097504,55.088801085948944,54.660800099372864,54.80479896068573,0.001953125,10498048,5.245156940140765,1.0
rms,512,5120,torch.float16,eager,forward,5,87.39840090274811,87.87456214427948,86.75679862499237,87.96160221099854,0.0,47208448,1.0,0.1659343879297431
rms,512,5120,torch.float16,eager,forward_backward,5,286.7967963218689,287.2587275505066,286.5328073501587,286.8288040161133,0.0,68200448,1.0,0.19065206464025514
rms,512,5120,torch.float16,liger,forward,5,6.398400291800499,6.672640070319176,6.36960007250309,6.411199644207954,0.001953125,5244928,13.659414371862368,2.266566563273719
rms,512,5120,torch.float16,liger,forward_backward,5,28.948800265789032,29.502079486846924,28.920000791549683,29.40959930419922,0.001953125,12730368,9.907035652209677,1.8887968015583916
rms,512,5120,torch.float16,tilelang,forward,5,5.555200017988682,5.679839998483658,5.5215999484062195,5.559999868273735,0.001953125,5244928,15.732719005569058,2.6105990986597383
rms,512,5120,torch.float16,tilelang,forward_backward,5,26.414400339126587,26.674559712409973,26.177600026130676,26.502399146556854,0.001953125,10498048,10.857592549509759,2.0700224365866875
rms,512,5120,torch.float16,triton,forward,5,5.561599880456924,5.754560027271509,5.507199838757515,5.571199953556061,0.001953125,5244928,15.714614999518396,2.6075950214966457
rms,512,5120,torch.float16,triton,forward_backward,5,27.750399708747864,28.441600501537323,27.649599313735962,28.21599990129471,0.001953125,10498048,10.334870824633954,1.9703644605067998
rms,2048,1536,torch.bfloat16,compile,forward,5,20.91040015220642,21.07776030898094,20.899200439453125,20.918399840593338,0.015625,6299648,4.410589897961423,1.0
rms,2048,1536,torch.bfloat16,compile,forward_backward,5,99.0096002817154,99.4047999382019,98.96160066127777,99.06239807605743,0.015625,12594176,3.1683069849659455,1.0
rms,2048,1536,torch.bfloat16,eager,forward,5,92.22719967365265,92.6572796702385,91.95039868354797,93.42080056667328,0.0,56637440,1.0,0.22672704176423214
rms,2048,1536,torch.bfloat16,eager,forward_backward,5,313.6928081512451,316.19264125823975,313.3568048477173,313.97119760513306,0.0,106975744,1.0,0.3156259809245563
rms,2048,1536,torch.bfloat16,liger,forward,5,7.073600217700005,7.3715198412537575,7.038399949669838,7.089599967002869,0.015625,6299648,13.038226198149562,2.9561184557593614
rms,2048,1536,torch.bfloat16,liger,forward_backward,5,40.45439958572388,40.791039168834686,40.409599244594574,40.60159921646118,0.015625,13263872,7.754232206228207,2.447437146407564
rms,2048,1536,torch.bfloat16,tilelang,forward,5,6.534399837255478,6.731519773602485,6.5247997641563416,6.542399898171425,0.0078125,6299648,14.114104121364743,3.2000490745893853
rms,2048,1536,torch.bfloat16,tilelang,forward_backward,5,46.92479968070984,47.32767969369888,46.77119851112366,48.769599199295044,0.0078125,12594176,6.685011130270206,2.109963195483111
rms,2048,1536,torch.bfloat16,triton,forward,5,5.985600128769875,6.166720017790794,5.943999998271465,6.028800085186958,0.015625,6299648,15.408179245112159,3.4934508992173194
rms,2048,1536,torch.bfloat16,triton,forward_backward,5,48.5727995634079,48.91295984387398,48.500800132751465,50.45599937438965,0.015625,12594176,6.458199053191165,2.0383754111695023
rms,2048,1536,torch.float16,compile,forward,5,20.59200033545494,20.757760107517242,20.577599853277206,20.611200481653214,0.00390625,6299648,4.506604448241133,1.0
rms,2048,1536,torch.float16,compile,forward_backward,5,100.60480237007141,101.10079646110535,100.55840015411377,100.66879987716675,0.00390625,12594176,3.111247114333848,1.0
rms,2048,1536,torch.float16,eager,forward,5,92.80000030994415,93.47423791885376,91.32000207901001,93.22240054607391,0.0,56637440,1.0,0.22189655459783839
rms,2048,1536,torch.float16,eager,forward_backward,5,313.0064010620117,315.5992043018341,312.4255895614624,313.3136034011841,0.0,106975744,1.0,0.32141452068943455
rms,2048,1536,torch.float16,liger,forward,5,6.892800331115723,7.041759975254536,6.875200197100639,6.919999793171883,0.00390625,6299648,13.463323446498677,2.987465086214351
rms,2048,1536,torch.float16,liger,forward_backward,5,40.4896005988121,40.77008083462715,40.42399972677231,40.54559916257858,0.00390625,13263872,7.7305381241818125,2.484707205855298
rms,2048,1536,torch.float16,tilelang,forward,5,6.576000154018402,6.807680018246174,6.553599983453751,6.612799689173698,0.00390625,6299648,14.111921857732435,3.131386838984754
rms,2048,1536,torch.float16,tilelang,forward_backward,5,47.673599421978,48.21120038628578,47.48639911413193,49.54880028963089,0.00390625,12594176,6.565612935819415,2.110283334798748
rms,2048,1536,torch.float16,triton,forward,5,6.017599999904633,6.200799904763699,6.004799902439117,6.035200133919716,0.001953125,6299648,15.42143052237019,3.421962299883888
rms,2048,1536,torch.float16,triton,forward_backward,5,65.30719995498657,65.46192109584808,64.95360136032104,67.8272008895874,0.001953125,12594176,4.792831437846876,1.540485619340807
rms,2048,3584,torch.bfloat16,compile,forward,5,36.68639957904816,37.165280282497406,36.64640039205551,36.77919954061508,0.03125,14688256,6.8900080772301155,1.0
rms,2048,3584,torch.bfloat16,compile,forward_backward,5,155.98559975624084,156.51775896549225,155.88480234146118,156.1311960220337,0.03125,29375488,5.188509716129218,1.0
rms,2048,3584,torch.bfloat16,eager,forward,5,252.7695894241333,253.90464782714844,252.48000621795654,258.6575984954834,0.0,132143104,1.0,0.14513771084024835
rms,2048,3584,torch.bfloat16,eager,forward_backward,5,809.332799911499,811.1780786514282,808.8383674621582,809.6288204193115,0.0,249598464,1.0,0.1927335698902824
rms,2048,3584,torch.bfloat16,liger,forward,5,17.38240048289299,17.916639670729637,17.30080023407936,20.975999534130096,0.03125,14688256,14.54169633664224,2.11054851803428
rms,2048,3584,torch.bfloat16,liger,forward_backward,5,65.1632010936737,65.47007977962494,65.04000127315521,68.15679967403412,0.03125,30938112,12.420089656861135,2.3937682179242192
rms,2048,3584,torch.bfloat16,tilelang,forward,5,17.38239973783493,17.785120233893394,17.27359965443611,20.240000635385513,0.015625,14688256,14.541696959939841,2.110548608498267
rms,2048,3584,torch.bfloat16,tilelang,forward_backward,5,94.34399902820587,94.90383863449097,94.20959949493408,98.1552004814148,0.015625,29375488,8.5785297236503,1.65337065804902
rms,2048,3584,torch.bfloat16,triton,forward,5,17.190400511026382,17.72880047559738,17.14079976081848,20.609600096940994,0.0078125,14688256,14.704112871715823,2.134121282137465
rms,2048,3584,torch.bfloat16,triton,forward_backward,5,96.03039920330048,96.70160055160522,95.90719938278198,100.21120309829712,0.0078125,29375488,8.427881239961387,1.624335637989098
rms,2048,3584,torch.float16,compile,forward,5,36.265599727630615,36.719999462366104,36.24320030212402,36.41759902238846,0.00390625,14688256,6.94343955434575,1.0
rms,2048,3584,torch.float16,compile,forward_backward,5,157.88959860801697,158.3776032924652,157.84159898757935,158.1440031528473,0.00390625,29375488,5.111511026698562,1.0
rms,2048,3584,torch.float16,eager,forward,5,251.80799961090088,252.62735724449158,251.7248034477234,257.32959508895874,0.0,132143104,1.0,0.14402084041678181
rms,2048,3584,torch.float16,eager,forward_backward,5,807.0544242858887,809.0833568572998,806.7279815673828,807.31520652771,0.0,249598464,1.0,0.19563686643279785
rms,2048,3584,torch.float16,liger,forward,5,17.428799718618393,18.169760182499886,17.4064002931118,21.103999763727188,0.00390625,14688256,14.447810731447321,2.080785843725643
rms,2048,3584,torch.float16,liger,forward_backward,5,64.37279880046844,64.69807833433151,64.23520147800446,67.05600023269653,0.00390625,30938112,12.537196445154652,2.4527378263824686
rms,2048,3584,torch.float16,tilelang,forward,5,17.395199835300446,17.896480336785316,17.238400131464005,20.310399681329727,0.00390625,14688256,14.475717553983001,2.0848050077605933
rms,2048,3584,torch.float16,tilelang,forward_backward,5,94.13919746875763,95.83247989416122,94.01439726352692,97.7295994758606,0.00390625,29375488,8.57299027383072,1.6771929531310956
rms,2048,3584,torch.float16,triton,forward,5,17.323199659585953,17.78079979121685,17.1984001994133,20.366399735212326,0.00390625,14688256,14.535882779112379,2.0934700540475912
rms,2048,3584,torch.float16,triton,forward_backward,5,130.3712010383606,130.78272104263306,130.2191972732544,134.10719633102417,0.00390625,29375488,6.190434834211736,1.2110772728216206
rms,2048,5120,torch.bfloat16,compile,forward,5,52.403199672698975,52.808479964733124,52.36799716949463,52.44640111923218,0.015625,20979712,6.980795282148202,1.0
rms,2048,5120,torch.bfloat16,compile,forward_backward,5,201.49600505828857,203.2854449748993,201.34880542755127,201.7151951789856,0.015625,41961472,5.617024488972478,1.0
rms,2048,5120,torch.bfloat16,eager,forward,5,365.8160090446472,367.0235204696655,365.5135989189148,366.00799560546875,0.0,188772352,1.0,0.1432501541131385
rms,2048,5120,torch.bfloat16,eager,forward_backward,5,1131.8079948425293,1134.3380641937256,1131.1840057373047,1132.369613647461,0.0,356565504,1.0,0.17803020121475915
rms,2048,5120,torch.bfloat16,liger,forward,5,27.619199454784393,27.928799241781235,27.396799623966217,31.18240088224411,0.0625,20979712,13.244989582103111,1.8973467988631842
rms,2048,5120,torch.bfloat16,liger,forward_backward,5,92.35680103302002,93.14047992229462,92.2432005405426,97.2031980752945,0.0625,44193792,12.254733622030475,2.1817126925633596
rms,2048,5120,torch.bfloat16,tilelang,forward,5,26.811200380325317,27.203840762376785,26.54239982366562,29.927998781204224,0.0625,20979712,13.644148857769588,1.954526426618096
rms,2048,5120,torch.bfloat16,tilelang,forward_backward,5,120.70559859275818,121.29247844219208,120.47680020332336,125.71840286254883,0.0625,41961472,9.376598998204488,1.669317806360454
rms,2048,5120,torch.bfloat16,triton,forward,5,26.77920013666153,27.111360728740692,26.56640112400055,29.88639920949936,0.015625,20979712,13.660453156845193,1.956862019973383
rms,2048,5120,torch.bfloat16,triton,forward_backward,5,119.9072003364563,120.4332834482193,119.78880167007446,124.89759922027588,0.015625,41961472,9.439032782574419,1.6804329055544316
rms,2048,5120,torch.float16,compile,forward,5,51.8095999956131,52.18095898628235,51.71840190887451,51.85759961605072,0.0078125,20979712,7.032148619076498,1.0
rms,2048,5120,torch.float16,compile,forward_backward,5,202.9520034790039,206.47599577903748,202.87519693374634,204.26719188690186,0.0078125,41961472,5.5678504736136265,1.0
rms,2048,5120,torch.float16,eager,forward,5,364.3328070640564,365.622398853302,364.01439905166626,364.40800428390503,0.0,188772352,1.0,0.14220404803266595
rms,2048,5120,torch.float16,eager,forward_backward,5,1130.0064086914062,1132.7395391464233,1129.4960021972656,1130.625581741333,0.0,356565504,1.0,0.17960252430252202
rms,2048,5120,torch.float16,liger,forward,5,26.979200541973114,27.398719936609268,26.905599236488342,30.849599838256836,0.0078125,20979712,13.50421064172167,1.9203534187386273
rms,2048,5120,torch.float16,liger,forward_backward,5,91.91199839115143,92.88447856903076,91.53119921684265,96.61119878292084,0.0078125,44193792,12.294438468005223,2.2081121837357696
rms,2048,5120,torch.float16,tilelang,forward,5,26.768000423908234,27.313119620084763,26.609599590301514,30.100800096988678,0.0078125,20979712,13.610759163715763,1.9355050498780848
rms,2048,5120,torch.float16,tilelang,forward_backward,5,120.65439820289612,121.28144025802612,120.16479969024658,125.3119945526123,0.0078125,41961472,9.365646221956641,1.6820937031877912
rms,2048,5120,torch.float16,triton,forward,5,26.64960026741028,27.214240431785583,26.583999395370483,29.904000461101532,0.0078125,20979712,13.671229714826078,1.944104207032738
rms,2048,5120,torch.float16,triton,forward_backward,5,152.99519896507263,153.61439883708954,152.5168001651764,158.4879994392395,0.0078125,41961472,7.385894566203846,1.3265253083224915
swiglu,1,1536,torch.bfloat16,compile,forward,5,1.8063999712467194,1.9491199404001236,1.80479995906353,1.8112000077962875,0.0,3072,6.212577474449466,1.0
swiglu,1,1536,torch.bfloat16,compile,forward_backward,5,3.2416000962257385,3.367199897766113,3.2287999987602234,3.2464001327753067,0.0,9216,6.940276298484739,1.0
swiglu,1,1536,torch.bfloat16,eager,forward,5,11.222399771213531,11.34639997035265,11.187200248241425,11.241599917411804,0.0,27648,1.0,0.1609637874316595
swiglu,1,1536,torch.bfloat16,eager,forward_backward,5,22.497600317001343,22.655519992113113,22.472000122070312,22.510399669408798,0.0,39936,1.0,0.14408648258259238
swiglu,1,1536,torch.bfloat16,liger,forward,5,4.657600075006485,4.781440068036318,4.6431999653577805,4.668800160288811,0.015625,9216,2.4094811899877224,0.3878392180857658
swiglu,1,1536,torch.bfloat16,liger,forward_backward,5,6.321599707007408,6.514240019023418,6.31679967045784,6.335999816656113,0.015625,9216,3.5588460768977597,0.5127816132730563
swiglu,1,1536,torch.bfloat16,tilelang,forward,5,1.8160000443458557,1.9225599896162746,1.7936000600457191,1.8352000042796135,0.0,3072,6.179735405929447,0.9947136162639277
swiglu,1,1536,torch.bfloat16,tilelang,forward_backward,5,3.2767999917268753,3.4331200644373894,3.2496001571416855,3.2976001501083374,0.0,9216,6.865722770325416,0.9892578443634009
swiglu,1,1536,torch.bfloat16,triton,forward,5,1.8160000443458557,2.0649599749594927,1.7952000722289085,2.063999976962805,0.0,3072,6.179735405929447,0.9947136162639277
swiglu,1,1536,torch.bfloat16,triton,forward_backward,5,3.2159999012947083,3.4638398513197894,3.21119986474514,3.2336000353097916,0.0,9216,6.995522701335961,1.0079602598621735
swiglu,1,1536,torch.float16,compile,forward,5,1.7855999991297722,1.9761600065976377,1.7760000191628933,1.7983999103307724,0.0,3072,6.198028721412397,1.0
swiglu,1,1536,torch.float16,compile,forward_backward,5,3.235200047492981,3.3763199672102924,3.2207999378442764,3.2527999952435493,0.0,9216,6.855093901449307,1.0
swiglu,1,1536,torch.float16,eager,forward,5,11.06720007956028,11.252319999039173,11.04159988462925,11.116799712181091,0.0,27648,1.0,0.16134162085201204
swiglu,1,1536,torch.float16,eager,forward_backward,5,22.177600115537643,22.350239902734756,22.15839996933937,22.192000597715378,0.0,39936,1.0,0.14587692223859683
swiglu,1,1536,torch.float16,liger,forward,5,4.659200087189674,4.79519996792078,4.6351999044418335,4.665600135922432,0.00390625,9216,2.3753433792185064,0.3832417508832093
swiglu,1,1536,torch.float16,liger,forward_backward,5,6.379200145602226,6.520480066537857,6.36960007250309,6.388800218701363,0.00390625,9216,3.4765487223075637,0.5071482276227536
swiglu,1,1536,torch.float16,tilelang,forward,5,1.8144000321626663,1.9462399836629627,1.7952000722289085,1.819199975579977,0.0,3072,6.0996472020388905,0.9841269662023947
swiglu,1,1536,torch.float16,tilelang,forward_backward,5,3.2527999952435493,3.3905598707497115,3.2384000718593597,3.26399989426136,0.0,9216,6.818002996792652,0.9945892929856419
swiglu,1,1536,torch.float16,triton,forward,5,1.7936000600457191,2.0470400340855113,1.7920000478625298,1.7984000034630299,0.0,3072,6.170383423871081,0.9955396628857478
swiglu,1,1536,torch.float16,triton,forward_backward,5,3.214399889111519,3.340000063180923,3.1968001276254654,3.230400010943413,0.0,9216,6.899452737869424,1.006470930531052
swiglu,1,3584,torch.bfloat16,compile,forward,5,1.8703999929130077,2.045760015025735,1.833599992096424,1.881599985063076,0.0,7168,6.050470374167709,1.0
swiglu,1,3584,torch.bfloat16,compile,forward_backward,5,3.3440001308918,3.484000079333782,3.3376000821590424,3.359999880194664,0.0,21504,6.798085931660087,1.0
swiglu,1,3584,torch.bfloat16,eager,forward,5,11.316799744963646,11.433279886841774,11.302399635314941,11.343999952077866,0.0,64512,1.0,0.16527640632197263
swiglu,1,3584,torch.bfloat16,eager,forward_backward,5,22.732800245285034,22.94447995722294,22.7183997631073,22.836799919605255,0.0,93184,1.0,0.14710022939586478
swiglu,1,3584,torch.bfloat16,liger,forward,5,5.192000046372414,5.432959981262684,5.163199827075005,5.302400141954422,0.03125,21504,2.1796609483604596,0.36024652854535955
swiglu,1,3584,torch.bfloat16,liger,forward_backward,5,7.699199765920639,8.170400150120257,7.675200328230858,7.710399851202965,0.03125,21504,2.952618575492532,0.434330869773443
swiglu,1,3584,torch.bfloat16,tilelang,forward,5,1.881599985063076,2.0411199796944857,1.8592000007629395,1.8848000094294548,0.0,7168,6.014455694515898,0.9940476231723117
swiglu,1,3584,torch.bfloat16,tilelang,forward_backward,5,3.388800099492073,3.5374400764703746,3.3824000507593155,3.388800099492073,0.0,21504,6.708215172884443,0.9867799907681224
swiglu,1,3584,torch.bfloat16,triton,forward,5,1.865600049495697,1.9840000011026857,1.8464000895619392,1.881599985063076,0.0,7168,6.066037438208027,1.0025728684015678
swiglu,1,3584,torch.bfloat16,triton,forward_backward,5,3.336000069975853,3.8193601183593264,3.303999826312065,3.4511998295783997,0.0,21504,6.81438841979688,1.0023980997446456
swiglu,1,3584,torch.float16,compile,forward,5,1.8672000616788864,1.981759965419769,1.85759998857975,1.8751999363303185,0.0,7168,5.982005004960869,1.0
swiglu,1,3584,torch.float16,compile,forward_backward,5,3.3392000943422318,3.5366401076316833,3.332800045609474,3.359999880194664,0.0,21504,6.70771432495236,1.0
swiglu,1,3584,torch.float16,eager,forward,5,11.169600114226341,11.442880220711231,11.129599809646606,11.190400272607803,0.0,64512,1.0,0.16716803131570457
swiglu,1,3584,torch.float16,eager,forward_backward,5,22.39840030670166,22.583200111985207,22.37280011177063,22.403200715780258,0.0,93184,1.0,0.14908207946185936
swiglu,1,3584,torch.float16,liger,forward,5,5.183999985456467,5.333599969744682,5.182399973273277,5.200000107288361,0.00390625,21504,2.154629657708771,0.36018519809360566
swiglu,1,3584,torch.float16,liger,forward_backward,5,7.633600011467934,7.757440209388733,7.599999755620956,7.652800157666206,0.00390625,21504,2.9341857410727066,0.43743451180645593
swiglu,1,3584,torch.float16,tilelang,forward,5,1.8719999119639397,2.0340799912810326,1.8543999642133713,1.8799999728798866,0.0,7168,5.966667008284293,0.9974359772912501
swiglu,1,3584,torch.float16,tilelang,forward_backward,5,3.348800167441368,3.506560046225786,3.3344000577926636,3.3663999289274216,0.0,21504,6.688485184774412,0.9971332797960079
swiglu,1,3584,torch.float16,triton,forward,5,1.8608000129461288,2.1119999885559078,1.8239999189972878,1.896000001579523,0.0,7168,6.002579555307488,1.0034394070766501
swiglu,1,3584,torch.float16,triton,forward_backward,5,3.303999826312065,3.4040000103414054,3.2928001135587692,3.319999948143959,0.0,21504,6.779177204649803,1.0106538347096274
swiglu,1,5120,torch.bfloat16,compile,forward,5,1.8928000703454018,2.058559991419315,1.8848000094294548,1.8944000825285912,0.0,10240,5.698224730372579,1.0
swiglu,1,5120,torch.bfloat16,compile,forward_backward,5,3.3983999863266945,3.534239884465933,3.3936001360416412,3.4015998244285583,0.0,30720,6.290489662905841,1.0
swiglu,1,5120,torch.bfloat16,eager,forward,5,10.785600170493126,10.916800014674664,10.768000036478043,10.804800316691399,0.0,92160,1.0,0.17549325400765914
swiglu,1,5120,torch.bfloat16,eager,forward_backward,5,21.377599984407425,21.55120052397251,21.320000290870667,21.406400203704834,0.0,133120,1.0,0.15897013644213795
swiglu,1,5120,torch.bfloat16,liger,forward,5,5.756799876689911,5.879839863628149,5.7231999933719635,5.772799998521805,0.015625,30720,1.8735409257781448,0.3287937935813288
swiglu,1,5120,torch.bfloat16,liger,forward_backward,5,8.97119976580143,9.174880161881447,8.951999992132187,9.198400005698204,0.015625,30720,2.3829142748442282,0.3788122074019052
swiglu,1,5120,torch.bfloat16,tilelang,forward,5,1.9104000180959702,2.1489599719643593,1.8880000337958336,2.0416000857949257,0.0,10240,5.64572867898251,0.9907872971190036
swiglu,1,5120,torch.bfloat16,tilelang,forward_backward,5,3.4400001168251038,3.56336010619998,3.42399999499321,3.4464001655578613,0.0,30720,6.214418389071905,0.9879069392192918
swiglu,1,5120,torch.bfloat16,triton,forward,5,1.8848000094294548,2.0185599569231267,1.8783999606966972,2.1440000273287296,0.0,10240,5.722410927702627,1.0042445144715213
swiglu,1,5120,torch.bfloat16,triton,forward_backward,5,3.3856000751256943,3.5168001241981983,3.3792000263929367,3.392000123858452,0.0,30720,6.314272067002408,1.0037806920241532
swiglu,1,5120,torch.float16,compile,forward,5,1.9023999571800232,2.0607999898493286,1.8624000251293182,2.123199962079525,0.0,10240,5.620689891507576,1.0
swiglu,1,5120,torch.float16,compile,forward_backward,5,3.392000123858452,3.52208012714982,3.3872000873088837,3.752000071108341,0.0,30720,6.246697895990821,1.0
swiglu,1,5120,torch.float16,eager,forward,5,10.6928002089262,10.844799876213074,10.683200135827065,10.923199728131294,0.0,92160,1.0,0.1779141029486295
swiglu,1,5120,torch.float16,eager,forward_backward,5,21.188800036907196,21.39552041888237,21.166399866342545,21.20320051908493,0.0,133120,1.0,0.16008457854858127
swiglu,1,5120,torch.float16,liger,forward,5,5.780800059437752,5.97631985321641,5.776000022888184,5.799999833106995,0.00390625,30720,1.8497093999072158,0.3290893886001401
swiglu,1,5120,torch.float16,liger,forward_backward,5,8.964799717068672,9.135679863393307,8.936000242829323,8.99519994854927,0.00390625,30720,2.3635553169765124,0.37836875679444343
swiglu,1,5120,torch.float16,tilelang,forward,5,1.9184000790119171,2.119039995595813,1.8848000094294548,2.119999937713146,0.0,10240,5.573811388932797,0.9916596532668333
swiglu,1,5120,torch.float16,tilelang,forward_backward,5,3.432000055909157,3.619519993662834,3.4256000071763992,3.4400001168251038,0.0,30720,6.173892684070531,0.9883450083336002
swiglu,1,5120,torch.float16,triton,forward,5,1.8783999606966972,2.013439955189824,1.8592000007629395,1.8991999328136444,0.0,10240,5.692504489278337,1.0127768297410016
swiglu,1,5120,torch.float16,triton,forward_backward,5,3.372799977660179,3.772320095449685,3.3535998314619064,3.388800099492073,0.0,30720,6.282258117069413,1.0056926430044608
swiglu,1,8960,torch.bfloat16,compile,forward,5,1.8944000825285912,2.1886399108916517,1.881599985063076,1.9071999937295914,0.0,17920,6.231418507852577,1.0
swiglu,1,8960,torch.bfloat16,compile,forward_backward,5,3.4432001411914825,3.757920060306787,3.4352000802755356,3.516799956560135,0.0,53760,6.845724820589498,1.0
swiglu,1,8960,torch.bfloat16,eager,forward,5,11.804799735546112,12.103679776191711,11.776000261306763,11.830399930477142,0.0,161280,1.0,0.16047710464958198
swiglu,1,8960,torch.bfloat16,eager,forward_backward,5,23.571200668811798,23.838560059666634,23.550400137901306,23.67040067911148,0.0,232960,1.0,0.14607656986041226
swiglu,1,8960,torch.bfloat16,liger,forward,5,6.647999957203865,6.790400296449661,6.619199737906456,6.691200286149979,0.03125,53760,1.7756919090762429,0.28495789631824425
swiglu,1,8960,torch.bfloat16,liger,forward_backward,5,10.745599865913391,10.900159887969494,10.740799829363823,10.764800012111664,0.03125,53760,2.1935676893742415,0.3204288438204195
swiglu,1,8960,torch.bfloat16,tilelang,forward,5,1.9279999658465385,2.080160034820437,1.9120000302791595,1.950399950146675,0.0,17920,6.122821548061028,0.9825726743189052
swiglu,1,8960,torch.bfloat16,tilelang,forward_backward,5,3.47680002450943,3.7153599411249156,3.4703999757766724,3.4800000488758087,0.0,53760,6.779567562887846,0.9903359747235712
swiglu,1,8960,torch.bfloat16,triton,forward,5,1.9023999571800232,2.0443200506269927,1.897599920630455,1.905599981546402,0.0,17920,6.205214466596537,0.9957948513291125
swiglu,1,8960,torch.bfloat16,triton,forward_backward,5,3.4016000106930733,3.585760109126568,3.3904001116752625,3.432000055909157,0.0,53760,6.9294451419081415,1.012229577365839
swiglu,1,8960,torch.float16,compile,forward,5,1.9791999831795692,2.11791998706758,1.953599974513054,2.0255999639630318,0.0,17920,5.847211147185954,1.0
swiglu,1,8960,torch.float16,compile,forward_backward,5,3.4912001341581345,3.667519949376583,3.465599939227104,3.4960001707077026,0.0,53760,6.688817375098155,1.0
swiglu,1,8960,torch.float16,eager,forward,5,11.57280020415783,11.758560128509998,11.555200070142746,11.696000024676323,0.0,161280,1.0,0.17102170159893457
swiglu,1,8960,torch.float16,eager,forward_backward,5,23.35200011730194,23.895200341939926,23.286400735378265,23.475200682878494,0.0,232960,1.0,0.14950325953327817
swiglu,1,8960,torch.float16,liger,forward,5,6.560000032186508,6.733280196785927,6.548799946904182,6.561600044369698,0.00390625,53760,1.7641463639292863,0.3017073130287598
swiglu,1,8960,torch.float16,liger,forward_backward,5,10.559999942779541,10.836640074849129,10.553599894046783,10.580800101161003,0.00390625,53760,2.2113636594542787,0.3306060751018528
swiglu,1,8960,torch.float16,tilelang,forward,5,1.9263999536633492,2.0569599978625774,1.9168000668287277,1.929599978029728,0.0,17920,6.00747533353619,1.0274086538549863
swiglu,1,8960,torch.float16,tilelang,forward_backward,5,3.441600129008293,3.6729599907994266,3.4304000437259674,3.566399961709976,0.0,53760,6.785215958261509,1.0144119023973113
swiglu,1,8960,torch.float16,triton,forward,5,1.9071999937295914,2.1723200287669893,1.8912000581622124,2.044800017029047,0.0,17920,6.06795314713002,1.0377516724447862
swiglu,1,8960,torch.float16,triton,forward_backward,5,3.399999998509884,3.570719957351684,3.3904001116752625,3.4111998975276947,0.0,53760,6.868235331628355,1.026823569320065
swiglu,1,18944,torch.bfloat16,compile,forward,5,2.022399939596653,2.2625600360333915,1.9936000928282738,2.1056000143289566,0.0,37888,5.771361037908938,1.0
swiglu,1,18944,torch.bfloat16,compile,forward_backward,5,3.6320000886917114,3.76400014385581,3.6272000521421432,3.6607999354600906,0.0,113664,6.380176122530867,1.0
swiglu,1,18944,torch.bfloat16,eager,forward,5,11.672000214457512,12.150400057435036,11.64960004389286,11.796799674630165,0.0,340992,1.0,0.17326935421844913
swiglu,1,18944,torch.bfloat16,eager,forward_backward,5,23.17280024290085,23.390239626169205,23.156800121068954,23.294399678707123,0.0,492544,1.0,0.15673548516452604
swiglu,1,18944,torch.bfloat16,liger,forward,5,8.044800162315369,8.301920220255852,8.030400052666664,8.179199695587158,0.03125,113664,1.450875096827539,0.25139219107893757
swiglu,1,18944,torch.bfloat16,liger,forward_backward,5,14.265599846839905,14.533599987626076,14.254400134086609,14.368000626564026,0.03125,113664,1.6243831659160168,0.2545984836029357
swiglu,1,18944,torch.bfloat16,tilelang,forward,5,2.0320000126957893,2.293119961395859,2.019199915230274,2.1455999463796616,0.0,37888,5.744094557840402,0.9952755546067147
swiglu,1,18944,torch.bfloat16,tilelang,forward_backward,5,3.691200166940689,4.038400053977965,3.675200045108795,3.6959998309612274,0.0,113664,6.277849803552307,0.9839618347497954
swiglu,1,18944,torch.bfloat16,triton,forward,5,2.0047999918460846,2.1091199200600386,1.9791999831795692,2.1455999463796616,0.0,37888,5.822027265527648,1.008778904540179
swiglu,1,18944,torch.bfloat16,triton,forward_backward,5,3.6191999912261963,3.7625601328909397,3.606399893760681,3.742399998009205,0.0,113664,6.40274101985998,1.0035367201305663
swiglu,1,18944,torch.float16,compile,forward,5,2.0527999848127365,2.242879988625645,2.0479999482631683,2.08320003002882,3.0517578125e-05,37888,5.667186286111661,1.0
swiglu,1,18944,torch.float16,compile,forward_backward,5,3.665599972009659,3.8097600825130935,3.66239994764328,3.6768000572919846,3.0517578125e-05,113664,6.248799717879584,1.0
swiglu,1,18944,torch.float16,eager,forward,5,11.633599922060966,11.915520094335077,11.503999680280685,11.744000017642975,0.0,340992,1.0,0.17645440779856816
swiglu,1,18944,torch.float16,eager,forward_backward,5,22.90560007095337,23.08144025504589,22.90239930152893,22.991999983787537,0.0,492544,1.0,0.1600307331244298
swiglu,1,18944,torch.float16,liger,forward,5,8.111999928951263,8.578080087900162,8.102399855852127,8.235200121998787,0.00390625,113664,1.4341222909212947,0.253057199555243
swiglu,1,18944,torch.float16,liger,forward_backward,5,14.403200149536133,14.646720439195633,14.393599331378937,14.593599736690521,0.00390625,113664,1.590313252134531,0.2544989956365851
swiglu,1,18944,torch.float16,tilelang,forward,5,2.0287999883294106,2.150720050558448,2.001599967479706,2.0320000126957893,0.0,37888,5.734227123907126,1.0118296513315186
swiglu,1,18944,torch.float16,tilelang,forward_backward,5,3.654399886727333,3.8232000544667244,3.6431999877095222,3.7407999858260155,0.0,113664,6.267951176921223,1.0030648220308358
swiglu,1,18944,torch.float16,triton,forward,5,2.0080000162124634,2.1628799382597204,1.9807999953627586,2.0160000771284103,3.0517578125e-05,37888,5.793625412416348,1.022310741154662
swiglu,1,18944,torch.float16,triton,forward_backward,5,3.598399832844734,3.7395201250910755,3.569599986076355,3.6127999424934387,3.0517578125e-05,113664,6.365496091312684,1.018675006193461
swiglu,8,1536,torch.bfloat16,compile,forward,5,2.027199976146221,2.1580799389630556,2.0128000527620316,2.1423999220132828,0.0,24576,5.445935281349741,1.0
swiglu,8,1536,torch.bfloat16,compile,forward_backward,5,3.5472000017762184,3.749759998172521,3.5360001027584076,3.7567999213933945,0.0,73728,6.14659456303165,1.0
swiglu,8,1536,torch.bfloat16,eager,forward,5,11.03999987244606,11.197279915213585,11.035199835896492,11.134399846196175,0.0,221184,1.0,0.18362318836667413
swiglu,8,1536,torch.bfloat16,eager,forward_backward,5,21.803200244903564,22.115999534726143,21.78400009870529,21.875200420618057,0.0,319488,1.0,0.16269171323165582
swiglu,8,1536,torch.bfloat16,liger,forward,5,5.020799860358238,5.1499200612306595,5.004800111055374,5.027199909090996,0.03125,73728,2.1988528082173637,0.4037603633938874
swiglu,8,1536,torch.bfloat16,liger,forward_backward,5,6.804799661040306,7.385759949684142,6.784000247716904,7.049600034952164,0.03125,73728,3.2040914253117525,0.521279123334827
swiglu,8,1536,torch.bfloat16,tilelang,forward,5,1.9231999292969704,2.0600000023841853,1.9007999449968338,1.9328000023961067,0.0,24576,5.740432757025815,1.0540765654495776
swiglu,8,1536,torch.bfloat16,tilelang,forward_backward,5,3.484800085425377,3.6784000322222705,3.465599939227104,3.590400144457817,0.0,73728,6.256657400833978,1.0179063116451985
swiglu,8,1536,torch.bfloat16,triton,forward,5,1.9007999449968338,2.013280037790537,1.8848000094294548,1.9088000059127808,0.0,24576,5.808080909042982,1.0664983348100834
swiglu,8,1536,torch.bfloat16,triton,forward_backward,5,3.4272000193595886,3.653120044618845,3.4175999462604523,3.55679988861084,0.0,73728,6.361811426745306,1.0350140002739183
swiglu,8,1536,torch.float16,compile,forward,5,1.9200000911951065,2.035039933398366,1.8944000825285912,1.943999994546175,3.0517578125e-05,24576,5.686666235929996,1.0
swiglu,8,1536,torch.float16,compile,forward_backward,5,3.4384001046419144,3.5857599042356014,3.428800031542778,3.447999991476536,3.0517578125e-05,73728,6.271753981766837,1.0
swiglu,8,1536,torch.float16,eager,forward,5,10.918399691581726,11.36543996632099,10.902400314807892,10.926399752497673,0.0,221184,1.0,0.1758499547031109
swiglu,8,1536,torch.float16,eager,forward_backward,5,21.564799547195435,21.76159955561161,21.559999883174896,21.583999693393707,0.0,319488,1.0,0.15944502971691607
swiglu,8,1536,torch.float16,liger,forward,5,5.017599835991859,5.162559989839792,5.008000135421753,5.265599861741066,0.00390625,73728,2.176020417822622,0.3826530919071525
swiglu,8,1536,torch.float16,liger,forward_backward,5,6.822399795055389,6.986879892647266,6.7872002720832825,6.8512000143527985,0.00390625,73728,3.1608818297081864,0.5039868972694819
swiglu,8,1536,torch.float16,tilelang,forward,5,1.9360000267624855,2.1630400419235225,1.9216000102460384,1.9648000597953796,0.0,24576,5.639669184220125,0.9917355705856393
swiglu,8,1536,torch.float16,tilelang,forward_backward,5,3.460799902677536,3.59696015715599,3.4495998173952103,3.553599864244461,0.0,73728,6.23116046972588,0.9935275662663157
swiglu,8,1536,torch.float16,triton,forward,5,1.913600042462349,2.240479970350861,1.8880000337958336,1.9247999414801598,3.0517578125e-05,24576,5.70568533094948,1.0033445069976703
swiglu,8,1536,torch.float16,triton,forward_backward,5,3.4304000437259674,3.6307200416922565,3.412799909710884,3.4400001168251038,3.0517578125e-05,73728,6.286380384887293,1.0023321072801927
swiglu,8,3584,torch.bfloat16,compile,forward,5,2.0640000700950623,2.5510400626808383,2.0432000048458576,2.0735999569296837,0.0,57344,5.42945701007922,1.0
swiglu,8,3584,torch.bfloat16,compile,forward_backward,5,3.76800000667572,3.898400012403726,3.7615999579429626,3.7808001041412354,0.0,172032,5.90148624054935,1.0
swiglu,8,3584,torch.bfloat16,eager,forward,5,11.206399649381638,11.344960294663906,11.193600296974182,11.239999905228615,0.0,516096,1.0,0.18418048032125578
swiglu,8,3584,torch.bfloat16,eager,forward_backward,5,22.23680019378662,22.417120411992073,22.19040021300316,22.308800369501114,0.0,745472,1.0,0.16944884038345454
swiglu,8,3584,torch.bfloat16,liger,forward,5,5.446400120854378,5.679040029644966,5.44160008430481,5.577600002288818,0.03125,172032,2.0575792084155005,0.37896592690499614
swiglu,8,3584,torch.bfloat16,liger,forward_backward,5,8.089599758386612,8.264639936387539,8.084799721837044,8.102399855852127,0.03125,172032,2.748813397193525,0.465783242584947
swiglu,8,3584,torch.bfloat16,tilelang,forward,5,2.0719999447464943,2.1971199288964267,2.038400061428547,2.088000066578388,0.0,57344,5.408494183503814,0.9961390565324504
swiglu,8,3584,torch.bfloat16,tilelang,forward_backward,5,3.8208000361919403,4.255360160022974,3.7967998534440994,3.8863999769091606,0.0,172032,5.8199329939153985,0.9861808969283711
swiglu,8,3584,torch.bfloat16,triton,forward,5,2.0720000378787518,2.18079999089241,2.0447999238967896,2.0927999168634415,0.0,57344,5.408493940402818,0.9961390117579922
swiglu,8,3584,torch.bfloat16,triton,forward_backward,5,3.747199848294258,3.868960030376911,3.7455998361110687,3.7647999823093414,0.0,172032,5.934244527659477,1.0055508537637592
swiglu,8,3584,torch.float16,compile,forward,5,2.0576000213623047,2.197760017588734,2.0495999604463577,2.0608000457286835,0.0,57344,5.3856921044703485,1.0
swiglu,8,3584,torch.float16,compile,forward_backward,5,3.7599999457597733,3.920799847692251,3.7455998361110687,3.7647999823093414,0.0,172032,5.865532077969931,1.0
swiglu,8,3584,torch.float16,eager,forward,5,11.081600189208984,11.22816015034914,11.070400103926659,11.09280027449131,0.0,516096,1.0,0.18567715729051024
swiglu,8,3584,torch.float16,eager,forward_backward,5,22.05440029501915,22.243359833955765,22.043199837207794,22.065600007772446,0.0,745472,1.0,0.17048751702438927
swiglu,8,3584,torch.float16,liger,forward,5,5.504000000655651,5.943359993398188,5.486400052905083,5.833599902689457,0.00390625,172032,2.01337212716005,0.3738372131390258
swiglu,8,3584,torch.float16,liger,forward_backward,5,8.1216000020504,8.233759701251984,8.105599880218506,8.126400038599968,0.00390625,172032,2.715524070312653,0.4629629561675672
swiglu,8,3584,torch.float16,tilelang,forward,5,2.08320003002882,2.343360027298331,2.0672000013291836,2.110400050878525,0.0,57344,5.3195084626874145,0.9877112095346114
swiglu,8,3584,torch.float16,tilelang,forward_backward,5,3.806399926543236,3.9337599463760853,3.784000128507614,3.8176000118255615,0.0,172032,5.794031294827118,0.9878100090166825
swiglu,8,3584,torch.float16,triton,forward,5,2.0576000213623047,2.189119989052415,2.0416000857949257,2.065599989145994,0.0,57344,5.3856921044703485,1.0
swiglu,8,3584,torch.float16,triton,forward_backward,5,3.747199848294258,3.9249600470066066,3.7408001720905304,3.758399933576584,0.0,172032,5.885568207700054,1.0034159100084672
swiglu,8,5120,torch.bfloat16,compile,forward,5,2.1215999498963356,2.2825600206851955,2.099199965596199,2.1328000351786613,0.0,81920,5.409502493052613,1.0
swiglu,8,5120,torch.bfloat16,compile,forward_backward,5,3.8575999438762665,4.016000032424927,3.8463998585939407,4.100799933075905,0.0,245760,5.884280561026255,1.0
swiglu,8,5120,torch.bfloat16,eager,forward,5,11.476800218224525,11.667679771780968,11.467200145125389,11.607999727129936,0.0,737280,1.0,0.18485988337823916
swiglu,8,5120,torch.bfloat16,eager,forward_backward,5,22.699200361967087,23.095679953694344,22.63360023498535,22.939199954271317,0.0,1064960,1.0,0.16994431003568494
swiglu,8,5120,torch.bfloat16,liger,forward,5,6.120000034570694,6.310240123420954,6.107199937105179,6.374400109052658,0.03125,245760,1.8752941427114878,0.34666665652154066
swiglu,8,5120,torch.bfloat16,liger,forward_backward,5,9.457599744200706,9.58239994943142,9.432000294327736,9.460799768567085,0.03125,245760,2.4001016088554583,0.40788361193247824
swiglu,8,5120,torch.bfloat16,tilelang,forward,5,2.0848000422120094,2.223200043663382,2.0560000091791153,2.2847999818623066,0.0,81920,5.504988481316145,1.0176515286546526
swiglu,8,5120,torch.bfloat16,tilelang,forward_backward,5,3.8256000727415085,3.934879954904318,3.803199902176857,3.8384001702070236,0.0,245760,5.933500609147663,1.008364667117916
swiglu,8,5120,torch.bfloat16,triton,forward,5,2.062400057911873,2.182880006730556,2.0447999238967896,2.316799946129322,0.0,81920,5.5647788479236615,1.0287043688528603
swiglu,8,5120,torch.bfloat16,triton,forward_backward,5,3.7599999457597733,3.9188800379633904,3.7455998361110687,3.87520007789135,0.0,245760,6.037021459951196,1.0259574466820296
swiglu,8,5120,torch.float16,compile,forward,5,2.0687999203801155,2.194720013067126,2.059200033545494,2.086400054395199,1.52587890625e-05,81920,5.501933817932012,1.0
swiglu,8,5120,torch.float16,compile,forward_backward,5,3.8127999752759933,3.9411201700568195,3.8015998899936676,3.8176000118255615,1.52587890625e-05,245760,5.919009718407798,1.0
swiglu,8,5120,torch.float16,eager,forward,5,11.382400244474411,11.550720036029816,11.372800171375275,11.388800293207169,0.0,737280,1.0,0.18175427642200642
swiglu,8,5120,torch.float16,eager,forward_backward,5,22.568000108003616,23.086719810962677,22.5552000105381,22.603200376033783,0.0,1064960,1.0,0.1689471799463438
swiglu,8,5120,torch.float16,liger,forward,5,6.151999905705452,6.282559912651777,6.121600046753883,6.172800064086914,0.00390625,245760,1.850195126615365,0.33628087647749816
swiglu,8,5120,torch.float16,liger,forward_backward,5,9.432000294327736,9.602399691939354,9.417600184679031,9.451199695467949,0.00390625,245760,2.392705619567853,0.40424086686775806
swiglu,8,5120,torch.float16,tilelang,forward,5,2.0848000422120094,2.2399999666959043,2.0687999203801155,2.112000063061714,0.0,81920,5.459708372030482,0.9923253446335709
swiglu,8,5120,torch.float16,tilelang,forward_backward,5,3.8143999874591827,3.9777600765228267,3.798399865627289,3.8176000118255615,0.0,245760,5.916526893404388,0.9995805337173737
swiglu,8,5120,torch.float16,triton,forward,5,2.0767999812960625,2.203680081292987,2.0640000700950623,2.092800009995699,1.52587890625e-05,81920,5.480739766460817,0.9961478905104023
swiglu,8,5120,torch.float16,triton,forward_backward,5,3.763199970126152,3.902720082551241,3.758399933576584,3.779200091958046,1.52587890625e-05,245760,5.997023885830622,1.013180273581948
swiglu,8,8960,torch.bfloat16,compile,forward,5,2.3312000557780266,2.4908800330013032,2.3183999583125114,2.5775999762117863,0.0,143360,5.056280055147463,1.0
swiglu,8,8960,torch.bfloat16,compile,forward_backward,5,4.187199845910072,4.516959879547358,4.176000133156776,4.294399917125702,0.0,430080,5.587313941217956,1.0
swiglu,8,8960,torch.bfloat16,eager,forward,5,11.787200346589088,11.992959938943386,11.769600212574005,11.913599818944931,0.0,1290240,1.0,0.1977738553033601
swiglu,8,8960,torch.bfloat16,eager,forward_backward,5,23.395200073719025,23.78111995756626,23.38239997625351,23.507200181484222,0.0,1863680,1.0,0.1789768769968229
swiglu,8,8960,torch.bfloat16,liger,forward,5,7.1936000138521194,7.485599964857101,7.13919997215271,7.372800260782242,0.03125,430080,1.6385676606833093,0.32406584342874606
swiglu,8,8960,torch.bfloat16,liger,forward_backward,5,11.315199732780457,11.583039872348309,11.30719967186451,11.431999877095222,0.03125,430080,2.067590553080779,0.3700509000985316
swiglu,8,8960,torch.bfloat16,tilelang,forward,5,2.179200015962124,2.3017599806189533,2.1663999184966087,2.1888000890612602,0.0,143360,5.408957534990197,1.0697503848671708
swiglu,8,8960,torch.bfloat16,tilelang,forward_backward,5,4.039999842643738,4.367839861661196,4.028800129890442,4.044799879193306,0.0,430080,5.790891332908921,1.0364356457920079
swiglu,8,8960,torch.bfloat16,triton,forward,5,2.151999995112419,2.297919988632202,2.127999998629093,2.2624000906944275,0.0,143360,5.47732359356875,1.0832714038441464
swiglu,8,8960,torch.bfloat16,triton,forward_backward,5,3.9551999419927597,4.0723200514912605,3.9423998445272446,3.977600112557411,0.0,430080,5.915048649078345,1.0586569344963186
swiglu,8,8960,torch.float16,compile,forward,5,2.164799999445677,2.545760050415992,2.163200080394745,2.179200015962124,0.00048828125,143360,5.417590492800341,1.0
swiglu,8,8960,torch.float16,compile,forward_backward,5,4.012800008058548,4.151840079575777,4.00799997150898,4.134400002658367,0.00048828125,430080,5.803429108917767,1.0
swiglu,8,8960,torch.float16,eager,forward,5,11.727999895811081,11.918559856712818,11.711999773979187,11.766400188207626,0.0,1290240,1.0,0.18458390336607045
swiglu,8,8960,torch.float16,eager,forward_backward,5,23.288000375032425,23.511360213160515,23.262400180101395,23.3024001121521,0.0,1863680,1.0,0.17231191787341082
swiglu,8,8960,torch.float16,liger,forward,5,6.940799951553345,7.247839979827403,6.934399902820587,7.062400132417679,0.00390625,430080,1.6897187611906845,0.3118948845314576
swiglu,8,8960,torch.float16,liger,forward_backward,5,11.051199957728386,11.388000287115574,11.03999987244606,11.156800016760826,0.00390625,430080,2.107282509058804,0.3631098906370158
swiglu,8,8960,torch.float16,tilelang,forward,5,2.175999991595745,2.5985599961131802,2.1727999672293663,2.1888000890612602,0.0,143360,5.389705855288393,0.9948529447640968
swiglu,8,8960,torch.float16,tilelang,forward_backward,5,4.004799947142601,4.173439871519804,4.004799947142601,4.030400142073631,0.0,430080,5.81502214402701,1.0019976181136476
swiglu,8,8960,torch.float16,triton,forward,5,2.1536000072956085,2.2856000438332553,2.143999934196472,2.473600022494793,0.00048828125,143360,5.445765163484821,1.005200590690995
swiglu,8,8960,torch.float16,triton,forward_backward,5,3.948799893260002,4.095840025693178,3.936000168323517,3.9632000029087067,0.00048828125,430080,5.897488098797177,1.016207484939357
swiglu,8,18944,torch.bfloat16,compile,forward,5,2.792000025510788,2.923519993200898,2.7904000133275986,2.8048000298440456,0.0,303104,4.464183442258935,1.0
swiglu,8,18944,torch.bfloat16,compile,forward_backward,5,4.979199916124344,5.202240087091923,4.963199980556965,5.350399948656559,0.0,909312,5.026349815478719,1.0
swiglu,8,18944,torch.bfloat16,eager,forward,5,12.464000284671783,12.675519660115242,12.435200065374374,12.52799928188324,0.0,2727936,1.0,0.2240051317187779
swiglu,8,18944,torch.bfloat16,eager,forward_backward,5,25.02720057964325,25.190559178590775,25.019200146198273,25.02880096435547,0.0,3940352,1.0,0.19895153276448949
swiglu,8,18944,torch.bfloat16,liger,forward,5,8.832000195980072,9.107199981808662,8.78559984266758,8.841600269079208,0.0625,909312,1.411231884974916,0.3161231842795452
swiglu,8,18944,torch.bfloat16,liger,forward_backward,5,15.188799798488617,15.70479981601238,15.174399316310883,15.523199737071991,0.0625,909312,1.6477405003477377,0.3278204981423092
swiglu,8,18944,torch.bfloat16,tilelang,forward,5,2.4560000747442245,2.594239972531795,2.4512000381946564,2.4671999737620354,0.0,303104,5.074918528237351,1.1368077933798741
swiglu,8,18944,torch.bfloat16,tilelang,forward_backward,5,4.598399996757507,4.740479961037636,4.588799923658371,4.616000130772591,0.0,909312,5.442588856404576,1.0828113951886205
swiglu,8,18944,torch.bfloat16,triton,forward,5,2.4224000051617622,2.596640009433031,2.3856000043451786,2.4351999163627625,0.0,303104,5.145310542483864,1.1525759658031147
swiglu,8,18944,torch.bfloat16,triton,forward_backward,5,4.600000008940697,4.740000125020742,4.577599838376045,4.6351999044418335,0.0,909312,5.440695767608617,1.0824347622710049
swiglu,8,18944,torch.float16,compile,forward,5,2.470399998128414,2.737440029159188,2.444799989461899,2.5839999318122864,0.0009765625,303104,5.029145073471716,1.0
swiglu,8,18944,torch.float16,compile,forward_backward,5,4.654400050640106,4.810560084879398,4.616000130772591,4.659200087189674,0.0009765625,909312,5.346510741904553,1.0
swiglu,8,18944,torch.float16,eager,forward,5,12.423999980092049,12.804799750447271,12.308799847960472,12.502400577068329,0.0,2727936,1.0,0.19884095316218048
swiglu,8,18944,torch.float16,eager,forward_backward,5,24.884799867868423,25.092000663280487,24.855999648571014,24.9439999461174,0.0,3940352,1.0,0.18703787353539975
swiglu,8,18944,torch.float16,liger,forward,5,8.83840024471283,9.20976035296917,8.804799988865852,8.977599814534187,0.00390625,909312,1.4056842455764709,0.279507595235486
swiglu,8,18944,torch.float16,liger,forward_backward,5,15.273599326610565,15.755520537495611,15.26080071926117,15.441600233316422,0.00390625,909312,1.6292688668683784,0.3047349842764918
swiglu,8,18944,torch.float16,tilelang,forward,5,2.446400001645088,2.6297600753605366,2.44159996509552,2.5359999388456345,0.0,303104,5.078482656858035,1.0098103321072545
swiglu,8,18944,torch.float16,tilelang,forward_backward,5,4.555200040340424,4.716319907456636,4.553600028157234,4.561600089073181,0.0,909312,5.462943371858749,1.021777311516767
swiglu,8,18944,torch.float16,triton,forward,5,2.412799932062626,2.562080016359687,2.4032000452280045,2.4191999807953835,0.0009765625,303104,5.149204380767355,1.023872707098656
swiglu,8,18944,torch.float16,triton,forward_backward,5,4.596799984574318,4.736639894545078,4.575999826192856,4.604800045490265,0.0009765625,909312,5.413505036411292,1.012530470383545
swiglu,32,1536,torch.bfloat16,compile,forward,5,2.1824000403285027,2.486239988356828,2.169600035995245,2.1856000646948814,0.0,98304,5.300586489114528,1.0
swiglu,32,1536,torch.bfloat16,compile,forward_backward,5,3.9903998374938965,4.213439840823412,3.9712000638246536,4.121600091457367,0.0,294912,5.713312274637852,1.0
swiglu,32,1536,torch.bfloat16,eager,forward,5,11.568000167608261,11.806079745292664,11.550400033593178,11.686400324106216,0.0,884736,1.0,0.18865836866422905
swiglu,32,1536,torch.bfloat16,eager,forward_backward,5,22.79840037226677,23.109120056033134,22.735999524593353,22.830399870872498,0.0,1277952,1.0,0.17502981666854306
swiglu,32,1536,torch.bfloat16,liger,forward,5,5.3488001227378845,5.54767994210124,5.33440001308918,5.471999943256378,0.03125,294912,2.162728070251195,0.4080167495979266
swiglu,32,1536,torch.bfloat16,liger,forward_backward,5,7.236799970269203,7.471519857645035,7.2175998240709305,7.334399968385696,0.03125,294912,3.1503427572862273,0.5514039152508808
swiglu,32,1536,torch.bfloat16,tilelang,forward,5,2.1376000717282295,2.2795200161635876,2.119999937713146,2.2752000018954277,0.0,98304,5.4116765435246466,1.0209580684398334
swiglu,32,1536,torch.bfloat16,tilelang,forward_backward,5,3.936000168323517,4.104800093919039,3.9103999733924866,4.046399891376495,0.0,294912,5.792276269636803,1.013821053568082
swiglu,32,1536,torch.bfloat16,triton,forward,5,2.1215999498963356,2.7720000781118843,2.1136000752449036,2.3440000601112843,0.0,98304,5.452488895549554,1.0286576601942028
swiglu,32,1536,torch.bfloat16,triton,forward_backward,5,3.8656000047922134,4.01408014819026,3.8463998585939407,3.9903998374938965,0.0,294912,5.8977649896532025,1.032284724893152
swiglu,32,1536,torch.float16,compile,forward,5,2.112000063061714,2.2457599453628063,2.088000066578388,2.348800003528595,0.0009765625,98304,5.421211964601982,1.0
swiglu,32,1536,torch.float16,compile,forward_backward,5,3.9135999977588654,4.045600052922964,3.9023999124765396,3.9312001317739487,0.0009765625,294912,5.783319578620321,1.0
swiglu,32,1536,torch.float16,eager,forward,5,11.449600011110306,11.59023992717266,11.443199962377548,11.452800035476685,0.0,884736,1.0,0.18446059783855337
swiglu,32,1536,torch.float16,eager,forward_backward,5,22.633599489927292,22.79071994125843,22.617599368095398,22.64159992337227,0.0,1277952,1.0,0.17291107406493378
swiglu,32,1536,torch.float16,liger,forward,5,5.331199988722801,5.69407993927598,5.323199927806854,5.337600037455559,0.00390625,294912,2.147659070252454,0.39615847605215937
swiglu,32,1536,torch.float16,liger,forward_backward,5,7.264000177383423,7.396000027656555,7.2624001652002335,7.280000299215317,0.00390625,294912,3.115858884529953,0.5387665063588406
swiglu,32,1536,torch.float16,tilelang,forward,5,2.1455999463796616,2.6273600105196224,2.126399986445904,2.25600004196167,0.0,98304,5.336316320490955,0.9843400987333909
swiglu,32,1536,torch.float16,tilelang,forward_backward,5,3.9135999977588654,4.057280141860247,3.903999924659729,4.0272001177072525,0.0,294912,5.783319578620321,1.0
swiglu,32,1536,torch.float16,triton,forward,5,2.115200087428093,2.3793600499629974,2.099199965596199,2.219199948012829,0.0009765625,98304,5.413010371530414,0.99848712923879
swiglu,32,1536,torch.float16,triton,forward_backward,5,3.8543999195098877,4.3086399883031845,3.843199834227562,4.073600098490715,0.0009765625,294912,5.872146109012295,1.0153590907755377
swiglu,32,3584,torch.bfloat16,compile,forward,5,2.5728000327944756,2.9560000170022245,2.566399984061718,2.763199992477894,0.0,229376,4.745024747305271,1.0
swiglu,32,3584,torch.bfloat16,compile,forward_backward,5,4.604800045490265,4.7449601627886295,4.593599960207939,4.691199958324432,0.0,688128,5.290479443432833,1.0
swiglu,32,3584,torch.bfloat16,eager,forward,5,12.2079998254776,12.364639863371849,12.193599715828896,12.211199849843979,0.0,2064384,1.0,0.2107470568131191
swiglu,32,3584,torch.bfloat16,eager,forward_backward,5,24.36159998178482,24.543520212173462,24.345599859952927,24.379199743270874,0.0,2981888,1.0,0.189018785668153
swiglu,32,3584,torch.bfloat16,liger,forward,5,5.905599892139435,6.024959851056337,5.899199843406677,5.913599953055382,0.03125,688128,2.0671904714924705,0.43565430773916203
swiglu,32,3584,torch.bfloat16,liger,forward_backward,5,8.657600358128548,8.784799836575985,8.65280032157898,8.684799820184708,0.03125,688128,2.8138974974644007,0.5318794879653757
swiglu,32,3584,torch.bfloat16,tilelang,forward,5,2.332800067961216,2.454400062561035,2.3215999826788902,2.3504000157117844,0.0,229376,5.233195931851527,1.1028806403640974
swiglu,32,3584,torch.bfloat16,tilelang,forward_backward,5,4.345599934458733,4.479200001806021,4.331200011074543,4.358400031924248,0.0,688128,5.606038371965132,1.0596465654779188
swiglu,32,3584,torch.bfloat16,triton,forward,5,2.316799946129322,2.551520019769668,2.3104000836610794,2.4128000251948833,0.0,229376,5.2693370637691475,1.1104972775456305
swiglu,32,3584,torch.bfloat16,triton,forward_backward,5,4.2847998440265656,4.430879969149828,4.267200082540512,4.291199892759323,0.0,688128,5.685586461114934,1.0746826486912362
swiglu,32,3584,torch.float16,compile,forward,5,2.3231999948620796,2.468159925192594,2.3072000592947006,2.339200023561716,0.000244140625,229376,5.221074380330942,1.0
swiglu,32,3584,torch.float16,compile,forward_backward,5,4.398399963974953,4.528160002082586,4.383999854326248,4.4015999883413315,0.000244140625,688128,5.510367400660548,1.0
swiglu,32,3584,torch.float16,eager,forward,5,12.12959997355938,12.607200071215628,12.111999839544296,12.152000144124031,0.0,2064384,1.0,0.19153146022344433
swiglu,32,3584,torch.float16,eager,forward_backward,5,24.236799776554108,24.376640021800995,24.211200326681137,24.25599992275238,0.0,2981888,1.0,0.18147610264247105
swiglu,32,3584,torch.float16,liger,forward,5,5.945600010454655,6.059680078178644,5.923200026154518,6.078399904072285,0.00390625,688128,2.0400968703294655,0.3907427325714813
swiglu,32,3584,torch.float16,liger,forward_backward,5,8.65280032157898,8.799680285155773,8.636800199747086,8.884799852967262,0.00390625,688128,2.8010353730353192,0.5083209828621498
swiglu,32,3584,torch.float16,tilelang,forward,5,2.3312000557780266,2.5454399921000004,2.3215999826788902,2.532800007611513,0.0,229376,5.203157036435118,0.9965682649603074
swiglu,32,3584,torch.float16,tilelang,forward_backward,5,4.316800087690353,4.447039924561977,4.291199892759323,4.53919991850853,0.0,688128,5.614529115134837,1.018902861987352
swiglu,32,3584,torch.float16,triton,forward,5,2.329600043594837,2.4315200373530383,2.3104000836610794,2.332800067961216,0.000244140625,229376,5.206730660445057,0.9972527263852203
swiglu,32,3584,torch.float16,triton,forward_backward,5,4.2927999049425125,4.439039900898933,4.287999868392944,4.476800002157688,0.000244140625,688128,5.645918820639435,1.0245993434054212
swiglu,32,5120,torch.bfloat16,compile,forward,5,2.855999954044819,2.994720041751861,2.8335999697446823,2.864000014960766,0.0,327680,4.382073135823813,1.0
swiglu,32,5120,torch.bfloat16,compile,forward_backward,5,5.102400109171867,5.228800121694803,5.084799975156784,5.113600008189678,0.0,983040,4.956726136922084,1.0
swiglu,32,5120,torch.bfloat16,eager,forward,5,12.515200674533844,12.702720537781715,12.505599856376648,12.550400197505951,0.0,2949120,1.0,0.2282024897815869
swiglu,32,5120,torch.bfloat16,eager,forward_backward,5,25.29119998216629,25.457441210746765,25.252799689769745,25.323200225830078,0.0,4259840,1.0,0.20174606633017603
swiglu,32,5120,torch.bfloat16,liger,forward,5,6.523199751973152,6.695679910480976,6.511999666690826,6.651199981570244,0.0625,983040,1.9185677505503673,0.43782193749025233
swiglu,32,5120,torch.bfloat16,liger,forward_backward,5,9.995200112462044,10.169599950313568,9.974399954080582,10.009600222110748,0.0625,983040,2.5303345303345304,0.510485037994405
swiglu,32,5120,torch.bfloat16,tilelang,forward,5,2.5232000276446342,2.768639978021383,2.5151999667286873,2.529600076377392,0.0,327680,4.960050942222198,1.1318959744586115
swiglu,32,5120,torch.bfloat16,tilelang,forward_backward,5,4.710400104522705,5.142720025032757,4.700800031423569,4.731199890375137,0.0,983040,5.3692254205503405,1.0832201078360164
swiglu,32,5120,torch.bfloat16,triton,forward,5,2.4752000346779823,2.7227200660854574,2.470399998128414,2.4847999215126038,0.0,327680,5.056238081445422,1.1538461191143194
swiglu,32,5120,torch.bfloat16,triton,forward_backward,5,4.718400165438652,4.846719987690449,4.713600128889084,4.748800024390221,0.0,983040,5.360121883561154,1.0813835050587568
swiglu,32,5120,torch.float16,compile,forward,5,2.5679999962449074,2.7980799693614244,2.545600011944771,2.6815999299287796,0.0009765625,327680,4.8286603642820385,1.0
swiglu,32,5120,torch.float16,compile,forward_backward,5,4.8448000103235245,5.110399965196848,4.793599992990494,4.960000142455101,0.0009765625,983040,5.191215395180421,1.0
swiglu,32,5120,torch.float16,eager,forward,5,12.399999797344208,12.53951970487833,12.39519976079464,12.412799894809723,0.0,2949120,1.0,0.20709677727534426
swiglu,32,5120,torch.float16,eager,forward_backward,5,25.150400400161743,25.30800089240074,25.137600302696228,25.16160011291504,0.0,4259840,1.0,0.19263311650069664
swiglu,32,5120,torch.float16,liger,forward,5,6.550399959087372,6.65936004370451,6.5327998250722885,6.566400080919266,0.00390625,983040,1.8930141479592684,0.3920371293789962
swiglu,32,5120,torch.float16,liger,forward_backward,5,9.995200112462044,10.127999633550644,9.975999966263771,10.001600161194801,0.00390625,983040,2.5162478106670574,0.4847126576568501
swiglu,32,5120,torch.float16,tilelang,forward,5,2.5439999997615814,2.6948800124228,2.537599951028824,2.54720002412796,0.0,327680,4.874213757274493,1.0094339608826945
swiglu,32,5120,torch.float16,tilelang,forward_backward,5,4.80320006608963,4.996480047702789,4.772799834609032,4.896000027656555,0.0,983040,5.236175894009164,1.0086608810088067
swiglu,32,5120,torch.float16,triton,forward,5,2.489599958062172,2.640000013634562,2.460799925029278,2.6208000257611275,0.0009765625,327680,4.980719796844785,1.0314910184380626
swiglu,32,5120,torch.float16,triton,forward_backward,5,4.694399982690811,5.2247999981045705,4.687999933958054,5.027199909090996,0.0009765625,983040,5.357532484001424,1.0320381791469129
swiglu,32,8960,torch.bfloat16,compile,forward,5,3.622400015592575,3.7523198500275607,3.601599857211113,3.6976000294089317,0.0,573440,3.7557419389074607,1.0
swiglu,32,8960,torch.bfloat16,compile,forward_backward,5,6.620799750089645,6.735039874911308,6.600000336766243,6.870400160551071,0.0,1720320,4.166989204827618,1.0
swiglu,32,8960,torch.bfloat16,eager,forward,5,13.604799658060074,13.773119822144508,13.569600135087967,13.617599755525589,0.0,5160960,1.0,0.2662589752614628
swiglu,32,8960,torch.bfloat16,eager,forward_backward,5,27.588801085948944,28.00623968243599,27.527999877929688,27.697598934173584,0.0,7454720,1.0,0.23998142323994057
swiglu,32,8960,torch.bfloat16,liger,forward,5,7.958400249481201,8.188480101525784,7.93600007891655,8.171200007200241,0.03125,1720320,1.7094892480366208,0.4551668554027193
swiglu,32,8960,torch.bfloat16,liger,forward_backward,5,12.344000115990639,12.503999844193459,12.319999933242798,12.36640028655529,0.03125,1720320,2.2349968265319373,0.5363577193678849
swiglu,32,8960,torch.bfloat16,tilelang,forward,5,2.89280004799366,3.0262399278581142,2.85279992967844,2.9424000531435013,0.0,573440,4.702986529433953,1.2522123739955475
swiglu,32,8960,torch.bfloat16,tilelang,forward_backward,5,5.579200014472008,5.7112000696361065,5.571199953556061,5.587200075387955,0.0,1720320,4.944938524230312,1.1866933848788015
swiglu,32,8960,torch.bfloat16,triton,forward,5,2.836799994111061,2.9684799630194902,2.8255999088287354,2.8432000428438187,0.0,573440,4.795826172554428,1.2769317622364453
swiglu,32,8960,torch.bfloat16,triton,forward_backward,5,5.433600023388863,5.555360000580549,5.427199974656105,5.444800108671188,0.0,1720320,5.077444229827978,1.218492292695542
swiglu,32,8960,torch.float16,compile,forward,5,2.9488000087440014,3.1009600404649973,2.908799983561039,2.9632000252604485,0.00048828125,573440,4.5822028134923904,1.0
swiglu,32,8960,torch.float16,compile,forward_backward,5,5.852799862623215,6.019519977271557,5.833600088953972,5.8639999479055405,0.00048828125,1720320,4.687534267414084,1.0
swiglu,32,8960,torch.float16,eager,forward,5,13.511999696493149,13.804800063371658,13.504000008106232,13.532799482345581,0.0,5160960,1.0,0.21823564794109057
swiglu,32,8960,torch.float16,eager,forward_backward,5,27.435199916362762,27.669280171394348,27.403199672698975,27.57280021905899,0.0,7454720,1.0,0.21333177379664428
swiglu,32,8960,torch.float16,liger,forward,5,7.8592002391815186,8.422240056097507,7.835200056433678,8.027200028300285,0.00390625,1720320,1.7192588667139406,0.3752035727557819
swiglu,32,8960,torch.float16,liger,forward_backward,5,12.119999900460243,12.299199774861336,12.10239976644516,12.136000022292137,0.00390625,1720320,2.263630374726401,0.48290428306034566
swiglu,32,8960,torch.float16,tilelang,forward,5,2.864000014960766,3.0649600364267826,2.8575999662280083,3.017600066959858,0.0,573440,4.717876964354084,1.029608936222159
swiglu,32,8960,torch.float16,tilelang,forward_backward,5,5.527999997138977,5.675680004060268,5.502399988472462,5.585600063204765,0.0,1720320,4.96295223056474,1.0587554026143882
swiglu,32,8960,torch.float16,triton,forward,5,2.8495999984443188,3.0297600198537107,2.8239999897778034,2.872000075876713,0.00048828125,573440,4.741718031958784,1.034811907058478
swiglu,32,8960,torch.float16,triton,forward_backward,5,5.433600023388863,5.573760140687227,5.427199974656105,5.457599833607674,0.00048828125,1720320,5.049175463462215,1.0771495578308878
swiglu,32,18944,torch.bfloat16,compile,forward,5,5.507199838757515,5.631200037896633,5.484800040721893,5.51999993622303,0.0,1212416,3.313190167511574,1.0
swiglu,32,18944,torch.bfloat16,compile,forward_backward,5,9.52640026807785,9.722879864275455,9.513600170612335,9.571199864149094,0.0,3637248,4.088679769731517,1.0
swiglu,32,18944,torch.bfloat16,eager,forward,5,18.246400356292725,18.43471996486187,18.166400492191315,18.34240034222603,0.0,10911744,1.0,0.30182390670049175
swiglu,32,18944,torch.bfloat16,eager,forward_backward,5,38.9504000544548,39.21968013048172,38.91039937734604,39.15359973907471,0.0,15761408,1.0,0.2445777258965099
swiglu,32,18944,torch.bfloat16,liger,forward,5,9.275199845433235,9.465440139174461,9.254399687051773,9.440000355243683,0.0625,3637248,1.967224497623798,0.593755383229727
swiglu,32,18944,torch.bfloat16,liger,forward_backward,5,15.81759974360466,16.000159978866577,15.785599499940872,15.95200002193451,0.0625,3637248,2.4624722262429954,0.6022658571778279
swiglu,32,18944,torch.bfloat16,tilelang,forward,5,3.8543999195098877,4.006560090929269,3.8463998585939407,3.8896000012755394,0.0,1212416,4.733914678633782,1.428808622292051
swiglu,32,18944,torch.bfloat16,tilelang,forward_backward,5,7.53600001335144,7.709600180387497,7.500799745321274,7.544000074267387,0.0,3637248,5.168577492760994,1.2641189292993686
swiglu,32,18944,torch.bfloat16,triton,forward,5,3.8384001702070236,3.9809599332511425,3.8208000361919403,3.9103999733924866,0.0,1212416,4.753647235094982,1.4347643795723584
swiglu,32,18944,torch.bfloat16,triton,forward_backward,5,7.489599660038948,7.61712022125721,7.478400319814682,7.499199733138084,0.0,3637248,5.200598406117244,1.2719505314691695
swiglu,32,18944,torch.float16,compile,forward,5,3.880000114440918,4.110239967703819,3.8304001092910767,3.9840001612901688,0.001953125,1212416,4.649072095502615,1.0
swiglu,32,18944,torch.float16,compile,forward_backward,5,7.892799749970436,8.063999898731709,7.865600287914276,8.083199709653854,0.001953125,3637248,4.920129930170156,1.0
swiglu,32,18944,torch.float16,eager,forward,5,18.038400262594223,18.344320356845856,18.035200238227844,18.1487999856472,0.0,10911744,1.0,0.21509668584562772
swiglu,32,18944,torch.float16,eager,forward_backward,5,38.83360028266907,39.19487953186035,38.7935996055603,38.9519989490509,0.0,15761408,1.0,0.20324666506630576
swiglu,32,18944,torch.float16,liger,forward,5,9.433600306510925,9.594880044460297,9.305600076913834,9.505600109696388,0.0078125,3637248,1.9121437920307476,0.411295792526105
swiglu,32,18944,torch.float16,liger,forward_backward,5,16.043200343847275,16.223999857902527,16.011200100183487,16.05279967188835,0.0078125,3637248,2.420564441655317,0.49197165034452756
swiglu,32,18944,torch.float16,tilelang,forward,5,3.8704000413417816,4.020960032939911,3.8656000047922134,3.9216000586748123,0.0,1212416,4.660603573252524,1.002480382646908
swiglu,32,18944,torch.float16,tilelang,forward_backward,5,7.53600001335144,7.755359783768654,7.534400001168251,7.609599828720093,0.0,3637248,5.153078584642787,1.0473460371532455
swiglu,32,18944,torch.float16,triton,forward,5,3.827200084924698,3.973920047283172,3.8143999874591827,3.8463998585939407,0.001953125,1212416,4.713210666368685,1.0137959940281667
swiglu,32,18944,torch.float16,triton,forward_backward,5,7.529599964618683,7.765279859304428,7.505599781870842,7.67040029168129,0.001953125,3637248,5.157458625311669,1.0482362658120505
swiglu,128,1536,torch.bfloat16,compile,forward,5,3.0592000111937523,3.440959975123404,3.041600063443184,3.1856000423431396,0.0,393216,4.187238457484814,1.0
swiglu,128,1536,torch.bfloat16,compile,forward_backward,5,5.491200089454651,5.617600101977587,5.4816000163555145,5.499200150370598,0.0,1179648,4.730186465321531,1.0
swiglu,128,1536,torch.bfloat16,eager,forward,5,12.809599936008453,12.985120117664337,12.785600125789642,12.84479945898056,0.0,3538944,1.0,0.23882088640365587
swiglu,128,1536,torch.bfloat16,eager,forward_backward,5,25.974400341510773,26.206559538841248,25.969599187374115,25.995200872421265,0.0,5111808,1.0,0.2114081563869228
swiglu,128,1536,torch.bfloat16,liger,forward,5,6.032000109553337,6.1785599030554295,6.030400097370148,6.080000102519989,0.0625,1179648,2.1236073778780136,0.5071617963581706
swiglu,128,1536,torch.bfloat16,liger,forward_backward,5,8.430400118231773,8.627520129084587,8.427200093865395,8.531200140714645,0.0625,1179648,3.0810400428489686,0.6513569952129862
swiglu,128,1536,torch.bfloat16,tilelang,forward,5,2.6159999892115593,2.7441599778831,2.5919999927282333,2.72000003606081,0.0,393216,4.896636081359144,1.1694189693463148
swiglu,128,1536,torch.bfloat16,tilelang,forward_backward,5,5.104000121355057,5.4060799814760685,5.071999877691269,5.169599875807762,0.0,1179648,5.089028159077483,1.0758620609117064
swiglu,128,1536,torch.bfloat16,triton,forward,5,2.566399984061718,2.7139200363308187,2.5488000363111496,2.579200081527233,0.0,393216,4.991271826512138,1.1920199618892233
swiglu,128,1536,torch.bfloat16,triton,forward_backward,5,4.9375999718904495,5.0662400014698505,4.929599910974503,5.051200091838837,0.0,1179648,5.260531531388113,1.112119272666037
swiglu,128,1536,torch.float16,compile,forward,5,2.7103999629616737,2.8379199653863902,2.700799982994795,2.7184000238776207,0.000244140625,393216,4.675324603925038,1.0
swiglu,128,1536,torch.float16,compile,forward_backward,5,5.129599943757057,5.316480007022619,5.116799846291542,5.1552001386880875,0.000244140625,1179648,5.02276968974917,1.0
swiglu,128,1536,torch.float16,eager,forward,5,12.671999633312225,12.830559685826302,12.667199969291687,12.692800164222717,0.0,3538944,1.0,0.21388889215531215
swiglu,128,1536,torch.float16,eager,forward_backward,5,25.764799118041992,25.89503973722458,25.726400315761566,25.790399312973022,0.0,5111808,1.0,0.1990933412775967
swiglu,128,1536,torch.float16,liger,forward,5,6.0736000537872314,6.224960088729858,6.055999919772148,6.095999851822853,0.0078125,1179648,2.0864066650899282,0.44625921018154413
swiglu,128,1536,torch.float16,liger,forward_backward,5,8.46400000154972,8.657919950783253,8.451200276613235,8.46719965338707,0.0078125,1179648,3.044045263861599,0.6060491425824492
swiglu,128,1536,torch.float16,tilelang,forward,5,2.5919999927282333,2.7185600250959396,2.582399919629097,2.5936000049114227,0.0,393216,4.888888761135449,1.0456790009898176
swiglu,128,1536,torch.float16,tilelang,forward_backward,5,4.995200037956238,5.156479943543673,4.993600025773048,5.009600147604942,0.0,1179648,5.157911379377619,1.0269058105340279
swiglu,128,1536,torch.float16,triton,forward,5,2.54720002412796,2.6969600282609463,2.518399991095066,2.550400048494339,0.000244140625,393216,4.974874180778368,1.0640703271387513
swiglu,128,1536,torch.float16,triton,forward_backward,5,4.900800064206123,5.178880039602517,4.897600039839745,4.91040013730526,0.000244140625,1179648,5.2572638713053905,1.0466862301161834
swiglu,128,3584,torch.bfloat16,compile,forward,5,4.641599953174591,4.7928001172840595,4.631999880075455,4.656000062823296,0.0,917504,3.351258216489964,1.0
swiglu,128,3584,torch.bfloat16,compile,forward_backward,5,8.315199986100197,8.474880047142506,8.310399949550629,8.339200168848038,0.0,2752512,3.90205898540586,1.0
swiglu,128,3584,torch.bfloat16,eager,forward,5,15.555199980735779,15.725759789347649,15.544000267982483,15.575999766588211,0.0,8257536,1.0,0.29839538925394377
swiglu,128,3584,torch.bfloat16,eager,forward_backward,5,32.446400821208954,32.82256066799164,32.36960023641586,32.734400033950806,0.0,11927552,1.0,0.2562749573340928
swiglu,128,3584,torch.bfloat16,liger,forward,5,7.780799642205238,7.8992001339793205,7.768000289797783,7.795199751853943,0.03125,2752512,1.9991775519266701,0.5965453637949051
swiglu,128,3584,torch.bfloat16,liger,forward_backward,5,11.196800321340561,11.542239896953106,11.180800199508667,11.257600039243698,0.03125,2752512,2.897827941020586,0.7426407319465925
swiglu,128,3584,torch.bfloat16,tilelang,forward,5,3.4111998975276947,3.521439954638481,3.3936001360416412,3.420799970626831,0.0,917504,4.560037654788154,1.360694211013152
swiglu,128,3584,torch.bfloat16,tilelang,forward_backward,5,6.710399687290192,6.837920248508453,6.707199662923813,6.719999760389328,0.0,2752512,4.835241167923863,1.2391512240097369
swiglu,128,3584,torch.bfloat16,triton,forward,5,3.3695999532938004,3.5201599821448326,3.348800167441368,3.3951999619603157,0.0,917504,4.616334341271133,1.377492882689948
swiglu,128,3584,torch.bfloat16,triton,forward_backward,5,6.596800312399864,7.000959999859332,6.574400141835213,6.831999868154526,0.0,2752512,4.918505833838892,1.2604898727145482
swiglu,128,3584,torch.float16,compile,forward,5,3.3776000142097473,3.518399931490421,3.3743999898433685,3.3984001725912094,0.00048828125,917504,4.589294025726738,1.0
swiglu,128,3584,torch.float16,compile,forward_backward,5,7.049600034952164,7.2012800350785255,7.020799815654755,7.1087997406721115,0.00048828125,2752512,4.587834699332992,1.0
swiglu,128,3584,torch.float16,eager,forward,5,15.50079956650734,15.72368010878563,15.488000214099884,15.512000024318695,0.0,8257536,1.0,0.21789843805914025
swiglu,128,3584,torch.float16,eager,forward_backward,5,32.34239965677261,32.69167959690094,32.25120007991791,32.48320072889328,0.0,11927552,1.0,0.21796774852097137
swiglu,128,3584,torch.float16,liger,forward,5,7.779199630022049,7.952479794621468,7.753600180149078,7.787199690937996,0.0078125,2752512,1.9925956786975274,0.4341834860715837
swiglu,128,3584,torch.float16,liger,forward_backward,5,11.281600221991539,11.462240107357502,11.244799941778183,11.294400319457054,0.0078125,2752512,2.866827313533648,0.6248758949293541
swiglu,128,3584,torch.float16,tilelang,forward,5,3.4031998366117477,3.5395201295614243,3.388800099492073,3.4095998853445053,0.0,917504,4.554772070611068,0.9924777199015478
swiglu,128,3584,torch.float16,tilelang,forward_backward,5,6.643199920654297,6.778239794075489,6.619199737906456,6.652799993753433,0.0,2752512,4.868497116309451,1.0611753551228125
swiglu,128,3584,torch.float16,triton,forward,5,3.3663999289274216,3.4832000732421875,3.3504001796245575,3.3792000263929367,0.00048828125,917504,4.604562706085279,1.0033270216013503
swiglu,128,3584,torch.float16,triton,forward_backward,5,6.588800251483917,6.705759651958942,6.571200117468834,6.593600288033485,0.00048828125,2752512,4.908693301104176,1.0699368270216518
swiglu,128,5120,torch.bfloat16,compile,forward,5,5.798399820923805,5.909440089017153,5.769599974155426,5.915199965238571,0.0,1310720,3.346302505994072,1.0
swiglu,128,5120,torch.bfloat16,compile,forward_backward,5,10.076799988746643,10.176640003919601,10.014400258660316,10.182400047779083,0.0,3932160,4.0381073301208765,1.0
swiglu,128,5120,torch.bfloat16,eager,forward,5,19.40319985151291,20.60863986611366,19.34880018234253,19.407999515533447,0.0,11796480,1.0,0.2988372982444796
swiglu,128,5120,torch.bfloat16,eager,forward_backward,5,40.69119989871979,40.903039276599884,40.68160057067871,40.780799090862274,0.0,17039360,1.0,0.24764076787678302
swiglu,128,5120,torch.bfloat16,liger,forward,5,8.025600016117096,8.353279866278172,8.007999882102013,8.054400235414505,0.0625,3932160,2.4176634535171444,0.7224880145134814
swiglu,128,5120,torch.bfloat16,liger,forward_backward,5,13.35040032863617,13.482879847288132,13.340800255537033,13.443200290203094,0.0625,3932160,3.047938555927683,0.7547938444311845
swiglu,128,5120,torch.bfloat16,tilelang,forward,5,4.016000032424927,4.158559963107109,4.014400020241737,4.03360016644001,0.0,1310720,4.831474027602768,1.4438246449471854
swiglu,128,5120,torch.bfloat16,tilelang,forward_backward,5,7.8863997012376785,8.05968027561903,7.88159966468811,7.976000010967255,0.0,3932160,5.159667457931885,1.277744011271101
swiglu,128,5120,torch.bfloat16,triton,forward,5,3.977600112557411,4.088800009340048,3.956799954175949,4.18079998344183,0.0,1310720,4.878117282392562,1.4577633891898965
swiglu,128,5120,torch.bfloat16,triton,forward_backward,5,7.843200117349625,8.35920002311468,7.809599861502647,7.8592002391815186,0.0,3932160,5.188086404770986,1.2847817010885854
swiglu,128,5120,torch.float16,compile,forward,5,4.011199995875359,4.190239999443293,4.009599983692169,4.0272001177072525,0.001953125,1310720,4.785002028793544,1.0
swiglu,128,5120,torch.float16,compile,forward_backward,5,8.230400085449219,8.579200096428394,8.211199939250946,8.267199993133545,0.001953125,3932160,4.888413652059048,1.0
swiglu,128,5120,torch.float16,eager,forward,5,19.193600118160248,19.350240230560303,19.1600002348423,19.235199689865112,0.0,11796480,1.0,0.2089863272747938
swiglu,128,5120,torch.float16,eager,forward_backward,5,40.23360013961792,40.47983944416046,40.12800008058548,40.46880006790161,0.0,17039360,1.0,0.20456533983755448
swiglu,128,5120,torch.float16,liger,forward,5,8.081599697470665,8.282239735126495,8.06880034506321,8.099199831485748,0.0078125,3932160,2.374975355951787,0.4963373770085101
swiglu,128,5120,torch.float16,liger,forward_backward,5,13.372799754142761,13.530240207910538,13.361600041389465,13.390400260686874,0.0078125,3932160,3.0086145668302517,0.6154582613038472
swiglu,128,5120,torch.float16,tilelang,forward,5,4.016000032424927,4.146239869296551,3.996799886226654,4.030400142073631,0.0,1310720,4.779282859360645,0.9988047717851561
swiglu,128,5120,torch.float16,tilelang,forward_backward,5,7.868800312280655,8.074719980359077,7.843200117349625,7.873600348830223,0.0,3932160,5.113053901854171,1.0459536090405324
swiglu,128,5120,torch.float16,triton,forward,5,3.9744000881910324,4.105280134826899,3.968000039458275,3.98080013692379,0.001953125,1310720,4.829307491007104,1.009259235826224
swiglu,128,5120,torch.float16,triton,forward_backward,5,7.8304000198841095,7.9686399176716805,7.8223999589681625,7.8384000808000565,0.001953125,3932160,5.138128325175063,1.0510829669684014
swiglu,128,8960,torch.bfloat16,compile,forward,5,8.619200065732002,8.768160045146942,8.614400029182434,8.628800138831139,0.0,2293760,3.62557997499156,1.0
swiglu,128,8960,torch.bfloat16,compile,forward_backward,5,14.550400525331497,14.681120365858078,14.534400403499603,14.564800262451172,0.0,6881280,4.3196611518014265,1.0
swiglu,128,8960,torch.bfloat16,eager,forward,5,31.249599158763885,31.44192099571228,31.2063992023468,31.299200654029846,0.0,20971520,1.0,0.27581793999795245
swiglu,128,8960,torch.bfloat16,eager,forward_backward,5,62.85279989242554,63.095680475234985,62.80960142612457,62.88959980010986,0.0,30146560,1.0,0.23149963963793097
swiglu,128,8960,torch.bfloat16,liger,forward,5,10.374400019645691,10.524000003933907,10.367999970912933,10.384000092744827,0.0625,6881280,3.0121837503457987,0.8308143169156849
swiglu,128,8960,torch.bfloat16,liger,forward_backward,5,17.691200226545334,18.031999468803406,17.684800177812576,17.828799784183502,0.0625,6881280,3.552771948062406,0.8224654256921968
swiglu,128,8960,torch.bfloat16,tilelang,forward,5,5.465599894523621,5.606240015476942,5.438400059938431,5.471999943256378,0.0,2293760,5.717505811223964,1.5769906747781157
swiglu,128,8960,torch.bfloat16,tilelang,forward_backward,5,10.7744000852108,10.913119986653328,10.732799768447876,10.788800194859505,0.0,6881280,5.833531277411797,1.35046038853743
swiglu,128,8960,torch.bfloat16,triton,forward,5,5.423999950289726,5.530880019068718,5.417599901556969,5.444800108671188,0.0,2293760,5.761356829860345,1.589085572405214
swiglu,128,8960,torch.bfloat16,triton,forward_backward,5,10.739199817180634,10.883839763700962,10.726399719715118,10.867200046777725,0.0,6881280,5.852652056242893,1.3548868419464253
swiglu,128,8960,torch.float16,compile,forward,5,5.476799979805946,5.742079932242632,5.443200096487999,5.7151999324560165,0.0009765625,2293760,5.66199261811904,1.0
swiglu,128,8960,torch.float16,compile,forward_backward,5,11.371200159192085,11.599679999053478,11.353600025177002,11.507199704647064,0.0009765625,6881280,5.494864179341773,1.0
swiglu,128,8960,torch.float16,eager,forward,5,31.009601056575775,31.263520121574402,30.97440004348755,31.164801120758057,0.0,20971520,1.0,0.17661626700110536
swiglu,128,8960,torch.float16,eager,forward_backward,5,62.483200430870056,62.77344107627869,62.44480013847351,62.52319812774658,0.0,30146560,1.0,0.18198811969903678
swiglu,128,8960,torch.float16,liger,forward,5,10.356799885630608,10.6063998863101,10.320000350475311,10.424000024795532,0.0078125,6881280,2.9941295959188703,0.528811992148719
swiglu,128,8960,torch.float16,liger,forward_backward,5,17.5135999917984,17.76031956076622,17.505600303411484,17.529599368572235,0.0078125,6881280,3.5676959882680244,0.6492782845626944
swiglu,128,8960,torch.float16,tilelang,forward,5,5.46719990670681,5.745279919356108,5.4496001452207565,5.585600063204765,0.0,2293760,5.671934735463978,1.0017559396515499
swiglu,128,8960,torch.float16,tilelang,forward_backward,5,10.808000341057777,10.937280170619488,10.793600231409073,10.819199681282043,0.0,6881280,5.781198969203108,1.052109530011283
swiglu,128,8960,torch.float16,triton,forward,5,5.415999889373779,5.811040103435515,5.406400002539158,5.428799986839294,0.0009765625,2293760,5.725554226361189,1.011226013972315
swiglu,128,8960,torch.float16,triton,forward_backward,5,10.753599926829338,10.921120047569275,10.731199756264687,10.768000036478043,0.0009765625,6881280,5.810444953878158,1.0574319517710424
swiglu,128,18944,torch.bfloat16,compile,forward,5,16.233600676059723,16.36624053120613,16.208000481128693,16.2432000041008,0.0,4849664,3.2991325188621268,1.0
swiglu,128,18944,torch.bfloat16,compile,forward_backward,5,27.819199860095978,28.051839023828506,27.81440019607544,27.833600342273712,0.0,14548992,4.661931403514965,1.0
swiglu,128,18944,torch.bfloat16,eager,forward,5,53.55679988861084,53.81232023239136,53.42079997062683,53.648000955581665,0.0,43646976,1.0,0.3031099824825772
swiglu,128,18944,torch.bfloat16,eager,forward_backward,5,129.69120144844055,130.6793600320816,129.35519814491272,129.7424018383026,0.0,63045632,1.0,0.21450337069439251
swiglu,128,18944,torch.bfloat16,liger,forward,5,21.30880057811737,21.474240347743034,21.267200261354446,21.352000534534454,0.0625,14548992,2.513365296759588,0.761826111073116
swiglu,128,18944,torch.bfloat16,liger,forward_backward,5,35.25280058383942,35.454881340265274,35.228800773620605,35.27359962463379,0.0625,14548992,3.6788907349362074,0.7891344630601874
swiglu,128,18944,torch.bfloat16,tilelang,forward,5,9.391999989748001,9.558880105614662,9.361599758267403,9.668799862265587,0.0,4849664,5.702385002882419,1.728449818332601
swiglu,128,18944,torch.bfloat16,tilelang,forward_backward,5,21.649599820375443,21.805280223488808,21.619199961423874,21.667199581861496,0.0,14548992,5.990466453166591,1.284975246235916
swiglu,128,18944,torch.bfloat16,triton,forward,5,9.33920033276081,9.577119909226894,9.299200028181076,9.455999732017517,0.0,4849664,5.734623734404745,1.7382216996795936
swiglu,128,18944,torch.bfloat16,triton,forward_backward,5,21.25919982790947,21.49488002061844,21.236799657344818,21.483200043439865,0.0,14548992,6.100474265178106,1.3085722927151011
swiglu,128,18944,torch.float16,compile,forward,5,9.361599758267403,9.501920081675053,9.323200210928917,9.382399916648865,0.001953125,4849664,5.681251219416206,1.0
swiglu,128,18944,torch.float16,compile,forward_backward,5,20.72800025343895,20.999040454626083,20.713600516319275,20.824000239372253,0.001953125,14548992,6.226167460998666,1.0
swiglu,128,18944,torch.float16,eager,forward,5,53.18560004234314,53.476639688014984,53.07680070400238,53.251200914382935,0.0,43646976,1.0,0.17601756397999208
swiglu,128,18944,torch.float16,eager,forward_backward,5,129.0560007095337,130.34767925739288,129.00480031967163,129.121595621109,0.0,63045632,1.0,0.16061244839045846
swiglu,128,18944,torch.float16,liger,forward,5,21.52639999985695,21.777279675006866,21.46560028195381,21.532800048589706,0.0078125,14548992,2.4707150309711134,0.4348892410402861
swiglu,128,18944,torch.float16,liger,forward_backward,5,35.70400029420853,35.97856059670448,35.61280071735382,35.78239977359772,0.0078125,14548992,3.614608997481652,0.5805512010597086
swiglu,128,18944,torch.float16,tilelang,forward,5,9.36799980700016,9.609919749200344,9.350399672985077,9.494400024414062,0.0,4849664,5.677369890913175,0.9993168180118903
swiglu,128,18944,torch.float16,tilelang,forward_backward,5,21.889600157737732,22.38511934876442,21.859199553728104,21.95039987564087,0.0,14548992,5.895767843156048,0.9469337084310254
swiglu,128,18944,torch.float16,triton,forward,5,9.326400235295296,9.661600142717361,9.291199967265129,9.379199892282486,0.001953125,4849664,5.702693290071864,1.003774181043496
swiglu,128,18944,torch.float16,triton,forward_backward,5,21.328000724315643,21.562240198254585,21.296000480651855,21.351999789476395,0.001953125,14548992,6.051012580958862,0.9718679458692702
swiglu,512,1536,torch.bfloat16,compile,forward,5,6.561600044369698,6.791359893977642,6.556800007820129,6.656000018119812,0.0,1572864,3.3262618146221845,1.0
swiglu,512,1536,torch.bfloat16,compile,forward_backward,5,11.212799698114395,11.369600147008896,11.209600046277046,11.233599856495857,0.0,4718592,4.098458925556985,1.0
swiglu,512,1536,torch.bfloat16,eager,forward,5,21.825599670410156,22.075199708342552,21.78400009870529,21.963199973106384,0.0,14155776,1.0,0.30063778972659905
swiglu,512,1536,torch.bfloat16,eager,forward_backward,5,45.955199003219604,46.161919087171555,45.89439928531647,46.07200026512146,0.0,20447232,1.0,0.24399414954832055
swiglu,512,1536,torch.bfloat16,liger,forward,5,7.428799942135811,7.611199840903282,7.414399832487106,7.43199996650219,0.0625,4718592,2.9379711178674177,0.8832651431562458
swiglu,512,1536,torch.bfloat16,liger,forward_backward,5,11.22399978339672,11.356479972600937,11.182400211691856,11.275200173258781,0.0625,4718592,4.094369199044316,0.9990021306576561
swiglu,512,1536,torch.bfloat16,tilelang,forward,5,4.408000037074089,4.543199948966503,4.395199939608574,4.651200026273727,0.0,1572864,4.9513610451095635,1.4885662407401226
swiglu,512,1536,torch.bfloat16,tilelang,forward_backward,5,8.670399710536003,8.926080092787743,8.6496002972126,8.779199793934822,0.0,4718592,5.300239958646458,1.293227541111968
swiglu,512,1536,torch.bfloat16,triton,forward,5,4.371200129389763,4.513760097324848,4.340799897909164,4.379200004041195,0.0,1572864,4.993045164797133,1.5010980623496923
swiglu,512,1536,torch.bfloat16,triton,forward_backward,5,8.583999797701836,8.720160089433193,8.542400225996971,8.841600269079208,0.0,4718592,5.353588080876124,1.3062441708253953
swiglu,512,1536,torch.float16,compile,forward,5,4.399999976158142,4.534560050815344,4.371200129389763,4.419200122356415,0.00048828125,1572864,4.942181800940805,1.0
swiglu,512,1536,torch.float16,compile,forward_backward,5,9.032000228762627,9.167199768126011,9.02400016784668,9.038400277495384,0.00048828125,4718592,5.030823600538352,1.0
swiglu,512,1536,torch.float16,eager,forward,5,21.745599806308746,21.9028802216053,21.716800332069397,21.76159992814064,0.0,14155776,1.0,0.20233978438624772
swiglu,512,1536,torch.float16,eager,forward_backward,5,45.43839991092682,45.761598944664,45.369601249694824,45.59840112924576,0.0,20447232,1.0,0.1987746101638287
swiglu,512,1536,torch.float16,liger,forward,5,7.415999844670296,7.598880082368851,7.391999661922455,7.454400137066841,0.0078125,4718592,2.9322546199804465,0.5933117675724222
swiglu,512,1536,torch.float16,liger,forward_backward,5,11.230399832129478,11.35680004954338,11.214399710297585,11.281600221991539,0.0078125,4718592,4.046018003823013,0.8042456514257519
swiglu,512,1536,torch.float16,tilelang,forward,5,4.3935999274253845,4.512640088796616,4.380799829959869,4.399999976158142,0.0,1572864,4.949380955368756,1.001456675354715
swiglu,512,1536,torch.float16,tilelang,forward_backward,5,8.619200065732002,8.775520101189613,8.604799956083298,8.62400010228157,0.0,4718592,5.27176531051642,1.0478930944730966
swiglu,512,1536,torch.float16,triton,forward,5,4.3775999918580055,4.509120024740696,4.343999922275543,4.483199864625931,0.00048828125,1572864,4.9674707252270345,1.0051169554874357
swiglu,512,1536,torch.float16,triton,forward_backward,5,8.566399663686752,8.703039959073067,8.553600311279297,8.57119970023632,0.00048828125,4718592,5.304258696164,1.0543519545380973
swiglu,512,3584,torch.bfloat16,compile,forward,5,12.558399885892868,12.688319757580757,12.547199428081512,12.569599598646164,0.0,3670016,3.608867296854891,1.0
swiglu,512,3584,torch.bfloat16,compile,forward_backward,5,21.4976005256176,21.677279993891716,21.478400379419327,21.510400623083115,0.0,11010048,4.432866744385474,1.0
swiglu,512,3584,torch.bfloat16,eager,forward,5,45.32159864902496,45.6340791285038,45.318399369716644,45.446400344371796,0.0,33030144,1.0,0.2770952539239929
swiglu,512,3584,torch.bfloat16,eager,forward_backward,5,95.29599845409393,95.79903930425644,95.20319998264313,95.33119797706604,0.0,47710208,1.0,0.2255876518883785
swiglu,512,3584,torch.bfloat16,liger,forward,5,12.595199793577194,12.766560018062592,12.582399696111679,12.616000324487686,0.0625,11010048,3.5983231224435435,0.9970782593140688
swiglu,512,3584,torch.bfloat16,liger,forward_backward,5,18.985599279403687,19.183199629187584,18.963200598955154,19.124799966812134,0.0625,11010048,5.0193832204956905,1.13231087463955
swiglu,512,3584,torch.bfloat16,tilelang,forward,5,7.449600100517273,7.582719959318638,7.430399954319,7.45760016143322,0.0,3670016,6.083762623161208,1.6857817488781524
swiglu,512,3584,torch.bfloat16,tilelang,forward_backward,5,16.2992000579834,16.446880400180817,16.286399960517883,16.312000155448914,0.0,11010048,5.846667205450838,1.3189359262504425
swiglu,512,3584,torch.bfloat16,triton,forward,5,7.406399771571159,7.548800110816956,7.385600358247757,7.440000027418137,0.0,3670016,6.11924822408157,1.6956146404758257
swiglu,512,3584,torch.bfloat16,triton,forward_backward,5,16.13440066576004,16.289759948849678,16.115200519561768,16.262400150299072,0.0,11010048,5.906386015089383,1.332407752290371
swiglu,512,3584,torch.float16,compile,forward,5,7.462400197982788,7.629439979791641,7.459200173616409,7.481600344181061,0.001953125,3670016,6.029802720963463,1.0
swiglu,512,3584,torch.float16,compile,forward_backward,5,16.21759980916977,16.40384040772915,16.208000481128693,16.24160036444664,0.001953125,11010048,5.83741125398966,1.0
swiglu,512,3584,torch.float16,eager,forward,5,44.996801018714905,45.22048085927963,44.92319971323013,45.01440078020096,0.0,33030144,1.0,0.16584290502960541
swiglu,512,3584,torch.float16,eager,forward_backward,5,94.66879963874817,95.09040176868439,94.61439847946167,94.80000138282776,0.0,47710208,1.0,0.1713088142139268
swiglu,512,3584,torch.float16,liger,forward,5,12.622400373220444,12.799840122461319,12.614400684833527,12.636799365282059,0.0078125,11010048,3.564837090271646,0.5912029390079355
swiglu,512,3584,torch.float16,liger,forward_backward,5,19.388799369335175,19.675840064883232,19.37279999256134,19.393599778413773,0.0078125,11010048,4.882654043471815,0.8364416744039915
swiglu,512,3584,torch.float16,tilelang,forward,5,7.417599856853485,7.672960236668586,7.390399649739265,7.45760016143322,0.0,3670016,6.066221134473862,1.0060397354931339
swiglu,512,3584,torch.float16,tilelang,forward_backward,5,16.51040017604828,17.070560455322262,16.47839993238449,16.518399864435196,0.0,11010048,5.733888859707028,0.9822657013908557
swiglu,512,3584,torch.float16,triton,forward,5,7.401599735021591,7.581599950790405,7.382400333881378,7.414399832487106,0.001953125,3670016,6.079334553286762,1.008214502963935
swiglu,512,3584,torch.float16,triton,forward_backward,5,16.13760069012642,16.355840116739273,16.118399798870087,16.15999937057495,0.001953125,11010048,5.866349121940416,1.0049573118445232
swiglu,512,5120,torch.bfloat16,compile,forward,5,17.335999757051468,17.49855987727642,17.312000691890717,17.35839992761612,0.0,5242880,3.322104428037065,1.0
swiglu,512,5120,torch.bfloat16,compile,forward_backward,5,30.219200253486633,30.38671925663948,30.193600058555603,30.22879958152771,0.0,15728640,4.741409292673159,1.0
swiglu,512,5120,torch.bfloat16,eager,forward,5,57.59200155735016,57.95951992273331,57.56160020828247,57.628801465034485,0.0,47185920,1.0,0.30101401736816297
swiglu,512,5120,torch.bfloat16,eager,forward_backward,5,143.2815968990326,144.2251205444336,143.19039583206177,143.4336006641388,0.0,68157440,1.0,0.21090775722426824
swiglu,512,5120,torch.bfloat16,liger,forward,5,21.649599820375443,22.329760491847992,21.52639999985695,21.76320031285286,0.0625,15728640,2.660187811099753,0.8007538199729565
swiglu,512,5120,torch.bfloat16,liger,forward_backward,5,34.302400052547455,34.89647924900055,34.145599603652954,34.39840078353882,0.0625,15728640,4.177013756458474,0.8809646032695726
swiglu,512,5120,torch.bfloat16,tilelang,forward,5,9.947199746966362,10.070080272853374,9.910400211811066,9.961599856615067,0.0,5242880,5.789770289363519,1.7428020144401442
swiglu,512,5120,torch.bfloat16,tilelang,forward_backward,5,23.64800050854683,23.82607989013195,23.556800186634064,23.70079979300499,0.0,15728640,6.05893072639473,1.2778754906811192
swiglu,512,5120,torch.bfloat16,triton,forward,5,9.867199882864952,10.006079785525799,9.865599870681763,9.913600236177444,0.0,5242880,5.836711756226049,1.7569320539615887
swiglu,512,5120,torch.bfloat16,triton,forward_backward,5,23.16960021853447,23.296640068292618,23.124799877405167,23.176000267267227,0.0,15728640,6.184034059612941,1.3042607541114521
swiglu,512,5120,torch.float16,compile,forward,5,9.87359993159771,10.032479986548424,9.854399785399437,9.888000041246414,0.001953125,5242880,5.78998524877696,1.0
swiglu,512,5120,torch.float16,compile,forward_backward,5,22.465600073337555,22.915519922971725,22.44959995150566,22.472000122070312,0.001953125,15728640,6.3425681805262775,1.0
swiglu,512,5120,torch.float16,eager,forward,5,57.16799795627594,57.53215849399567,57.1071982383728,57.287999987602234,0.0,47185920,1.0,0.1727120116948888
swiglu,512,5120,torch.float16,eager,forward_backward,5,142.4896001815796,143.25023770332336,142.26880073547363,142.60160326957703,0.0,68157440,1.0,0.15766484041437998
swiglu,512,5120,torch.float16,liger,forward,5,21.73759937286377,22.38687977194786,21.62720039486885,21.81119993329048,0.0078125,15728640,2.6299131277413212,0.4542175868750007
swiglu,512,5120,torch.float16,liger,forward_backward,5,34.42400097846985,34.95808020234108,34.34079885482788,34.465599060058594,0.0078125,15728640,4.139251572491481,0.6526144386118407
swiglu,512,5120,torch.float16,tilelang,forward,5,9.907200187444687,10.136000029742718,9.865599870681763,9.929600358009338,0.0,5242880,5.770348521747292,0.9966085013716026
swiglu,512,5120,torch.float16,tilelang,forward_backward,5,23.785600066184998,23.94320011138916,23.77920001745224,23.88639971613884,0.0,15728640,5.990582528298336,0.9445042383133301
swiglu,512,5120,torch.float16,triton,forward,5,9.852799773216248,10.000960156321526,9.81760025024414,9.865599870681763,0.001953125,5242880,5.802208435381063,1.0021110911477167
swiglu,512,5120,torch.float16,triton,forward_backward,5,23.09279963374138,23.314399868249893,23.070400208234787,23.14240038394928,0.001953125,15728640,6.1703042697943395,0.972840038005292
swiglu,512,8960,torch.bfloat16,compile,forward,5,29.092800617218018,29.208961129188538,29.05919998884201,29.108799993991852,0.0,9175040,3.9192653005698466,1.0
swiglu,512,8960,torch.bfloat16,compile,forward_backward,5,57.85920023918152,58.5723215341568,57.82560110092163,58.03679823875427,0.0,28573696,4.810215095800905,1.0
swiglu,512,8960,torch.bfloat16,eager,forward,5,114.0224039554596,115.20048022270203,113.8431966304779,114.08319473266602,0.0,84672512,1.0,0.25514986185155764
swiglu,512,8960,torch.bfloat16,eager,forward_backward,5,278.31519842147827,279.09600257873535,278.10559272766113,278.6527991294861,0.0,122421248,1.0,0.2078909113384459
swiglu,512,8960,torch.bfloat16,liger,forward,5,40.02400040626526,40.792319774627686,39.876799285411835,40.10239988565445,0.0625,28573696,2.848850759496065,0.7268838777211261
swiglu,512,8960,torch.bfloat16,liger,forward_backward,5,66.43040180206299,67.38959938287735,66.21440052986145,66.5472000837326,0.0625,28573696,4.189575719423622,0.8709747144324017
swiglu,512,8960,torch.bfloat16,tilelang,forward,5,17.25279986858368,17.447519823908806,17.22399964928627,17.2544002532959,0.0,9175040,6.60892173003685,1.6862654664066599
swiglu,512,8960,torch.bfloat16,tilelang,forward_backward,5,51.366400718688965,52.126878798007965,51.34719908237457,51.420798897743225,0.0,28573696,5.418234381374848,1.1264016833893178
swiglu,512,8960,torch.bfloat16,triton,forward,5,16.062399744987488,16.219840571284294,16.06079936027527,16.08159989118576,0.0,9175040,7.0987153704129415,1.8112362460843912
swiglu,512,8960,torch.bfloat16,triton,forward_backward,5,51.06080174446106,51.975040435791016,51.022398471832275,51.16799771785736,0.0,28573696,5.4506625221894245,1.1331431991362715
swiglu,512,8960,torch.float16,compile,forward,5,16.03200063109398,16.22047983109951,16.008000075817108,16.073600202798843,0.001953125,9175040,7.057983797311499,1.0
swiglu,512,8960,torch.float16,compile,forward_backward,5,49.799999594688416,50.43040096759796,49.75679963827133,49.905599653720856,0.001953125,28573696,5.5619921524141045,1.0
swiglu,512,8960,torch.float16,eager,forward,5,113.15360069274902,113.83231699466705,112.99359798431396,113.22720050811768,0.0,84672512,1.0,0.14168352162850195
swiglu,512,8960,torch.float16,eager,forward_backward,5,276.98720693588257,278.0488049983978,276.92641019821167,277.2592067718506,0.0,122421248,1.0,0.17979169560064265
swiglu,512,8960,torch.float16,liger,forward,5,39.90720063447952,40.46431973576546,39.8704007267952,39.99840021133423,0.0078125,28573696,2.835418142433803,0.40173202770936656
swiglu,512,8960,torch.float16,liger,forward_backward,5,65.96800088882446,66.80127948522568,65.90719819068909,66.14720225334167,0.0078125,28573696,4.198811593558636,0.7549114559135436
swiglu,512,8960,torch.float16,tilelang,forward,5,17.17280000448227,17.561600357294083,17.156799882650375,17.236799746751785,0.0,9175040,6.589117713082015,0.9335694020142009
swiglu,512,8960,torch.float16,tilelang,forward_backward,5,51.64160132408142,52.16112047433853,51.56959891319275,51.74880027770996,0.0,28573696,5.363644810268855,0.9643387950378248
swiglu,512,8960,torch.float16,triton,forward,5,16.038399934768677,16.215199381113052,16.035200655460358,16.091199964284897,0.001953125,9175040,7.055167669653266,0.9996010011160262
swiglu,512,8960,torch.float16,triton,forward_backward,5,51.03520154953003,51.63471847772598,51.0127991437912,51.08480155467987,0.001953125,28573696,5.427375586379619,0.9757970593367239
swiglu,512,18944,torch.bfloat16,compile,forward,5,58.769598603248596,59.296958446502686,58.74239802360535,58.89280140399933,0.0,19398656,4.603659316103785,1.0
swiglu,512,18944,torch.bfloat16,compile,forward_backward,5,120.7535982131958,121.7440003156662,120.63519954681396,120.8687961101532,0.0,60293120,5.118774128672697,1.0
swiglu,512,18944,torch.bfloat16,eager,forward,5,270.5552101135254,271.48831248283386,270.46719789505005,270.7871913909912,0.0,178782208,1.0,0.21721850626564826
swiglu,512,18944,torch.bfloat16,eager,forward_backward,5,618.1103944778442,619.0563058853149,618.0527925491333,618.2848215103149,0.0,258473984,1.0,0.1953592744791224
swiglu,512,18944,torch.bfloat16,liger,forward,5,93.21919977664948,93.82159799337387,93.06080043315887,93.30720007419586,0.0625,60293120,2.902354995127269,0.6304452166941882
swiglu,512,18944,torch.bfloat16,liger,forward_backward,5,159.852796792984,160.84383606910706,159.79999899864197,160.10079979896545,0.0625,60293120,3.8667474506456263,0.7554049765521257
swiglu,512,18944,torch.bfloat16,tilelang,forward,5,41.62240028381348,42.504480481147766,41.48000031709671,41.82240068912506,0.0,19398656,6.500230843696478,1.4119704342496435
swiglu,512,18944,torch.bfloat16,tilelang,forward_backward,5,106.48639798164368,107.25391864776611,106.39680027961731,106.55199885368347,0.0,60293120,5.804594823316263,1.133981433328335
swiglu,512,18944,torch.bfloat16,triton,forward,5,40.84160029888153,41.41728088259697,40.76959937810898,40.90240001678467,0.0,19398656,6.624500708434157,1.4389641486417963
swiglu,512,18944,torch.bfloat16,triton,forward_backward,5,105.72159886360168,106.35631859302521,105.55520057678223,105.82080483436584,0.0,60293120,5.846585760354501,1.1421847523228237
swiglu,512,18944,torch.float16,compile,forward,5,41.27680063247681,42.1281598508358,41.20959937572479,41.30239933729172,0.001953125,19398656,6.514962243133599,1.0
swiglu,512,18944,torch.float16,compile,forward_backward,5,105.63520193099976,106.31552398204803,105.55360317230225,105.72320222854614,0.001953125,60293120,5.832101143362001,1.0
swiglu,512,18944,torch.float16,eager,forward,5,268.91679763793945,269.6774351596832,268.7935948371887,269.1151976585388,0.0,178782208,1.0,0.15349283122153828
swiglu,512,18944,torch.float16,eager,forward_backward,5,616.0751819610596,617.3419260978699,615.6943798065186,617.3040151596069,0.0,258473984,1.0,0.1714647903763094
swiglu,512,18944,torch.float16,liger,forward,5,93.20800006389618,93.71343851089478,93.11839938163757,93.29439997673035,0.0078125,60293120,2.8851257129601637,0.4428461141123147
swiglu,512,18944,torch.float16,liger,forward_backward,5,159.44799780845642,160.21247923374176,159.39520001411438,159.68639850616455,0.0078125,60293120,3.86380005035338,0.6625056656898161
swiglu,512,18944,torch.float16,tilelang,forward,5,41.569600999355316,42.59504035115242,41.491200029850006,41.6592001914978,0.0,19398656,6.469073341409025,0.9929563825526483
swiglu,512,18944,torch.float16,tilelang,forward_backward,5,106.98559880256653,107.74912238121033,106.96319937705994,107.03999996185303,0.0,60293120,5.758487019341525,0.9873777696560934
swiglu,512,18944,torch.float16,triton,forward,5,40.830400586128235,41.472319066524506,40.81120043992996,40.960000455379486,0.001953125,19398656,6.586190529056468,1.0109330312693585
swiglu,512,18944,torch.float16,triton,forward_backward,5,105.81759810447693,106.37775838375092,105.67359924316406,105.88319897651672,0.001953125,60293120,5.822048439927637,0.9982763153129115
swiglu,2048,1536,torch.bfloat16,compile,forward,5,20.587199926376343,20.81920050084591,20.5424003303051,20.600000023841858,0.0,6291456,3.4841066439989588,1.0
swiglu,2048,1536,torch.bfloat16,compile,forward_backward,5,36.6799995303154,37.02528014779091,36.65280044078827,36.71199977397919,0.0,18874368,4.922704450291972,1.0
swiglu,2048,1536,torch.bfloat16,eager,forward,5,71.72800004482269,72.33727872371674,71.66719734668732,71.88000082969666,0.0,56623104,1.0,0.2870176209222541
swiglu,2048,1536,torch.bfloat16,eager,forward_backward,5,180.56479692459106,181.44223809242249,180.26559948921204,180.64000010490417,0.0,81788928,1.0,0.2031403693026277
swiglu,2048,1536,torch.bfloat16,liger,forward,5,27.064000070095062,27.90959984064102,26.93440020084381,27.12799906730652,0.0625,18874368,2.6503103701983823,0.7606857771599181
swiglu,2048,1536,torch.bfloat16,liger,forward_backward,5,38.06240111589432,38.7513592839241,37.92800009250641,38.100799918174744,0.0625,18874368,4.743915035070916,0.9636806521645938
swiglu,2048,1536,torch.bfloat16,tilelang,forward,5,11.777600273489952,11.98271993547678,11.760000139474869,11.908799782395363,0.0,6291456,6.090204997555769,1.7479961493272789
swiglu,2048,1536,torch.bfloat16,tilelang,forward_backward,5,30.287998914718628,30.869761109352112,30.222401022911072,30.380800366401672,0.0,18874368,5.961595463371618,1.2110407040621802
swiglu,2048,1536,torch.bfloat16,triton,forward,5,11.646400019526482,11.82927992194891,11.641599982976913,11.819199845194817,0.0,6291456,6.158813017289698,1.7676878599274986
swiglu,2048,1536,torch.bfloat16,triton,forward_backward,5,29.681599140167236,30.601919889450073,29.398399591445923,29.844801127910614,0.0,18874368,6.0833918035176895,1.2357824575791616
swiglu,2048,1536,torch.float16,compile,forward,5,11.65120005607605,11.793279983103275,11.628799885511398,11.657600104808807,0.001953125,6291456,6.099011278697448,1.0
swiglu,2048,1536,torch.float16,compile,forward_backward,5,28.497600555419922,29.160160273313522,28.463999927043915,28.521600365638733,0.001953125,18874368,6.304306285744882,1.0
swiglu,2048,1536,torch.float16,eager,forward,5,71.06080055236816,71.6215980052948,71.01439833641052,71.0752010345459,0.0,56623104,1.0,0.16396100192383442
swiglu,2048,1536,torch.float16,eager,forward_backward,5,179.65760231018066,180.66015660762787,179.45600152015686,179.87520098686218,0.0,81788928,1.0,0.15862173483879924
swiglu,2048,1536,torch.float16,liger,forward,5,27.03840136528015,27.93151944875717,26.899199187755585,27.09439992904663,0.0078125,18874368,2.6281435648638944,0.430913052094762
swiglu,2048,1536,torch.float16,liger,forward_backward,5,37.907201051712036,38.774079382419586,37.755198776721954,37.94399946928024,0.0078125,18874368,4.73940563601877,0.75177274409008
swiglu,2048,1536,torch.float16,tilelang,forward,5,11.745600029826164,11.931999884545803,11.719999834895134,11.777600273489952,0.0,6291456,6.049993220603466,0.9919629500825501
swiglu,2048,1536,torch.float16,tilelang,forward_backward,5,30.30720055103302,31.058719903230667,30.212800204753876,30.4639995098114,0.0,18874368,5.927885091454184,0.9402914171315166
swiglu,2048,1536,torch.float16,triton,forward,5,11.659200116991997,11.841600351035595,11.611199751496315,11.680000275373459,0.001953125,6291456,6.094826389402554,0.9993138413582688
swiglu,2048,1536,torch.float16,triton,forward_backward,5,29.742400348186493,30.51487907767296,29.470400512218475,29.788801074028015,0.001953125,18874368,6.040454038913341,0.9581472988664659
swiglu,2048,3584,torch.bfloat16,compile,forward,5,45.08320093154907,45.525921285152435,45.078399777412415,45.211200416088104,0.0,14680064,4.611349515700372,1.0
swiglu,2048,3584,torch.bfloat16,compile,forward_backward,5,92.38719940185547,92.78927832841873,92.22559928894043,92.44959950447083,0.0,44040192,5.153372129032258,1.0
swiglu,2048,3584,torch.bfloat16,eager,forward,5,207.8943967819214,208.69616746902466,207.87519216537476,208.08000564575195,0.0,132120576,1.0,0.2168562579338816
swiglu,2048,3584,torch.bfloat16,eager,forward_backward,5,476.1056184768677,477.01998710632324,475.83038806915283,476.27360820770264,0.0,190840832,1.0,0.1940476982763106
swiglu,2048,3584,torch.bfloat16,liger,forward,5,66.7743980884552,67.26784020662308,66.50400161743164,66.83520078659058,0.0625,44040192,3.113384811144629,0.675156979653009
swiglu,2048,3584,torch.bfloat16,liger,forward_backward,5,115.8191978931427,116.52319610118866,115.70719480514526,115.90720415115356,0.0625,44040192,4.110765979541086,0.7976846764825112
swiglu,2048,3584,torch.bfloat16,tilelang,forward,5,31.998400390148163,32.856800854206085,31.84960037469864,32.05439895391464,0.0,14680064,6.497024671456046,1.4089204579560648
swiglu,2048,3584,torch.bfloat16,tilelang,forward_backward,5,82.30080008506775,82.99984037876129,82.18240141868591,82.31200277805328,0.0,44040192,5.784945200833472,1.1225553008763247
swiglu,2048,3584,torch.bfloat16,triton,forward,5,31.564800441265106,32.1388803422451,31.486399471759796,31.58400058746338,0.0,14680064,6.586273123087391,1.4282745432032313
swiglu,2048,3584,torch.bfloat16,triton,forward_backward,5,81.61759972572327,82.44959890842438,81.5887987613678,81.71519935131073,0.0,44040192,5.833369519280464,1.1319519284115624
swiglu,2048,3584,torch.float16,compile,forward,5,31.87039941549301,32.64416038990021,31.76639974117279,31.89759999513626,0.00390625,14680064,6.480646710706909,1.0
swiglu,2048,3584,torch.float16,compile,forward_backward,5,81.55360221862793,82.15904116630554,81.49600028991699,81.63359761238098,0.00390625,44040192,5.812815039206503,1.0
swiglu,2048,3584,torch.float16,eager,forward,5,206.54079914093018,207.36592292785645,206.4047932624817,206.71840906143188,0.0,132120576,1.0,0.15430558779694997
swiglu,2048,3584,torch.float16,eager,forward_backward,5,474.0560054779053,475.11104106903076,473.7423896789551,474.14400577545166,0.0,190840832,1.0,0.17203368647637346
swiglu,2048,3584,torch.float16,liger,forward,5,66.49120151996613,67.11599946022034,66.42560064792633,66.66560173034668,0.0078125,44040192,3.1062876654275775,0.47931754408021787
swiglu,2048,3584,torch.float16,liger,forward_backward,5,115.59199690818787,116.06160163879395,115.50080180168152,115.64480066299438,0.0078125,44040192,4.101114421048002,0.7055298325143057
swiglu,2048,3584,torch.float16,tilelang,forward,5,31.960000097751617,32.80032008886337,31.812800467014313,32.07679986953735,0.0,14680064,6.462478050976611,0.9971964742808337
swiglu,2048,3584,torch.float16,tilelang,forward_backward,5,82.58880078792572,83.18288028240204,82.38399922847748,82.64000117778778,0.0,44040192,5.7399550660046765,0.98746563021352
swiglu,2048,3584,torch.float16,triton,forward,5,31.536000967025757,32.20672011375427,31.464000046253204,31.641601026058197,0.00390625,14680064,6.549365576088438,1.0106037049154364
swiglu,2048,3584,torch.float16,triton,forward_backward,5,81.63359761238098,82.22415894269943,81.44479990005493,81.76479935646057,0.00390625,44040192,5.807118874373943,0.9990200677650777
swiglu,2048,5120,torch.bfloat16,compile,forward,5,63.32959830760956,63.705120384693146,63.283199071884155,63.372802734375,0.0,20971520,4.586064292953652,1.0
swiglu,2048,5120,torch.bfloat16,compile,forward_backward,5,130.3887963294983,131.10207676887512,130.33759593963623,130.57760000228882,0.0,62914560,5.0906705687292835,1.0
swiglu,2048,5120,torch.bfloat16,eager,forward,5,290.4336094856262,291.2123239040375,290.2400016784668,290.4976010322571,0.0,188743680,1.0,0.21805189289135557
swiglu,2048,5120,torch.bfloat16,eager,forward_backward,5,663.7664079666138,664.7531270980835,663.53759765625,663.8832092285156,0.0,272629760,1.0,0.19643777504338034
swiglu,2048,5120,torch.bfloat16,liger,forward,5,97.18879759311676,97.75616228580475,97.15199768543243,97.26400077342987,0.0625,62914560,2.9883445075792943,0.651614176489151
swiglu,2048,5120,torch.bfloat16,liger,forward_backward,5,167.60799884796143,168.06271970272064,167.27360486984253,167.68319606781006,0.0625,62914560,3.9602310899775235,0.7779389839728057
swiglu,2048,5120,torch.bfloat16,tilelang,forward,5,44.84800100326538,45.72335973381996,44.76319998502731,44.85920071601868,0.0,20971520,6.475954401278215,1.4120941154768198
swiglu,2048,5120,torch.bfloat16,tilelang,forward_backward,5,114.88319635391235,115.66448032855988,114.77439999580383,115.22079706192017,0.0,62914560,5.777750176116241,1.134968389352773
swiglu,2048,5120,torch.bfloat16,triton,forward,5,44.15359944105148,44.72432032227516,43.87679994106293,44.172799587249756,0.0,20971520,6.577801428700686,1.4343020525916474
swiglu,2048,5120,torch.bfloat16,triton,forward_backward,5,114.0656054019928,114.73344206809998,113.95519971847534,114.1871988773346,0.0,62914560,5.81916350355878,1.1431035312527287
swiglu,2048,5120,torch.float16,compile,forward,5,44.47840005159378,45.66640019416809,44.42719966173172,44.652800261974335,0.00390625,20971520,6.488470733090133,1.0
swiglu,2048,5120,torch.float16,compile,forward_backward,5,113.81120085716248,114.37808096408844,113.71839642524719,113.82400393486023,0.00390625,62914560,5.807934503770251,1.0
swiglu,2048,5120,torch.float16,eager,forward,5,288.5967969894409,289.32543873786926,288.54559659957886,288.6911988258362,0.0,188743680,1.0,0.1541195207832509
swiglu,2048,5120,torch.float16,eager,forward_backward,5,661.0080003738403,662.3764824867249,660.8000040054321,661.2848043441772,0.0,272629760,1.0,0.17217825017669272
swiglu,2048,5120,torch.float16,liger,forward,5,97.17120230197906,97.59920090436935,97.07520008087158,97.35679924488068,0.0078125,62914560,2.969982774243837,0.45773232190097024
swiglu,2048,5120,torch.float16,liger,forward_backward,5,167.51039624214172,168.36367845535278,167.4463987350464,167.86240339279175,0.0078125,62914560,3.946071498859878,0.6794276857458129
swiglu,2048,5120,torch.float16,tilelang,forward,5,44.86079961061478,45.60287922620773,44.79680061340332,44.90239918231964,0.0,20971520,6.43316212582966,0.9914758639538268
swiglu,2048,5120,torch.float16,tilelang,forward_backward,5,115.31360149383545,116.00047886371613,115.15679955482483,115.35680294036865,0.0,62914560,5.732263946410321,0.9869711758438723
swiglu,2048,5120,torch.float16,triton,forward,5,44.15200054645538,44.74176004528999,44.040000438690186,44.21599954366684,0.00390625,20971520,6.5364376113781795,1.0073926322952222
swiglu,2048,5120,torch.float16,triton,forward_backward,5,113.85279893875122,114.53568160533905,113.7615978717804,113.95519971847534,0.00390625,62914560,5.80581247483814,0.9996346327716447
swiglu,2048,8960,torch.bfloat16,compile,forward,5,108.88640284538269,109.47184264659882,108.83519649505615,109.0287983417511,0.0,36700160,4.514767512583543,1.0
swiglu,2048,8960,torch.bfloat16,compile,forward_backward,5,225.95839500427246,230.9592080116272,224.37599897384644,226.36640071868896,0.0,112197632,4.981108073938563,1.0
swiglu,2048,8960,torch.bfloat16,eager,forward,5,491.59679412841797,492.46943712234497,491.0752058029175,492.44961738586426,0.0,330301440,1.0,0.2214953477034651
swiglu,2048,8960,torch.bfloat16,eager,forward_backward,5,1125.5231857299805,1128.5287809371948,1125.428819656372,1125.979232788086,0.0,477102080,1.0,0.2007585431105292
swiglu,2048,8960,torch.bfloat16,liger,forward,5,163.87839913368225,164.5692801475525,163.7712001800537,163.96480202674866,0.0625,112197632,2.99976565994767,0.6644341378790236
swiglu,2048,8960,torch.bfloat16,liger,forward_backward,5,284.3247890472412,285.76719522476196,284.2960000038147,284.5744013786316,0.0625,112197632,3.958582681100564,0.794719291840322
swiglu,2048,8960,torch.bfloat16,tilelang,forward,5,76.0127991437912,76.85952186584473,75.86880028247833,76.08800232410431,0.0,36700160,6.467289715229124,1.4324745841737185
swiglu,2048,8960,torch.bfloat16,tilelang,forward_backward,5,195.81760168075562,197.11935818195343,195.5615997314453,196.0159957408905,0.0,112197632,5.747814170275346,1.1539227988945338
swiglu,2048,8960,torch.bfloat16,triton,forward,5,73.97440075874329,74.64015930891037,73.86239767074585,74.05759990215302,0.0,36700160,6.645498835897153,1.4719470753200126
swiglu,2048,8960,torch.bfloat16,triton,forward_backward,5,193.73599886894226,194.72672164440155,193.68159770965576,193.92800331115723,0.0,112197632,5.809571748673151,1.1663211603597112
swiglu,2048,8960,torch.float16,compile,forward,5,74.88320171833038,76.53791934251785,74.49280023574829,75.00799894332886,0.00390625,36700160,6.533545182914081,1.0
swiglu,2048,8960,torch.float16,compile,forward_backward,5,193.9855992794037,194.86736178398132,193.8223958015442,194.14560198783875,0.00390625,112197632,5.784396269049899,1.0
swiglu,2048,8960,torch.float16,eager,forward,5,489.25278186798096,490.014865398407,489.05439376831055,489.5983934402466,0.0,330301440,1.0,0.1530562614941589
swiglu,2048,8960,torch.float16,eager,forward_backward,5,1122.0895767211914,1123.005084991455,1121.8384265899658,1124.025583267212,0.0,477102080,1.0,0.17287888890853123
swiglu,2048,8960,torch.float16,liger,forward,5,163.64480257034302,164.31119799613953,163.4928047657013,163.7440025806427,0.0078125,112197632,2.9897239275758527,0.45759596725439355
swiglu,2048,8960,torch.float16,liger,forward_backward,5,284.58399772644043,285.6345558166504,284.21759605407715,284.7024083137512,0.0078125,112197632,3.942911708619023,0.6816461952504952
swiglu,2048,8960,torch.float16,tilelang,forward,5,75.97599923610687,76.73023998737335,75.85119903087616,75.98400115966797,0.0,36700160,6.439570216741134,0.9856165430035285
swiglu,2048,8960,torch.float16,tilelang,forward_backward,5,197.1455991268158,199.0092796087265,197.11999893188477,197.353595495224,0.0,112197632,5.691679559123187,0.9839712382046154
swiglu,2048,8960,torch.float16,triton,forward,5,74.04320240020752,74.61055815219879,74.00319874286652,74.1888016462326,0.00390625,36700160,6.607666416473226,1.011344718905898
swiglu,2048,8960,torch.float16,triton,forward_backward,5,194.26560401916504,195.4012817144394,194.20959949493408,194.42560076713562,0.00390625,112197632,5.776058929147813,0.9985586499412746
swiglu,2048,18944,torch.bfloat16,compile,forward,5,227.22400426864624,232.26896166801453,227.1615982055664,229.40640449523926,0.0,77594624,4.46502114718321,1.0
swiglu,2048,18944,torch.bfloat16,compile,forward_backward,5,488.56639862060547,491.1315155029297,486.33599281311035,490.86718559265137,0.0,232783872,4.763592355245667,1.0
swiglu,2048,18944,torch.bfloat16,eager,forward,5,1014.5599842071533,1017.3558712005615,1014.5552158355713,1016.7567729949951,0.0,698351616,1.0,0.22396310499690628
swiglu,2048,18944,torch.bfloat16,eager,forward_backward,5,2327.3311614990234,2343.8198280334473,2326.7279624938965,2330.393600463867,0.0,1008730112,1.0,0.20992560349938427
swiglu,2048,18944,torch.bfloat16,liger,forward,5,339.80159759521484,341.02416038513184,339.5599961280823,339.86239433288574,0.0625,232783872,2.985742243083087,0.6686961034813159
swiglu,2048,18944,torch.bfloat16,liger,forward_backward,5,586.9263887405396,588.0926322937012,586.5936040878296,587.3807907104492,0.0625,232783872,3.965286288273977,0.832415117113748
swiglu,2048,18944,torch.bfloat16,tilelang,forward,5,158.58240127563477,161.30928337574005,158.5696041584015,158.78719687461853,0.0,77594624,6.397683324543241,1.4328450221516342
swiglu,2048,18944,torch.bfloat16,tilelang,forward_backward,5,411.2048149108887,413.2153582572937,410.6880187988281,411.5648031234741,0.0,232783872,5.659785773674305,1.188133944215808
swiglu,2048,18944,torch.bfloat16,triton,forward,5,153.91200184822083,157.34288275241852,153.84159684181213,154.08639907836914,0.0,77594624,6.591818519829624,1.4763241432771532
swiglu,2048,18944,torch.bfloat16,triton,forward_backward,5,404.81600761413574,406.32624864578247,404.63199615478516,405.2543878555298,0.0,232783872,5.749108527638558,1.2068850772479809
swiglu,2048,18944,torch.float16,compile,forward,5,156.6160023212433,159.09456074237823,155.13919591903687,157.17599987983704,0.00390625,77594624,6.46480029822112,1.0
swiglu,2048,18944,torch.float16,compile,forward_backward,5,405.5824041366577,407.9379415512085,405.4960012435913,406.64639472961426,0.00390625,232783872,5.728228767613452,1.0
swiglu,2048,18944,torch.float16,eager,forward,5,1012.4911785125732,1014.6897506713867,1011.140775680542,1014.4864082336426,0.0,698351616,1.0,0.15468381912356424
swiglu,2048,18944,torch.float16,eager,forward_backward,5,2323.2687950134277,2340.255699157715,2322.7439880371094,2325.224018096924,0.0,1008730112,1.0,0.17457403336505176
swiglu,2048,18944,torch.float16,liger,forward,5,339.51520919799805,341.4134478569031,339.06720876693726,339.6864056587219,0.0078125,232783872,2.9821673700694507,0.46129303806801825
swiglu,2048,18944,torch.float16,liger,forward_backward,5,587.0959997177124,587.9200077056885,586.843204498291,587.3136043548584,0.0078125,232783872,3.9572212996349867,0.6908280831953717
swiglu,2048,18944,torch.float16,tilelang,forward,5,158.2207977771759,161.09920024871826,157.8752040863037,158.79039764404297,0.0,77594624,6.399229385371168,0.989857240776951
swiglu,2048,18944,torch.float16,tilelang,forward_backward,5,415.2496099472046,418.04272651672363,414.48800563812256,415.4047966003418,0.0,232783872,5.594872913447917,0.976719530665481
swiglu,2048,18944,torch.float16,triton,forward,5,153.6575973033905,157.1835207939148,153.47520112991333,153.79680395126343,0.00390625,77594624,6.589268583403993,1.0192532297118477
swiglu,2048,18944,torch.float16,triton,forward_backward,5,406.0111999511719,407.3200035095215,405.129599571228,406.4192056655884,0.00390625,232783872,5.722179081002768,0.9989438818077784
w4a16,1,1536,torch.bfloat16,cublas_dense,forward,5,6.828799843788147,6.988639906048775,6.823999807238579,6.8431999534368515,0.06082725524902344,3072,9.429475007255501,1.0
w4a16,1,1536,torch.bfloat16,tilelang,forward,5,28.82559895515442,29.11583960056305,28.79999876022339,28.969600796699524,0.06082725524902344,3072,2.2338476836761934,0.23690053602744177
w4a16,1,1536,torch.bfloat16,triton,forward,5,45.22079974412918,45.448640286922455,45.105600357055664,45.34880071878433,0.06082725524902344,3072,1.4239464543063578,0.15101015201914247
w4a16,1,1536,torch.bfloat16,unfused,forward,5,64.3919974565506,64.6772825717926,64.33919966220856,64.73279893398285,0.06082725524902344,28385280,1.0,0.10605044281156172
w4a16,1,1536,torch.float16,cublas_dense,forward,5,6.782400235533714,6.9281598553061485,6.76800012588501,6.811199709773064,0.00772857666015625,3072,9.512856683598656,1.0
w4a16,1,1536,torch.float16,tilelang,forward,5,30.860799551010132,31.485759913921356,30.662399530410767,30.99679946899414,0.00772857666015625,3072,2.0906782180024925,0.2197739635463111
w4a16,1,1536,torch.float16,triton,forward,5,45.38719952106476,45.795680433511734,45.367999374866486,45.73599994182587,0.00772857666015625,3072,1.4215462088929602,0.1494342084795498
w4a16,1,1536,torch.float16,unfused,forward,5,64.52000141143799,64.79072004556656,64.4432008266449,64.62720036506653,0.00772857666015625,28385280,1.0,0.10512089409736657
w4a16,1,3584,torch.bfloat16,cublas_dense,forward,5,16.600000113248825,18.423999771475785,16.575999557971954,16.635199636220932,0.12240219116210938,7168,20.19296411158582,1.0
w4a16,1,3584,torch.bfloat16,tilelang,forward,5,64.99359905719757,65.19120037555695,64.9728000164032,65.28000235557556,0.12240219116210938,7168,5.157480296546722,0.2554097688703161
w4a16,1,3584,torch.bfloat16,triton,forward,5,102.04800367355347,102.20287799835205,102.0255982875824,102.69120335578918,0.12240219116210938,7168,3.284760058721507,0.16266854338818237
w4a16,1,3584,torch.bfloat16,unfused,forward,5,335.20320653915405,336.32816672325134,334.81600284576416,336.38720512390137,0.12240219116210938,157687808,1.0,0.04952219963716197
w4a16,1,3584,torch.float16,cublas_dense,forward,5,16.620799899101257,16.78191989660263,16.579200327396393,16.64479970932007,0.0143890380859375,7168,20.141797717954855,1.0
w4a16,1,3584,torch.float16,tilelang,forward,5,69.24160122871399,69.4267201423645,69.22880113124847,69.96639966964722,0.0143890380859375,7168,4.8348504878231235,0.2400406634762908
w4a16,1,3584,torch.float16,triton,forward,5,103.68160009384155,103.77871811389923,103.04160118103027,103.68639826774597,0.0143890380859375,7168,3.2288543885829433,0.16030616699643793
w4a16,1,3584,torch.float16,unfused,forward,5,334.772789478302,336.1191987991333,334.5952033996582,335.0256085395813,0.0143890380859375,157687808,1.0,0.04964800133548046
w4a16,32,1536,torch.bfloat16,cublas_dense,forward,5,8.371199667453766,8.489920161664486,8.356800302863121,8.377599716186523,0.0979156494140625,98304,7.88130763248429,1.0
w4a16,32,1536,torch.bfloat16,tilelang,forward,5,27.54560112953186,27.78111919760704,27.380800247192383,27.609600126743317,0.0979156494140625,98304,2.3951555648360827,0.3039033211905089
w4a16,32,1536,torch.bfloat16,triton,forward,5,45.09760141372681,45.251841098070145,44.808000326156616,45.11840045452118,0.0979156494140625,98304,1.4629602853350765,0.18562405549368619
w4a16,32,1536,torch.bfloat16,unfused,forward,5,65.97599983215332,66.13136112689972,65.79359769821167,65.99040031433105,0.0979156494140625,28385280,1.0,0.1268824980106489
w4a16,32,1536,torch.float16,cublas_dense,forward,5,6.760000064969063,6.87311977148056,6.753600016236305,6.772800162434578,0.01500701904296875,98304,9.551478909924962,1.0
w4a16,32,1536,torch.float16,tilelang,forward,5,28.391999006271362,28.520160019397736,28.232000768184662,28.403200209140778,0.01500701904296875,98304,2.274161746673113,0.23809524871693188
w4a16,32,1536,torch.float16,triton,forward,5,45.57119905948639,45.68223908543587,45.30560076236725,45.57279944419861,0.01500701904296875,98304,1.4168597575709936,0.1483393065024445
w4a16,32,1536,torch.float16,unfused,forward,5,64.56799805164337,64.79599922895432,64.42079842090607,64.59679901599884,0.01500701904296875,28385280,1.0,0.10469582872249217
w4a16,32,3584,torch.bfloat16,cublas_dense,forward,5,16.737599670886993,16.93280003964901,16.681600362062454,16.793599724769592,0.12506866455078125,229376,20.13966188743238,1.0
w4a16,32,3584,torch.bfloat16,tilelang,forward,5,74.55360293388367,75.14623910188675,74.51199889183044,74.87200200557709,0.12506866455078125,229376,4.5214394061921395,0.22450423604249403
w4a16,32,3584,torch.bfloat16,triton,forward,5,125.0048041343689,125.16544044017792,124.52799677848816,125.07039904594421,0.12506866455078125,229376,2.6966131462957423,0.13389565134549214
w4a16,32,3584,torch.bfloat16,unfused,forward,5,337.0895981788635,337.8927969932556,336.9455933570862,337.34240531921387,0.12506866455078125,157687808,1.0,0.04965326655379569
w4a16,32,3584,torch.float16,cublas_dense,forward,5,16.767999529838562,16.998560205101967,16.660799831151962,16.830400377511978,0.0157470703125,229376,20.118893638515665,1.0
w4a16,32,3584,torch.float16,tilelang,forward,5,75.49920082092285,76.12671911716461,75.43520033359528,75.94079971313477,0.0157470703125,229376,4.468306888064608,0.22209505991474945
w4a16,32,3584,torch.float16,triton,forward,5,124.74720478057861,125.10208070278168,124.04320240020752,124.79199767112732,0.0157470703125,229376,2.704297861141526,0.13441583368005938
w4a16,32,3584,torch.float16,unfused,forward,5,337.3535990715027,338.5257661342621,337.172794342041,337.86879777908325,0.0157470703125,157687808,1.0,0.049704522423916854
w4a16,128,1536,torch.bfloat16,cublas_dense,forward,5,9.702400118112564,9.839360006153584,9.68639999628067,9.723200276494026,0.12421417236328125,393216,6.926451088940153,1.0
w4a16,128,1536,torch.bfloat16,tilelang,forward,5,34.567999839782715,34.800959676504135,34.52640026807785,34.6656009554863,0.12421417236328125,393216,1.9440870219541246,0.2806757742155078
w4a16,128,1536,torch.bfloat16,triton,forward,5,55.89119791984558,56.029760241508484,55.70400059223175,56.07039928436279,0.12421417236328125,393216,1.2023932634224619,0.17359442057454064
w4a16,128,1536,torch.bfloat16,unfused,forward,5,67.20319986343384,67.51103907823563,67.12799966335297,67.3471987247467,0.12421417236328125,28385280,1.0,0.1443740794758163
w4a16,128,1536,torch.float16,cublas_dense,forward,5,9.718400239944458,9.846720062196255,9.710400179028511,9.743999689817429,0.01496124267578125,393216,6.927066128501046,1.0
w4a16,128,1536,torch.float16,tilelang,forward,5,34.94879901409149,35.11280104517937,34.89440083503723,35.08640080690384,0.01496124267578125,393216,1.9262464812651219,0.2780753706594027
w4a16,128,1536,torch.float16,triton,forward,5,55.55520057678223,56.05136156082153,55.27839958667755,55.587199330329895,0.01496124267578125,393216,1.2117677629890558,0.1749323220697001
w4a16,128,1536,torch.float16,unfused,forward,5,67.3200011253357,67.59807825088501,67.22239851951599,67.46079921722412,0.01496124267578125,28385280,1.0,0.14436126080644057
w4a16,128,3584,torch.bfloat16,cublas_dense,forward,5,29.336000978946686,29.55680012702942,29.281599819660187,29.374399781227112,0.12519073486328125,917504,11.766838690008365,1.0
w4a16,128,3584,torch.bfloat16,tilelang,forward,5,145.415997505188,145.74703931808472,145.15519738197327,145.6719994544983,0.12519073486328125,917504,2.373824044475421,0.20173847088522753
w4a16,128,3584,torch.bfloat16,triton,forward,5,277.66079902648926,278.41983914375305,277.4079918861389,277.80959606170654,0.12507247924804688,917504,1.243214715723199,0.10565409694779415
w4a16,128,3584,torch.bfloat16,unfused,forward,5,345.1919913291931,346.38479828834534,345.1135993003845,345.4256057739258,0.12519073486328125,157687808,1.0,0.08498459325775708
w4a16,128,3584,torch.float16,cublas_dense,forward,5,43.04960072040558,43.37184086441994,43.01600009202957,43.12160015106201,0.015869140625,917504,8.259161460788398,1.0
w4a16,128,3584,torch.float16,tilelang,forward,5,145.65919637680054,146.2308794260025,145.34399509429932,146.4143991470337,0.015869140625,917504,2.4409966003968155,0.29555017322107224
w4a16,128,3584,torch.float16,triton,forward,5,277.7984023094177,278.3809554576874,277.56320238113403,277.9807925224304,0.015869140625,917504,1.2798979411561884,0.15496705655080056
w4a16,128,3584,torch.float16,unfused,forward,5,355.55360317230225,356.94495916366577,355.40000200271606,357.40959644317627,0.015869140625,157687808,1.0,0.12107766687304143
w4a16,512,1536,torch.bfloat16,cublas_dense,forward,5,17.243199795484543,17.424799650907516,17.21920073032379,17.267200350761414,0.12435150146484375,1572864,4.343138232183465,1.0
w4a16,512,1536,torch.bfloat16,tilelang,forward,5,95.78559994697571,95.99760264158249,95.67359983921051,96.06720209121704,0.12435150146484375,1572864,0.7818461263321821,0.18001870641338477
w4a16,512,1536,torch.bfloat16,triton,forward,5,187.0415985584259,187.22287952899933,186.7024004459381,187.07679510116577,0.12435150146484375,1572864,0.40039007821863687,0.09218911690437842
w4a16,512,1536,torch.bfloat16,unfused,forward,5,74.88960027694702,75.11775821447372,74.81279969215393,74.92160201072693,0.12435150146484375,28385280,1.0,0.2302482551878762
w4a16,512,1536,torch.float16,cublas_dense,forward,5,16.85439944267273,17.007679790258408,16.817600280046463,16.867199540138245,0.015178680419921875,1572864,4.37545102926443,1.0
w4a16,512,1536,torch.float16,tilelang,forward,5,95.95199823379517,96.25887751579285,95.80000042915344,96.08160257339478,0.015178680419921875,1572864,0.768567624922087,0.17565449133852906
w4a16,512,1536,torch.float16,triton,forward,5,187.20800280570984,187.43632316589355,187.18720078468323,187.2368037700653,0.015178680419921875,1572864,0.393923327442426,0.0900303362573914
w4a16,512,1536,torch.float16,unfused,forward,5,73.74559938907623,74.00991946458817,73.72640073299408,73.88480007648468,0.015178680419921875,28385280,1.0,0.2285478670225485
w4a16,512,3584,torch.bfloat16,cublas_dense,forward,5,91.56799912452698,92.51856029033661,91.32319986820221,92.35360026359558,0.12519454956054688,3670016,4.444085331866217,1.0
w4a16,512,3584,torch.bfloat16,tilelang,forward,5,469.14238929748535,472.0307230949402,464.14079666137695,469.34399604797363,0.12519454956054688,3670016,0.8674040356639121,0.19518167876845444
w4a16,512,3584,torch.bfloat16,triton,forward,5,906.169605255127,912.631516456604,905.9919834136963,915.9471988677979,0.12519454956054688,3670016,0.449072667431919,0.10104951500635086
w4a16,512,3584,torch.bfloat16,unfused,forward,5,406.9360017776489,407.73632526397705,405.1647901535034,407.01918601989746,0.12519454956054688,157687808,1.0,0.2250181815433475
w4a16,512,3584,torch.float16,cublas_dense,forward,5,98.28479886054993,98.69327992200851,97.88319766521454,99.12959933280945,0.0158843994140625,3670016,4.192176174673593,1.0
w4a16,512,3584,torch.float16,tilelang,forward,5,469.9632167816162,473.4745502471924,464.82720375061035,470.20161151885986,0.0158843994140625,3670016,0.8767222144265082,0.20913296051895308
w4a16,512,3584,torch.float16,triton,forward,5,907.092809677124,914.1163015365601,897.4751949310303,914.0864372253418,0.015911102294921875,3670016,0.45422826387791904,0.10835142535804468
w4a16,512,3584,torch.float16,unfused,forward,5,412.0271921157837,412.8708744049072,409.71360206604004,412.4272108078003,0.0158843994140625,157687808,1.0,0.23853959335997157
